prompt_strategy,automl,task,dataset,llm_summarizer,summarization_prompt,judging_llm,judging_prompt,metric,score,label
HIERARCHICAL_PROMPTING,ALPHA-AUTOML,REGRESSION,advertising_dataset,llama4,Hierarchical_prompt,llama4,zeroshot_judging,Accuracy,3,Good
HIERARCHICAL_PROMPTING,ALPHA-AUTOML,REGRESSION,advertising_dataset,llama4,Hierarchical_prompt,llama4,zeroshot_judging,Clarity,3,Good
HIERARCHICAL_PROMPTING,ALPHA-AUTOML,REGRESSION,advertising_dataset,llama4,Hierarchical_prompt,llama4,zeroshot_judging,Completeness,2,Average
HIERARCHICAL_PROMPTING,ALPHA-AUTOML,REGRESSION,advertising_dataset,llama4,Hierarchical_prompt,llama4,zeroshot_judging,Relevance,2,Average
HIERARCHICAL_PROMPTING,ALPHA-AUTOML,REGRESSION,advertising_dataset,llama4,Hierarchical_prompt,deepseek-r1:14b,zeroshot_judging,Accuracy,2,Fair
HIERARCHICAL_PROMPTING,ALPHA-AUTOML,REGRESSION,advertising_dataset,llama4,Hierarchical_prompt,deepseek-r1:14b,zeroshot_judging,Clarity,3,Good
HIERARCHICAL_PROMPTING,ALPHA-AUTOML,REGRESSION,advertising_dataset,llama4,Hierarchical_prompt,deepseek-r1:14b,zeroshot_judging,Completeness,2,Fair
HIERARCHICAL_PROMPTING,ALPHA-AUTOML,REGRESSION,advertising_dataset,llama4,Hierarchical_prompt,deepseek-r1:14b,zeroshot_judging,Relevance,2,Fair
HIERARCHICAL_PROMPTING,ALPHA-AUTOML,REGRESSION,advertising_dataset,llama4,Hierarchical_prompt,llama4,zeroshot_judging,Accuracy,3,Good
HIERARCHICAL_PROMPTING,ALPHA-AUTOML,REGRESSION,advertising_dataset,llama4,Hierarchical_prompt,llama4,zeroshot_judging,Clarity,3,Good
HIERARCHICAL_PROMPTING,ALPHA-AUTOML,REGRESSION,advertising_dataset,llama4,Hierarchical_prompt,llama4,zeroshot_judging,Completeness,2,Average
HIERARCHICAL_PROMPTING,ALPHA-AUTOML,REGRESSION,advertising_dataset,llama4,Hierarchical_prompt,llama4,zeroshot_judging,Relevance,2,Average
HIERARCHICAL_PROMPTING,ALPHA-AUTOML,REGRESSION,advertising_dataset,llama4,Hierarchical_prompt,deepseek-r1:14b,zeroshot_judging,Accuracy,2,Fair
HIERARCHICAL_PROMPTING,ALPHA-AUTOML,REGRESSION,advertising_dataset,llama4,Hierarchical_prompt,deepseek-r1:14b,zeroshot_judging,Clarity,3,Good
HIERARCHICAL_PROMPTING,ALPHA-AUTOML,REGRESSION,advertising_dataset,llama4,Hierarchical_prompt,deepseek-r1:14b,zeroshot_judging,Completeness,2,Fair
HIERARCHICAL_PROMPTING,ALPHA-AUTOML,REGRESSION,advertising_dataset,llama4,Hierarchical_prompt,deepseek-r1:14b,zeroshot_judging,Relevance,2,Fair
HIERARCHICAL_PROMPTING,ALPHA-AUTOML,REGRESSION,advertising_dataset,llama4,Hierarchical_prompt,llama4,zeroshot_judging,Accuracy,3,Good
HIERARCHICAL_PROMPTING,ALPHA-AUTOML,REGRESSION,advertising_dataset,llama4,Hierarchical_prompt,llama4,zeroshot_judging,Clarity,3,Good
HIERARCHICAL_PROMPTING,ALPHA-AUTOML,REGRESSION,advertising_dataset,llama4,Hierarchical_prompt,llama4,zeroshot_judging,Completeness,2,Average
HIERARCHICAL_PROMPTING,ALPHA-AUTOML,REGRESSION,advertising_dataset,llama4,Hierarchical_prompt,llama4,zeroshot_judging,Relevance,2,Average
HIERARCHICAL_PROMPTING,ALPHA-AUTOML,REGRESSION,advertising_dataset,llama4,Hierarchical_prompt,deepseek-r1:14b,zeroshot_judging,Accuracy,2,Fair
HIERARCHICAL_PROMPTING,ALPHA-AUTOML,REGRESSION,advertising_dataset,llama4,Hierarchical_prompt,deepseek-r1:14b,zeroshot_judging,Clarity,3,Good
HIERARCHICAL_PROMPTING,ALPHA-AUTOML,REGRESSION,advertising_dataset,llama4,Hierarchical_prompt,deepseek-r1:14b,zeroshot_judging,Completeness,2,Fair
HIERARCHICAL_PROMPTING,ALPHA-AUTOML,REGRESSION,advertising_dataset,llama4,Hierarchical_prompt,deepseek-r1:14b,zeroshot_judging,Relevance,2,Fair
HIERARCHICAL_PROMPTING,ALPHA-AUTOML,REGRESSION,advertising_dataset,llama4,Hierarchical_prompt,llama4,zeroshot_judging,Accuracy,3,Good
HIERARCHICAL_PROMPTING,ALPHA-AUTOML,REGRESSION,advertising_dataset,llama4,Hierarchical_prompt,llama4,zeroshot_judging,Clarity,3,Good
HIERARCHICAL_PROMPTING,ALPHA-AUTOML,REGRESSION,advertising_dataset,llama4,Hierarchical_prompt,llama4,zeroshot_judging,Completeness,2,Average
HIERARCHICAL_PROMPTING,ALPHA-AUTOML,REGRESSION,advertising_dataset,llama4,Hierarchical_prompt,llama4,zeroshot_judging,Relevance,2,Average
HIERARCHICAL_PROMPTING,ALPHA-AUTOML,REGRESSION,advertising_dataset,llama4,Hierarchical_prompt,deepseek-r1:14b,zeroshot_judging,Accuracy,2,Fair
HIERARCHICAL_PROMPTING,ALPHA-AUTOML,REGRESSION,advertising_dataset,llama4,Hierarchical_prompt,deepseek-r1:14b,zeroshot_judging,Clarity,3,Good
HIERARCHICAL_PROMPTING,ALPHA-AUTOML,REGRESSION,advertising_dataset,llama4,Hierarchical_prompt,deepseek-r1:14b,zeroshot_judging,Completeness,2,Fair
HIERARCHICAL_PROMPTING,ALPHA-AUTOML,REGRESSION,advertising_dataset,llama4,Hierarchical_prompt,deepseek-r1:14b,zeroshot_judging,Relevance,2,Fair
HIERARCHICAL_PROMPTING,ALPHA-AUTOML,REGRESSION,advertising_dataset,llama4,Hierarchical_prompt,llama4,zeroshot_judging,Accuracy,3,Good
HIERARCHICAL_PROMPTING,ALPHA-AUTOML,REGRESSION,advertising_dataset,llama4,Hierarchical_prompt,llama4,zeroshot_judging,Clarity,3,Good
HIERARCHICAL_PROMPTING,ALPHA-AUTOML,REGRESSION,advertising_dataset,llama4,Hierarchical_prompt,llama4,zeroshot_judging,Completeness,2,Average
HIERARCHICAL_PROMPTING,ALPHA-AUTOML,REGRESSION,advertising_dataset,llama4,Hierarchical_prompt,llama4,zeroshot_judging,Relevance,2,Average
HIERARCHICAL_PROMPTING,ALPHA-AUTOML,REGRESSION,advertising_dataset,llama4,Hierarchical_prompt,deepseek-r1:14b,zeroshot_judging,Accuracy,2,Fair
HIERARCHICAL_PROMPTING,ALPHA-AUTOML,REGRESSION,advertising_dataset,llama4,Hierarchical_prompt,deepseek-r1:14b,zeroshot_judging,Clarity,3,Good
HIERARCHICAL_PROMPTING,ALPHA-AUTOML,REGRESSION,advertising_dataset,llama4,Hierarchical_prompt,deepseek-r1:14b,zeroshot_judging,Completeness,2,Fair
HIERARCHICAL_PROMPTING,ALPHA-AUTOML,REGRESSION,advertising_dataset,llama4,Hierarchical_prompt,deepseek-r1:14b,zeroshot_judging,Relevance,2,Fair
HIERARCHICAL_PROMPTING,ALPHA-AUTOML,REGRESSION,advertising_dataset,llama4,Hierarchical_prompt,llama4,zeroshot_judging,Accuracy,3,Good
HIERARCHICAL_PROMPTING,ALPHA-AUTOML,REGRESSION,advertising_dataset,llama4,Hierarchical_prompt,llama4,zeroshot_judging,Clarity,3,Good
HIERARCHICAL_PROMPTING,ALPHA-AUTOML,REGRESSION,advertising_dataset,llama4,Hierarchical_prompt,llama4,zeroshot_judging,Completeness,2,Average
HIERARCHICAL_PROMPTING,ALPHA-AUTOML,REGRESSION,advertising_dataset,llama4,Hierarchical_prompt,llama4,zeroshot_judging,Relevance,2,Average
HIERARCHICAL_PROMPTING,ALPHA-AUTOML,REGRESSION,advertising_dataset,llama4,Hierarchical_prompt,deepseek-r1:14b,zeroshot_judging,Accuracy,2,Fair
HIERARCHICAL_PROMPTING,ALPHA-AUTOML,REGRESSION,advertising_dataset,llama4,Hierarchical_prompt,deepseek-r1:14b,zeroshot_judging,Clarity,3,Good
HIERARCHICAL_PROMPTING,ALPHA-AUTOML,REGRESSION,advertising_dataset,llama4,Hierarchical_prompt,deepseek-r1:14b,zeroshot_judging,Completeness,2,Fair
HIERARCHICAL_PROMPTING,ALPHA-AUTOML,REGRESSION,advertising_dataset,llama4,Hierarchical_prompt,deepseek-r1:14b,zeroshot_judging,Relevance,2,Fair
HIERARCHICAL_PROMPTING,ALPHA-AUTOML,REGRESSION,advertising_dataset,deepseek-r1:14b,Hierarchical_prompt,llama4,zeroshot_judging,Accuracy,4,Excellent
HIERARCHICAL_PROMPTING,ALPHA-AUTOML,REGRESSION,advertising_dataset,deepseek-r1:14b,Hierarchical_prompt,llama4,zeroshot_judging,Clarity,4,Excellent
HIERARCHICAL_PROMPTING,ALPHA-AUTOML,REGRESSION,advertising_dataset,deepseek-r1:14b,Hierarchical_prompt,llama4,zeroshot_judging,Completeness,2,Average
HIERARCHICAL_PROMPTING,ALPHA-AUTOML,REGRESSION,advertising_dataset,deepseek-r1:14b,Hierarchical_prompt,llama4,zeroshot_judging,Relevance,3,Good
HIERARCHICAL_PROMPTING,ALPHA-AUTOML,REGRESSION,advertising_dataset,deepseek-r1:14b,Hierarchical_prompt,deepseek-r1:14b,zeroshot_judging,Accuracy,3,Good
HIERARCHICAL_PROMPTING,ALPHA-AUTOML,REGRESSION,advertising_dataset,deepseek-r1:14b,Hierarchical_prompt,deepseek-r1:14b,zeroshot_judging,Clarity,4,Excellent
HIERARCHICAL_PROMPTING,ALPHA-AUTOML,REGRESSION,advertising_dataset,deepseek-r1:14b,Hierarchical_prompt,deepseek-r1:14b,zeroshot_judging,Completeness,2,Average
HIERARCHICAL_PROMPTING,ALPHA-AUTOML,REGRESSION,advertising_dataset,deepseek-r1:14b,Hierarchical_prompt,deepseek-r1:14b,zeroshot_judging,Relevance,4,Excellent
HIERARCHICAL_PROMPTING,ALPHA-AUTOML,REGRESSION,advertising_dataset,deepseek-r1:14b,Hierarchical_prompt,llama4,zeroshot_judging,Accuracy,4,Excellent
HIERARCHICAL_PROMPTING,ALPHA-AUTOML,REGRESSION,advertising_dataset,deepseek-r1:14b,Hierarchical_prompt,llama4,zeroshot_judging,Clarity,4,Excellent
HIERARCHICAL_PROMPTING,ALPHA-AUTOML,REGRESSION,advertising_dataset,deepseek-r1:14b,Hierarchical_prompt,llama4,zeroshot_judging,Completeness,2,Average
HIERARCHICAL_PROMPTING,ALPHA-AUTOML,REGRESSION,advertising_dataset,deepseek-r1:14b,Hierarchical_prompt,llama4,zeroshot_judging,Relevance,3,Good
HIERARCHICAL_PROMPTING,ALPHA-AUTOML,REGRESSION,advertising_dataset,deepseek-r1:14b,Hierarchical_prompt,deepseek-r1:14b,zeroshot_judging,Accuracy,3,Good
HIERARCHICAL_PROMPTING,ALPHA-AUTOML,REGRESSION,advertising_dataset,deepseek-r1:14b,Hierarchical_prompt,deepseek-r1:14b,zeroshot_judging,Clarity,4,Excellent
HIERARCHICAL_PROMPTING,ALPHA-AUTOML,REGRESSION,advertising_dataset,deepseek-r1:14b,Hierarchical_prompt,deepseek-r1:14b,zeroshot_judging,Completeness,2,Average
HIERARCHICAL_PROMPTING,ALPHA-AUTOML,REGRESSION,advertising_dataset,deepseek-r1:14b,Hierarchical_prompt,deepseek-r1:14b,zeroshot_judging,Relevance,4,Excellent
HIERARCHICAL_PROMPTING,ALPHA-AUTOML,REGRESSION,advertising_dataset,deepseek-r1:14b,Hierarchical_prompt,llama4,zeroshot_judging,Accuracy,4,Excellent
HIERARCHICAL_PROMPTING,ALPHA-AUTOML,REGRESSION,advertising_dataset,deepseek-r1:14b,Hierarchical_prompt,llama4,zeroshot_judging,Clarity,4,Excellent
HIERARCHICAL_PROMPTING,ALPHA-AUTOML,REGRESSION,advertising_dataset,deepseek-r1:14b,Hierarchical_prompt,llama4,zeroshot_judging,Completeness,2,Average
HIERARCHICAL_PROMPTING,ALPHA-AUTOML,REGRESSION,advertising_dataset,deepseek-r1:14b,Hierarchical_prompt,llama4,zeroshot_judging,Relevance,3,Good
HIERARCHICAL_PROMPTING,ALPHA-AUTOML,REGRESSION,advertising_dataset,deepseek-r1:14b,Hierarchical_prompt,deepseek-r1:14b,zeroshot_judging,Accuracy,3,Good
HIERARCHICAL_PROMPTING,ALPHA-AUTOML,REGRESSION,advertising_dataset,deepseek-r1:14b,Hierarchical_prompt,deepseek-r1:14b,zeroshot_judging,Clarity,4,Excellent
HIERARCHICAL_PROMPTING,ALPHA-AUTOML,REGRESSION,advertising_dataset,deepseek-r1:14b,Hierarchical_prompt,deepseek-r1:14b,zeroshot_judging,Completeness,2,Average
HIERARCHICAL_PROMPTING,ALPHA-AUTOML,REGRESSION,advertising_dataset,deepseek-r1:14b,Hierarchical_prompt,deepseek-r1:14b,zeroshot_judging,Relevance,4,Excellent
HIERARCHICAL_PROMPTING,ALPHA-AUTOML,REGRESSION,advertising_dataset,deepseek-r1:14b,Hierarchical_prompt,llama4,zeroshot_judging,Accuracy,4,Excellent
HIERARCHICAL_PROMPTING,ALPHA-AUTOML,REGRESSION,advertising_dataset,deepseek-r1:14b,Hierarchical_prompt,llama4,zeroshot_judging,Clarity,4,Excellent
HIERARCHICAL_PROMPTING,ALPHA-AUTOML,REGRESSION,advertising_dataset,deepseek-r1:14b,Hierarchical_prompt,llama4,zeroshot_judging,Completeness,2,Average
HIERARCHICAL_PROMPTING,ALPHA-AUTOML,REGRESSION,advertising_dataset,deepseek-r1:14b,Hierarchical_prompt,llama4,zeroshot_judging,Relevance,3,Good
HIERARCHICAL_PROMPTING,ALPHA-AUTOML,REGRESSION,advertising_dataset,deepseek-r1:14b,Hierarchical_prompt,deepseek-r1:14b,zeroshot_judging,Accuracy,3,Good
HIERARCHICAL_PROMPTING,ALPHA-AUTOML,REGRESSION,advertising_dataset,deepseek-r1:14b,Hierarchical_prompt,deepseek-r1:14b,zeroshot_judging,Clarity,4,Excellent
HIERARCHICAL_PROMPTING,ALPHA-AUTOML,REGRESSION,advertising_dataset,deepseek-r1:14b,Hierarchical_prompt,deepseek-r1:14b,zeroshot_judging,Completeness,2,Average
HIERARCHICAL_PROMPTING,ALPHA-AUTOML,REGRESSION,advertising_dataset,deepseek-r1:14b,Hierarchical_prompt,deepseek-r1:14b,zeroshot_judging,Relevance,4,Excellent
HIERARCHICAL_PROMPTING,ALPHA-AUTOML,REGRESSION,advertising_dataset,deepseek-r1:14b,Hierarchical_prompt,llama4,zeroshot_judging,Accuracy,4,Excellent
HIERARCHICAL_PROMPTING,ALPHA-AUTOML,REGRESSION,advertising_dataset,deepseek-r1:14b,Hierarchical_prompt,llama4,zeroshot_judging,Clarity,4,Excellent
HIERARCHICAL_PROMPTING,ALPHA-AUTOML,REGRESSION,advertising_dataset,deepseek-r1:14b,Hierarchical_prompt,llama4,zeroshot_judging,Completeness,2,Average
HIERARCHICAL_PROMPTING,ALPHA-AUTOML,REGRESSION,advertising_dataset,deepseek-r1:14b,Hierarchical_prompt,llama4,zeroshot_judging,Relevance,3,Good
HIERARCHICAL_PROMPTING,ALPHA-AUTOML,REGRESSION,advertising_dataset,deepseek-r1:14b,Hierarchical_prompt,deepseek-r1:14b,zeroshot_judging,Accuracy,3,Good
HIERARCHICAL_PROMPTING,ALPHA-AUTOML,REGRESSION,advertising_dataset,deepseek-r1:14b,Hierarchical_prompt,deepseek-r1:14b,zeroshot_judging,Clarity,4,Excellent
HIERARCHICAL_PROMPTING,ALPHA-AUTOML,REGRESSION,advertising_dataset,deepseek-r1:14b,Hierarchical_prompt,deepseek-r1:14b,zeroshot_judging,Completeness,2,Average
HIERARCHICAL_PROMPTING,ALPHA-AUTOML,REGRESSION,advertising_dataset,deepseek-r1:14b,Hierarchical_prompt,deepseek-r1:14b,zeroshot_judging,Relevance,4,Excellent
HIERARCHICAL_PROMPTING,ALPHA-AUTOML,REGRESSION,advertising_dataset,deepseek-r1:14b,Hierarchical_prompt,llama4,zeroshot_judging,Accuracy,4,Excellent
HIERARCHICAL_PROMPTING,ALPHA-AUTOML,REGRESSION,advertising_dataset,deepseek-r1:14b,Hierarchical_prompt,llama4,zeroshot_judging,Clarity,4,Excellent
HIERARCHICAL_PROMPTING,ALPHA-AUTOML,REGRESSION,advertising_dataset,deepseek-r1:14b,Hierarchical_prompt,llama4,zeroshot_judging,Completeness,2,Average
HIERARCHICAL_PROMPTING,ALPHA-AUTOML,REGRESSION,advertising_dataset,deepseek-r1:14b,Hierarchical_prompt,llama4,zeroshot_judging,Relevance,3,Good
HIERARCHICAL_PROMPTING,ALPHA-AUTOML,REGRESSION,advertising_dataset,deepseek-r1:14b,Hierarchical_prompt,deepseek-r1:14b,zeroshot_judging,Accuracy,3,Good
HIERARCHICAL_PROMPTING,ALPHA-AUTOML,REGRESSION,advertising_dataset,deepseek-r1:14b,Hierarchical_prompt,deepseek-r1:14b,zeroshot_judging,Clarity,4,Excellent
HIERARCHICAL_PROMPTING,ALPHA-AUTOML,REGRESSION,advertising_dataset,deepseek-r1:14b,Hierarchical_prompt,deepseek-r1:14b,zeroshot_judging,Completeness,2,Average
HIERARCHICAL_PROMPTING,ALPHA-AUTOML,REGRESSION,advertising_dataset,deepseek-r1:14b,Hierarchical_prompt,deepseek-r1:14b,zeroshot_judging,Relevance,4,Excellent
HIERARCHICAL_PROMPTING,ALPHA-AUTOML,REGRESSION,534_cps_85_wages,llama4,Hierarchical_prompt,llama4,zeroshot_judging,Accuracy,4,Excellent
HIERARCHICAL_PROMPTING,ALPHA-AUTOML,REGRESSION,534_cps_85_wages,llama4,Hierarchical_prompt,llama4,zeroshot_judging,Clarity,4,Excellent
HIERARCHICAL_PROMPTING,ALPHA-AUTOML,REGRESSION,534_cps_85_wages,llama4,Hierarchical_prompt,llama4,zeroshot_judging,Completeness,3,Good
HIERARCHICAL_PROMPTING,ALPHA-AUTOML,REGRESSION,534_cps_85_wages,llama4,Hierarchical_prompt,llama4,zeroshot_judging,Relevance,4,Excellent
HIERARCHICAL_PROMPTING,ALPHA-AUTOML,REGRESSION,534_cps_85_wages,llama4,Hierarchical_prompt,deepseek-r1:14b,zeroshot_judging,Accuracy,3,Good
HIERARCHICAL_PROMPTING,ALPHA-AUTOML,REGRESSION,534_cps_85_wages,llama4,Hierarchical_prompt,deepseek-r1:14b,zeroshot_judging,Clarity,4,Excellent
HIERARCHICAL_PROMPTING,ALPHA-AUTOML,REGRESSION,534_cps_85_wages,llama4,Hierarchical_prompt,deepseek-r1:14b,zeroshot_judging,Completeness,3,Good
HIERARCHICAL_PROMPTING,ALPHA-AUTOML,REGRESSION,534_cps_85_wages,llama4,Hierarchical_prompt,deepseek-r1:14b,zeroshot_judging,Relevance,3,Good
HIERARCHICAL_PROMPTING,ALPHA-AUTOML,REGRESSION,534_cps_85_wages,llama4,Hierarchical_prompt,llama4,zeroshot_judging,Accuracy,4,Excellent
HIERARCHICAL_PROMPTING,ALPHA-AUTOML,REGRESSION,534_cps_85_wages,llama4,Hierarchical_prompt,llama4,zeroshot_judging,Clarity,4,Excellent
HIERARCHICAL_PROMPTING,ALPHA-AUTOML,REGRESSION,534_cps_85_wages,llama4,Hierarchical_prompt,llama4,zeroshot_judging,Completeness,3,Good
HIERARCHICAL_PROMPTING,ALPHA-AUTOML,REGRESSION,534_cps_85_wages,llama4,Hierarchical_prompt,llama4,zeroshot_judging,Relevance,4,Excellent
HIERARCHICAL_PROMPTING,ALPHA-AUTOML,REGRESSION,534_cps_85_wages,llama4,Hierarchical_prompt,deepseek-r1:14b,zeroshot_judging,Accuracy,3,Good
HIERARCHICAL_PROMPTING,ALPHA-AUTOML,REGRESSION,534_cps_85_wages,llama4,Hierarchical_prompt,deepseek-r1:14b,zeroshot_judging,Clarity,4,Excellent
HIERARCHICAL_PROMPTING,ALPHA-AUTOML,REGRESSION,534_cps_85_wages,llama4,Hierarchical_prompt,deepseek-r1:14b,zeroshot_judging,Completeness,3,Good
HIERARCHICAL_PROMPTING,ALPHA-AUTOML,REGRESSION,534_cps_85_wages,llama4,Hierarchical_prompt,deepseek-r1:14b,zeroshot_judging,Relevance,3,Good
HIERARCHICAL_PROMPTING,ALPHA-AUTOML,REGRESSION,534_cps_85_wages,llama4,Hierarchical_prompt,llama4,zeroshot_judging,Accuracy,4,Excellent
HIERARCHICAL_PROMPTING,ALPHA-AUTOML,REGRESSION,534_cps_85_wages,llama4,Hierarchical_prompt,llama4,zeroshot_judging,Clarity,4,Excellent
HIERARCHICAL_PROMPTING,ALPHA-AUTOML,REGRESSION,534_cps_85_wages,llama4,Hierarchical_prompt,llama4,zeroshot_judging,Completeness,3,Good
HIERARCHICAL_PROMPTING,ALPHA-AUTOML,REGRESSION,534_cps_85_wages,llama4,Hierarchical_prompt,llama4,zeroshot_judging,Relevance,4,Excellent
HIERARCHICAL_PROMPTING,ALPHA-AUTOML,REGRESSION,534_cps_85_wages,llama4,Hierarchical_prompt,deepseek-r1:14b,zeroshot_judging,Accuracy,3,Good
HIERARCHICAL_PROMPTING,ALPHA-AUTOML,REGRESSION,534_cps_85_wages,llama4,Hierarchical_prompt,deepseek-r1:14b,zeroshot_judging,Clarity,4,Excellent
HIERARCHICAL_PROMPTING,ALPHA-AUTOML,REGRESSION,534_cps_85_wages,llama4,Hierarchical_prompt,deepseek-r1:14b,zeroshot_judging,Completeness,3,Good
HIERARCHICAL_PROMPTING,ALPHA-AUTOML,REGRESSION,534_cps_85_wages,llama4,Hierarchical_prompt,deepseek-r1:14b,zeroshot_judging,Relevance,3,Good
HIERARCHICAL_PROMPTING,ALPHA-AUTOML,REGRESSION,534_cps_85_wages,llama4,Hierarchical_prompt,llama4,zeroshot_judging,Accuracy,4,Excellent
HIERARCHICAL_PROMPTING,ALPHA-AUTOML,REGRESSION,534_cps_85_wages,llama4,Hierarchical_prompt,llama4,zeroshot_judging,Clarity,4,Excellent
HIERARCHICAL_PROMPTING,ALPHA-AUTOML,REGRESSION,534_cps_85_wages,llama4,Hierarchical_prompt,llama4,zeroshot_judging,Completeness,3,Good
HIERARCHICAL_PROMPTING,ALPHA-AUTOML,REGRESSION,534_cps_85_wages,llama4,Hierarchical_prompt,llama4,zeroshot_judging,Relevance,4,Excellent
HIERARCHICAL_PROMPTING,ALPHA-AUTOML,REGRESSION,534_cps_85_wages,llama4,Hierarchical_prompt,deepseek-r1:14b,zeroshot_judging,Accuracy,3,Good
HIERARCHICAL_PROMPTING,ALPHA-AUTOML,REGRESSION,534_cps_85_wages,llama4,Hierarchical_prompt,deepseek-r1:14b,zeroshot_judging,Clarity,4,Excellent
HIERARCHICAL_PROMPTING,ALPHA-AUTOML,REGRESSION,534_cps_85_wages,llama4,Hierarchical_prompt,deepseek-r1:14b,zeroshot_judging,Completeness,3,Good
HIERARCHICAL_PROMPTING,ALPHA-AUTOML,REGRESSION,534_cps_85_wages,llama4,Hierarchical_prompt,deepseek-r1:14b,zeroshot_judging,Relevance,3,Good
HIERARCHICAL_PROMPTING,ALPHA-AUTOML,REGRESSION,534_cps_85_wages,llama4,Hierarchical_prompt,llama4,zeroshot_judging,Accuracy,4,Excellent
HIERARCHICAL_PROMPTING,ALPHA-AUTOML,REGRESSION,534_cps_85_wages,llama4,Hierarchical_prompt,llama4,zeroshot_judging,Clarity,4,Excellent
HIERARCHICAL_PROMPTING,ALPHA-AUTOML,REGRESSION,534_cps_85_wages,llama4,Hierarchical_prompt,llama4,zeroshot_judging,Completeness,3,Good
HIERARCHICAL_PROMPTING,ALPHA-AUTOML,REGRESSION,534_cps_85_wages,llama4,Hierarchical_prompt,llama4,zeroshot_judging,Relevance,4,Excellent
HIERARCHICAL_PROMPTING,ALPHA-AUTOML,REGRESSION,534_cps_85_wages,llama4,Hierarchical_prompt,deepseek-r1:14b,zeroshot_judging,Accuracy,3,Good
HIERARCHICAL_PROMPTING,ALPHA-AUTOML,REGRESSION,534_cps_85_wages,llama4,Hierarchical_prompt,deepseek-r1:14b,zeroshot_judging,Clarity,4,Excellent
HIERARCHICAL_PROMPTING,ALPHA-AUTOML,REGRESSION,534_cps_85_wages,llama4,Hierarchical_prompt,deepseek-r1:14b,zeroshot_judging,Completeness,3,Good
HIERARCHICAL_PROMPTING,ALPHA-AUTOML,REGRESSION,534_cps_85_wages,llama4,Hierarchical_prompt,deepseek-r1:14b,zeroshot_judging,Relevance,3,Good
HIERARCHICAL_PROMPTING,ALPHA-AUTOML,REGRESSION,534_cps_85_wages,llama4,Hierarchical_prompt,llama4,zeroshot_judging,Accuracy,4,Excellent
HIERARCHICAL_PROMPTING,ALPHA-AUTOML,REGRESSION,534_cps_85_wages,llama4,Hierarchical_prompt,llama4,zeroshot_judging,Clarity,4,Excellent
HIERARCHICAL_PROMPTING,ALPHA-AUTOML,REGRESSION,534_cps_85_wages,llama4,Hierarchical_prompt,llama4,zeroshot_judging,Completeness,3,Good
HIERARCHICAL_PROMPTING,ALPHA-AUTOML,REGRESSION,534_cps_85_wages,llama4,Hierarchical_prompt,llama4,zeroshot_judging,Relevance,4,Excellent
HIERARCHICAL_PROMPTING,ALPHA-AUTOML,REGRESSION,534_cps_85_wages,llama4,Hierarchical_prompt,deepseek-r1:14b,zeroshot_judging,Accuracy,3,Good
HIERARCHICAL_PROMPTING,ALPHA-AUTOML,REGRESSION,534_cps_85_wages,llama4,Hierarchical_prompt,deepseek-r1:14b,zeroshot_judging,Clarity,4,Excellent
HIERARCHICAL_PROMPTING,ALPHA-AUTOML,REGRESSION,534_cps_85_wages,llama4,Hierarchical_prompt,deepseek-r1:14b,zeroshot_judging,Completeness,3,Good
HIERARCHICAL_PROMPTING,ALPHA-AUTOML,REGRESSION,534_cps_85_wages,llama4,Hierarchical_prompt,deepseek-r1:14b,zeroshot_judging,Relevance,3,Good
HIERARCHICAL_PROMPTING,ALPHA-AUTOML,REGRESSION,534_cps_85_wages,deepseek-r1:14b,Hierarchical_prompt,llama4,zeroshot_judging,Accuracy,3,Good
HIERARCHICAL_PROMPTING,ALPHA-AUTOML,REGRESSION,534_cps_85_wages,deepseek-r1:14b,Hierarchical_prompt,llama4,zeroshot_judging,Clarity,3,Good
HIERARCHICAL_PROMPTING,ALPHA-AUTOML,REGRESSION,534_cps_85_wages,deepseek-r1:14b,Hierarchical_prompt,llama4,zeroshot_judging,Completeness,2,Average
HIERARCHICAL_PROMPTING,ALPHA-AUTOML,REGRESSION,534_cps_85_wages,deepseek-r1:14b,Hierarchical_prompt,llama4,zeroshot_judging,Relevance,3,Good
HIERARCHICAL_PROMPTING,ALPHA-AUTOML,REGRESSION,534_cps_85_wages,deepseek-r1:14b,Hierarchical_prompt,deepseek-r1:14b,zeroshot_judging,Accuracy,3,Good
HIERARCHICAL_PROMPTING,ALPHA-AUTOML,REGRESSION,534_cps_85_wages,deepseek-r1:14b,Hierarchical_prompt,deepseek-r1:14b,zeroshot_judging,Clarity,4,Excellent
HIERARCHICAL_PROMPTING,ALPHA-AUTOML,REGRESSION,534_cps_85_wages,deepseek-r1:14b,Hierarchical_prompt,deepseek-r1:14b,zeroshot_judging,Completeness,3,Good
HIERARCHICAL_PROMPTING,ALPHA-AUTOML,REGRESSION,534_cps_85_wages,deepseek-r1:14b,Hierarchical_prompt,deepseek-r1:14b,zeroshot_judging,Relevance,4,Excellent
HIERARCHICAL_PROMPTING,ALPHA-AUTOML,REGRESSION,534_cps_85_wages,deepseek-r1:14b,Hierarchical_prompt,llama4,zeroshot_judging,Accuracy,3,Good
HIERARCHICAL_PROMPTING,ALPHA-AUTOML,REGRESSION,534_cps_85_wages,deepseek-r1:14b,Hierarchical_prompt,llama4,zeroshot_judging,Clarity,3,Good
HIERARCHICAL_PROMPTING,ALPHA-AUTOML,REGRESSION,534_cps_85_wages,deepseek-r1:14b,Hierarchical_prompt,llama4,zeroshot_judging,Completeness,2,Average
HIERARCHICAL_PROMPTING,ALPHA-AUTOML,REGRESSION,534_cps_85_wages,deepseek-r1:14b,Hierarchical_prompt,llama4,zeroshot_judging,Relevance,3,Good
HIERARCHICAL_PROMPTING,ALPHA-AUTOML,REGRESSION,534_cps_85_wages,deepseek-r1:14b,Hierarchical_prompt,deepseek-r1:14b,zeroshot_judging,Accuracy,3,Good
HIERARCHICAL_PROMPTING,ALPHA-AUTOML,REGRESSION,534_cps_85_wages,deepseek-r1:14b,Hierarchical_prompt,deepseek-r1:14b,zeroshot_judging,Clarity,4,Excellent
HIERARCHICAL_PROMPTING,ALPHA-AUTOML,REGRESSION,534_cps_85_wages,deepseek-r1:14b,Hierarchical_prompt,deepseek-r1:14b,zeroshot_judging,Completeness,3,Good
HIERARCHICAL_PROMPTING,ALPHA-AUTOML,REGRESSION,534_cps_85_wages,deepseek-r1:14b,Hierarchical_prompt,deepseek-r1:14b,zeroshot_judging,Relevance,4,Excellent
HIERARCHICAL_PROMPTING,ALPHA-AUTOML,REGRESSION,534_cps_85_wages,deepseek-r1:14b,Hierarchical_prompt,llama4,zeroshot_judging,Accuracy,3,Good
HIERARCHICAL_PROMPTING,ALPHA-AUTOML,REGRESSION,534_cps_85_wages,deepseek-r1:14b,Hierarchical_prompt,llama4,zeroshot_judging,Clarity,3,Good
HIERARCHICAL_PROMPTING,ALPHA-AUTOML,REGRESSION,534_cps_85_wages,deepseek-r1:14b,Hierarchical_prompt,llama4,zeroshot_judging,Completeness,2,Average
HIERARCHICAL_PROMPTING,ALPHA-AUTOML,REGRESSION,534_cps_85_wages,deepseek-r1:14b,Hierarchical_prompt,llama4,zeroshot_judging,Relevance,3,Good
HIERARCHICAL_PROMPTING,ALPHA-AUTOML,REGRESSION,534_cps_85_wages,deepseek-r1:14b,Hierarchical_prompt,deepseek-r1:14b,zeroshot_judging,Accuracy,3,Good
HIERARCHICAL_PROMPTING,ALPHA-AUTOML,REGRESSION,534_cps_85_wages,deepseek-r1:14b,Hierarchical_prompt,deepseek-r1:14b,zeroshot_judging,Clarity,4,Excellent
HIERARCHICAL_PROMPTING,ALPHA-AUTOML,REGRESSION,534_cps_85_wages,deepseek-r1:14b,Hierarchical_prompt,deepseek-r1:14b,zeroshot_judging,Completeness,3,Good
HIERARCHICAL_PROMPTING,ALPHA-AUTOML,REGRESSION,534_cps_85_wages,deepseek-r1:14b,Hierarchical_prompt,deepseek-r1:14b,zeroshot_judging,Relevance,4,Excellent
HIERARCHICAL_PROMPTING,ALPHA-AUTOML,REGRESSION,534_cps_85_wages,deepseek-r1:14b,Hierarchical_prompt,llama4,zeroshot_judging,Accuracy,3,Good
HIERARCHICAL_PROMPTING,ALPHA-AUTOML,REGRESSION,534_cps_85_wages,deepseek-r1:14b,Hierarchical_prompt,llama4,zeroshot_judging,Clarity,3,Good
HIERARCHICAL_PROMPTING,ALPHA-AUTOML,REGRESSION,534_cps_85_wages,deepseek-r1:14b,Hierarchical_prompt,llama4,zeroshot_judging,Completeness,2,Average
HIERARCHICAL_PROMPTING,ALPHA-AUTOML,REGRESSION,534_cps_85_wages,deepseek-r1:14b,Hierarchical_prompt,llama4,zeroshot_judging,Relevance,3,Good
HIERARCHICAL_PROMPTING,ALPHA-AUTOML,REGRESSION,534_cps_85_wages,deepseek-r1:14b,Hierarchical_prompt,deepseek-r1:14b,zeroshot_judging,Accuracy,3,Good
HIERARCHICAL_PROMPTING,ALPHA-AUTOML,REGRESSION,534_cps_85_wages,deepseek-r1:14b,Hierarchical_prompt,deepseek-r1:14b,zeroshot_judging,Clarity,4,Excellent
HIERARCHICAL_PROMPTING,ALPHA-AUTOML,REGRESSION,534_cps_85_wages,deepseek-r1:14b,Hierarchical_prompt,deepseek-r1:14b,zeroshot_judging,Completeness,3,Good
HIERARCHICAL_PROMPTING,ALPHA-AUTOML,REGRESSION,534_cps_85_wages,deepseek-r1:14b,Hierarchical_prompt,deepseek-r1:14b,zeroshot_judging,Relevance,4,Excellent
HIERARCHICAL_PROMPTING,ALPHA-AUTOML,REGRESSION,534_cps_85_wages,deepseek-r1:14b,Hierarchical_prompt,llama4,zeroshot_judging,Accuracy,3,Good
HIERARCHICAL_PROMPTING,ALPHA-AUTOML,REGRESSION,534_cps_85_wages,deepseek-r1:14b,Hierarchical_prompt,llama4,zeroshot_judging,Clarity,3,Good
HIERARCHICAL_PROMPTING,ALPHA-AUTOML,REGRESSION,534_cps_85_wages,deepseek-r1:14b,Hierarchical_prompt,llama4,zeroshot_judging,Completeness,2,Average
HIERARCHICAL_PROMPTING,ALPHA-AUTOML,REGRESSION,534_cps_85_wages,deepseek-r1:14b,Hierarchical_prompt,llama4,zeroshot_judging,Relevance,3,Good
HIERARCHICAL_PROMPTING,ALPHA-AUTOML,REGRESSION,534_cps_85_wages,deepseek-r1:14b,Hierarchical_prompt,deepseek-r1:14b,zeroshot_judging,Accuracy,3,Good
HIERARCHICAL_PROMPTING,ALPHA-AUTOML,REGRESSION,534_cps_85_wages,deepseek-r1:14b,Hierarchical_prompt,deepseek-r1:14b,zeroshot_judging,Clarity,4,Excellent
HIERARCHICAL_PROMPTING,ALPHA-AUTOML,REGRESSION,534_cps_85_wages,deepseek-r1:14b,Hierarchical_prompt,deepseek-r1:14b,zeroshot_judging,Completeness,3,Good
HIERARCHICAL_PROMPTING,ALPHA-AUTOML,REGRESSION,534_cps_85_wages,deepseek-r1:14b,Hierarchical_prompt,deepseek-r1:14b,zeroshot_judging,Relevance,4,Excellent
HIERARCHICAL_PROMPTING,ALPHA-AUTOML,REGRESSION,534_cps_85_wages,deepseek-r1:14b,Hierarchical_prompt,llama4,zeroshot_judging,Accuracy,3,Good
HIERARCHICAL_PROMPTING,ALPHA-AUTOML,REGRESSION,534_cps_85_wages,deepseek-r1:14b,Hierarchical_prompt,llama4,zeroshot_judging,Clarity,3,Good
HIERARCHICAL_PROMPTING,ALPHA-AUTOML,REGRESSION,534_cps_85_wages,deepseek-r1:14b,Hierarchical_prompt,llama4,zeroshot_judging,Completeness,2,Average
HIERARCHICAL_PROMPTING,ALPHA-AUTOML,REGRESSION,534_cps_85_wages,deepseek-r1:14b,Hierarchical_prompt,llama4,zeroshot_judging,Relevance,3,Good
HIERARCHICAL_PROMPTING,ALPHA-AUTOML,REGRESSION,534_cps_85_wages,deepseek-r1:14b,Hierarchical_prompt,deepseek-r1:14b,zeroshot_judging,Accuracy,3,Good
HIERARCHICAL_PROMPTING,ALPHA-AUTOML,REGRESSION,534_cps_85_wages,deepseek-r1:14b,Hierarchical_prompt,deepseek-r1:14b,zeroshot_judging,Clarity,4,Excellent
HIERARCHICAL_PROMPTING,ALPHA-AUTOML,REGRESSION,534_cps_85_wages,deepseek-r1:14b,Hierarchical_prompt,deepseek-r1:14b,zeroshot_judging,Completeness,3,Good
HIERARCHICAL_PROMPTING,ALPHA-AUTOML,REGRESSION,534_cps_85_wages,deepseek-r1:14b,Hierarchical_prompt,deepseek-r1:14b,zeroshot_judging,Relevance,4,Excellent
HIERARCHICAL_PROMPTING,ALPHA-AUTOML,REGRESSION,196_autoMpg,llama4,Hierarchical_prompt,llama4,zeroshot_judging,Accuracy,3,Good
HIERARCHICAL_PROMPTING,ALPHA-AUTOML,REGRESSION,196_autoMpg,llama4,Hierarchical_prompt,llama4,zeroshot_judging,Clarity,3,Good
HIERARCHICAL_PROMPTING,ALPHA-AUTOML,REGRESSION,196_autoMpg,llama4,Hierarchical_prompt,llama4,zeroshot_judging,Completeness,2,Average
HIERARCHICAL_PROMPTING,ALPHA-AUTOML,REGRESSION,196_autoMpg,llama4,Hierarchical_prompt,llama4,zeroshot_judging,Relevance,3,Good
HIERARCHICAL_PROMPTING,ALPHA-AUTOML,REGRESSION,196_autoMpg,llama4,Hierarchical_prompt,deepseek-r1:14b,zeroshot_judging,Accuracy,2,Average
HIERARCHICAL_PROMPTING,ALPHA-AUTOML,REGRESSION,196_autoMpg,llama4,Hierarchical_prompt,deepseek-r1:14b,zeroshot_judging,Clarity,3,Good
HIERARCHICAL_PROMPTING,ALPHA-AUTOML,REGRESSION,196_autoMpg,llama4,Hierarchical_prompt,deepseek-r1:14b,zeroshot_judging,Completeness,2,Average
HIERARCHICAL_PROMPTING,ALPHA-AUTOML,REGRESSION,196_autoMpg,llama4,Hierarchical_prompt,deepseek-r1:14b,zeroshot_judging,Relevance,3,Good
HIERARCHICAL_PROMPTING,ALPHA-AUTOML,REGRESSION,196_autoMpg,llama4,Hierarchical_prompt,llama4,zeroshot_judging,Accuracy,3,Good
HIERARCHICAL_PROMPTING,ALPHA-AUTOML,REGRESSION,196_autoMpg,llama4,Hierarchical_prompt,llama4,zeroshot_judging,Clarity,3,Good
HIERARCHICAL_PROMPTING,ALPHA-AUTOML,REGRESSION,196_autoMpg,llama4,Hierarchical_prompt,llama4,zeroshot_judging,Completeness,2,Average
HIERARCHICAL_PROMPTING,ALPHA-AUTOML,REGRESSION,196_autoMpg,llama4,Hierarchical_prompt,llama4,zeroshot_judging,Relevance,3,Good
HIERARCHICAL_PROMPTING,ALPHA-AUTOML,REGRESSION,196_autoMpg,llama4,Hierarchical_prompt,deepseek-r1:14b,zeroshot_judging,Accuracy,2,Average
HIERARCHICAL_PROMPTING,ALPHA-AUTOML,REGRESSION,196_autoMpg,llama4,Hierarchical_prompt,deepseek-r1:14b,zeroshot_judging,Clarity,3,Good
HIERARCHICAL_PROMPTING,ALPHA-AUTOML,REGRESSION,196_autoMpg,llama4,Hierarchical_prompt,deepseek-r1:14b,zeroshot_judging,Completeness,2,Average
HIERARCHICAL_PROMPTING,ALPHA-AUTOML,REGRESSION,196_autoMpg,llama4,Hierarchical_prompt,deepseek-r1:14b,zeroshot_judging,Relevance,3,Good
HIERARCHICAL_PROMPTING,ALPHA-AUTOML,REGRESSION,196_autoMpg,llama4,Hierarchical_prompt,llama4,zeroshot_judging,Accuracy,3,Good
HIERARCHICAL_PROMPTING,ALPHA-AUTOML,REGRESSION,196_autoMpg,llama4,Hierarchical_prompt,llama4,zeroshot_judging,Clarity,3,Good
HIERARCHICAL_PROMPTING,ALPHA-AUTOML,REGRESSION,196_autoMpg,llama4,Hierarchical_prompt,llama4,zeroshot_judging,Completeness,2,Average
HIERARCHICAL_PROMPTING,ALPHA-AUTOML,REGRESSION,196_autoMpg,llama4,Hierarchical_prompt,llama4,zeroshot_judging,Relevance,3,Good
HIERARCHICAL_PROMPTING,ALPHA-AUTOML,REGRESSION,196_autoMpg,llama4,Hierarchical_prompt,deepseek-r1:14b,zeroshot_judging,Accuracy,2,Average
HIERARCHICAL_PROMPTING,ALPHA-AUTOML,REGRESSION,196_autoMpg,llama4,Hierarchical_prompt,deepseek-r1:14b,zeroshot_judging,Clarity,3,Good
HIERARCHICAL_PROMPTING,ALPHA-AUTOML,REGRESSION,196_autoMpg,llama4,Hierarchical_prompt,deepseek-r1:14b,zeroshot_judging,Completeness,2,Average
HIERARCHICAL_PROMPTING,ALPHA-AUTOML,REGRESSION,196_autoMpg,llama4,Hierarchical_prompt,deepseek-r1:14b,zeroshot_judging,Relevance,3,Good
HIERARCHICAL_PROMPTING,ALPHA-AUTOML,REGRESSION,196_autoMpg,llama4,Hierarchical_prompt,llama4,zeroshot_judging,Accuracy,3,Good
HIERARCHICAL_PROMPTING,ALPHA-AUTOML,REGRESSION,196_autoMpg,llama4,Hierarchical_prompt,llama4,zeroshot_judging,Clarity,3,Good
HIERARCHICAL_PROMPTING,ALPHA-AUTOML,REGRESSION,196_autoMpg,llama4,Hierarchical_prompt,llama4,zeroshot_judging,Completeness,2,Average
HIERARCHICAL_PROMPTING,ALPHA-AUTOML,REGRESSION,196_autoMpg,llama4,Hierarchical_prompt,llama4,zeroshot_judging,Relevance,3,Good
HIERARCHICAL_PROMPTING,ALPHA-AUTOML,REGRESSION,196_autoMpg,llama4,Hierarchical_prompt,deepseek-r1:14b,zeroshot_judging,Accuracy,2,Average
HIERARCHICAL_PROMPTING,ALPHA-AUTOML,REGRESSION,196_autoMpg,llama4,Hierarchical_prompt,deepseek-r1:14b,zeroshot_judging,Clarity,3,Good
HIERARCHICAL_PROMPTING,ALPHA-AUTOML,REGRESSION,196_autoMpg,llama4,Hierarchical_prompt,deepseek-r1:14b,zeroshot_judging,Completeness,2,Average
HIERARCHICAL_PROMPTING,ALPHA-AUTOML,REGRESSION,196_autoMpg,llama4,Hierarchical_prompt,deepseek-r1:14b,zeroshot_judging,Relevance,3,Good
HIERARCHICAL_PROMPTING,ALPHA-AUTOML,REGRESSION,196_autoMpg,llama4,Hierarchical_prompt,llama4,zeroshot_judging,Accuracy,3,Good
HIERARCHICAL_PROMPTING,ALPHA-AUTOML,REGRESSION,196_autoMpg,llama4,Hierarchical_prompt,llama4,zeroshot_judging,Clarity,3,Good
HIERARCHICAL_PROMPTING,ALPHA-AUTOML,REGRESSION,196_autoMpg,llama4,Hierarchical_prompt,llama4,zeroshot_judging,Completeness,2,Average
HIERARCHICAL_PROMPTING,ALPHA-AUTOML,REGRESSION,196_autoMpg,llama4,Hierarchical_prompt,llama4,zeroshot_judging,Relevance,3,Good
HIERARCHICAL_PROMPTING,ALPHA-AUTOML,REGRESSION,196_autoMpg,llama4,Hierarchical_prompt,deepseek-r1:14b,zeroshot_judging,Accuracy,2,Average
HIERARCHICAL_PROMPTING,ALPHA-AUTOML,REGRESSION,196_autoMpg,llama4,Hierarchical_prompt,deepseek-r1:14b,zeroshot_judging,Clarity,3,Good
HIERARCHICAL_PROMPTING,ALPHA-AUTOML,REGRESSION,196_autoMpg,llama4,Hierarchical_prompt,deepseek-r1:14b,zeroshot_judging,Completeness,2,Average
HIERARCHICAL_PROMPTING,ALPHA-AUTOML,REGRESSION,196_autoMpg,llama4,Hierarchical_prompt,deepseek-r1:14b,zeroshot_judging,Relevance,3,Good
HIERARCHICAL_PROMPTING,ALPHA-AUTOML,REGRESSION,196_autoMpg,llama4,Hierarchical_prompt,llama4,zeroshot_judging,Accuracy,3,Good
HIERARCHICAL_PROMPTING,ALPHA-AUTOML,REGRESSION,196_autoMpg,llama4,Hierarchical_prompt,llama4,zeroshot_judging,Clarity,3,Good
HIERARCHICAL_PROMPTING,ALPHA-AUTOML,REGRESSION,196_autoMpg,llama4,Hierarchical_prompt,llama4,zeroshot_judging,Completeness,2,Average
HIERARCHICAL_PROMPTING,ALPHA-AUTOML,REGRESSION,196_autoMpg,llama4,Hierarchical_prompt,llama4,zeroshot_judging,Relevance,3,Good
HIERARCHICAL_PROMPTING,ALPHA-AUTOML,REGRESSION,196_autoMpg,llama4,Hierarchical_prompt,deepseek-r1:14b,zeroshot_judging,Accuracy,2,Average
HIERARCHICAL_PROMPTING,ALPHA-AUTOML,REGRESSION,196_autoMpg,llama4,Hierarchical_prompt,deepseek-r1:14b,zeroshot_judging,Clarity,3,Good
HIERARCHICAL_PROMPTING,ALPHA-AUTOML,REGRESSION,196_autoMpg,llama4,Hierarchical_prompt,deepseek-r1:14b,zeroshot_judging,Completeness,2,Average
HIERARCHICAL_PROMPTING,ALPHA-AUTOML,REGRESSION,196_autoMpg,llama4,Hierarchical_prompt,deepseek-r1:14b,zeroshot_judging,Relevance,3,Good
HIERARCHICAL_PROMPTING,ALPHA-AUTOML,REGRESSION,196_autoMpg,deepseek-r1:14b,Hierarchical_prompt,llama4,zeroshot_judging,Accuracy,4,Excellent
HIERARCHICAL_PROMPTING,ALPHA-AUTOML,REGRESSION,196_autoMpg,deepseek-r1:14b,Hierarchical_prompt,llama4,zeroshot_judging,Clarity,4,Excellent
HIERARCHICAL_PROMPTING,ALPHA-AUTOML,REGRESSION,196_autoMpg,deepseek-r1:14b,Hierarchical_prompt,llama4,zeroshot_judging,Completeness,3,Good
HIERARCHICAL_PROMPTING,ALPHA-AUTOML,REGRESSION,196_autoMpg,deepseek-r1:14b,Hierarchical_prompt,llama4,zeroshot_judging,Relevance,4,Excellent
HIERARCHICAL_PROMPTING,ALPHA-AUTOML,REGRESSION,196_autoMpg,deepseek-r1:14b,Hierarchical_prompt,deepseek-r1:14b,zeroshot_judging,Accuracy,4,Excellent
HIERARCHICAL_PROMPTING,ALPHA-AUTOML,REGRESSION,196_autoMpg,deepseek-r1:14b,Hierarchical_prompt,deepseek-r1:14b,zeroshot_judging,Clarity,4,Excellent
HIERARCHICAL_PROMPTING,ALPHA-AUTOML,REGRESSION,196_autoMpg,deepseek-r1:14b,Hierarchical_prompt,deepseek-r1:14b,zeroshot_judging,Completeness,3,Good
HIERARCHICAL_PROMPTING,ALPHA-AUTOML,REGRESSION,196_autoMpg,deepseek-r1:14b,Hierarchical_prompt,deepseek-r1:14b,zeroshot_judging,Relevance,4,Excellent
HIERARCHICAL_PROMPTING,ALPHA-AUTOML,REGRESSION,196_autoMpg,deepseek-r1:14b,Hierarchical_prompt,llama4,zeroshot_judging,Accuracy,4,Excellent
HIERARCHICAL_PROMPTING,ALPHA-AUTOML,REGRESSION,196_autoMpg,deepseek-r1:14b,Hierarchical_prompt,llama4,zeroshot_judging,Clarity,4,Excellent
HIERARCHICAL_PROMPTING,ALPHA-AUTOML,REGRESSION,196_autoMpg,deepseek-r1:14b,Hierarchical_prompt,llama4,zeroshot_judging,Completeness,3,Good
HIERARCHICAL_PROMPTING,ALPHA-AUTOML,REGRESSION,196_autoMpg,deepseek-r1:14b,Hierarchical_prompt,llama4,zeroshot_judging,Relevance,4,Excellent
HIERARCHICAL_PROMPTING,ALPHA-AUTOML,REGRESSION,196_autoMpg,deepseek-r1:14b,Hierarchical_prompt,deepseek-r1:14b,zeroshot_judging,Accuracy,4,Excellent
HIERARCHICAL_PROMPTING,ALPHA-AUTOML,REGRESSION,196_autoMpg,deepseek-r1:14b,Hierarchical_prompt,deepseek-r1:14b,zeroshot_judging,Clarity,4,Excellent
HIERARCHICAL_PROMPTING,ALPHA-AUTOML,REGRESSION,196_autoMpg,deepseek-r1:14b,Hierarchical_prompt,deepseek-r1:14b,zeroshot_judging,Completeness,3,Good
HIERARCHICAL_PROMPTING,ALPHA-AUTOML,REGRESSION,196_autoMpg,deepseek-r1:14b,Hierarchical_prompt,deepseek-r1:14b,zeroshot_judging,Relevance,4,Excellent
HIERARCHICAL_PROMPTING,ALPHA-AUTOML,REGRESSION,196_autoMpg,deepseek-r1:14b,Hierarchical_prompt,llama4,zeroshot_judging,Accuracy,4,Excellent
HIERARCHICAL_PROMPTING,ALPHA-AUTOML,REGRESSION,196_autoMpg,deepseek-r1:14b,Hierarchical_prompt,llama4,zeroshot_judging,Clarity,4,Excellent
HIERARCHICAL_PROMPTING,ALPHA-AUTOML,REGRESSION,196_autoMpg,deepseek-r1:14b,Hierarchical_prompt,llama4,zeroshot_judging,Completeness,3,Good
HIERARCHICAL_PROMPTING,ALPHA-AUTOML,REGRESSION,196_autoMpg,deepseek-r1:14b,Hierarchical_prompt,llama4,zeroshot_judging,Relevance,4,Excellent
HIERARCHICAL_PROMPTING,ALPHA-AUTOML,REGRESSION,196_autoMpg,deepseek-r1:14b,Hierarchical_prompt,deepseek-r1:14b,zeroshot_judging,Accuracy,4,Excellent
HIERARCHICAL_PROMPTING,ALPHA-AUTOML,REGRESSION,196_autoMpg,deepseek-r1:14b,Hierarchical_prompt,deepseek-r1:14b,zeroshot_judging,Clarity,4,Excellent
HIERARCHICAL_PROMPTING,ALPHA-AUTOML,REGRESSION,196_autoMpg,deepseek-r1:14b,Hierarchical_prompt,deepseek-r1:14b,zeroshot_judging,Completeness,3,Good
HIERARCHICAL_PROMPTING,ALPHA-AUTOML,REGRESSION,196_autoMpg,deepseek-r1:14b,Hierarchical_prompt,deepseek-r1:14b,zeroshot_judging,Relevance,4,Excellent
HIERARCHICAL_PROMPTING,ALPHA-AUTOML,REGRESSION,196_autoMpg,deepseek-r1:14b,Hierarchical_prompt,llama4,zeroshot_judging,Accuracy,4,Excellent
HIERARCHICAL_PROMPTING,ALPHA-AUTOML,REGRESSION,196_autoMpg,deepseek-r1:14b,Hierarchical_prompt,llama4,zeroshot_judging,Clarity,4,Excellent
HIERARCHICAL_PROMPTING,ALPHA-AUTOML,REGRESSION,196_autoMpg,deepseek-r1:14b,Hierarchical_prompt,llama4,zeroshot_judging,Completeness,3,Good
HIERARCHICAL_PROMPTING,ALPHA-AUTOML,REGRESSION,196_autoMpg,deepseek-r1:14b,Hierarchical_prompt,llama4,zeroshot_judging,Relevance,4,Excellent
HIERARCHICAL_PROMPTING,ALPHA-AUTOML,REGRESSION,196_autoMpg,deepseek-r1:14b,Hierarchical_prompt,deepseek-r1:14b,zeroshot_judging,Accuracy,4,Excellent
HIERARCHICAL_PROMPTING,ALPHA-AUTOML,REGRESSION,196_autoMpg,deepseek-r1:14b,Hierarchical_prompt,deepseek-r1:14b,zeroshot_judging,Clarity,4,Excellent
HIERARCHICAL_PROMPTING,ALPHA-AUTOML,REGRESSION,196_autoMpg,deepseek-r1:14b,Hierarchical_prompt,deepseek-r1:14b,zeroshot_judging,Completeness,3,Good
HIERARCHICAL_PROMPTING,ALPHA-AUTOML,REGRESSION,196_autoMpg,deepseek-r1:14b,Hierarchical_prompt,deepseek-r1:14b,zeroshot_judging,Relevance,4,Excellent
HIERARCHICAL_PROMPTING,ALPHA-AUTOML,REGRESSION,196_autoMpg,deepseek-r1:14b,Hierarchical_prompt,llama4,zeroshot_judging,Accuracy,4,Excellent
HIERARCHICAL_PROMPTING,ALPHA-AUTOML,REGRESSION,196_autoMpg,deepseek-r1:14b,Hierarchical_prompt,llama4,zeroshot_judging,Clarity,4,Excellent
HIERARCHICAL_PROMPTING,ALPHA-AUTOML,REGRESSION,196_autoMpg,deepseek-r1:14b,Hierarchical_prompt,llama4,zeroshot_judging,Completeness,3,Good
HIERARCHICAL_PROMPTING,ALPHA-AUTOML,REGRESSION,196_autoMpg,deepseek-r1:14b,Hierarchical_prompt,llama4,zeroshot_judging,Relevance,4,Excellent
HIERARCHICAL_PROMPTING,ALPHA-AUTOML,REGRESSION,196_autoMpg,deepseek-r1:14b,Hierarchical_prompt,deepseek-r1:14b,zeroshot_judging,Accuracy,4,Excellent
HIERARCHICAL_PROMPTING,ALPHA-AUTOML,REGRESSION,196_autoMpg,deepseek-r1:14b,Hierarchical_prompt,deepseek-r1:14b,zeroshot_judging,Clarity,4,Excellent
HIERARCHICAL_PROMPTING,ALPHA-AUTOML,REGRESSION,196_autoMpg,deepseek-r1:14b,Hierarchical_prompt,deepseek-r1:14b,zeroshot_judging,Completeness,3,Good
HIERARCHICAL_PROMPTING,ALPHA-AUTOML,REGRESSION,196_autoMpg,deepseek-r1:14b,Hierarchical_prompt,deepseek-r1:14b,zeroshot_judging,Relevance,4,Excellent
HIERARCHICAL_PROMPTING,ALPHA-AUTOML,REGRESSION,196_autoMpg,deepseek-r1:14b,Hierarchical_prompt,llama4,zeroshot_judging,Accuracy,4,Excellent
HIERARCHICAL_PROMPTING,ALPHA-AUTOML,REGRESSION,196_autoMpg,deepseek-r1:14b,Hierarchical_prompt,llama4,zeroshot_judging,Clarity,4,Excellent
HIERARCHICAL_PROMPTING,ALPHA-AUTOML,REGRESSION,196_autoMpg,deepseek-r1:14b,Hierarchical_prompt,llama4,zeroshot_judging,Completeness,3,Good
HIERARCHICAL_PROMPTING,ALPHA-AUTOML,REGRESSION,196_autoMpg,deepseek-r1:14b,Hierarchical_prompt,llama4,zeroshot_judging,Relevance,4,Excellent
HIERARCHICAL_PROMPTING,ALPHA-AUTOML,REGRESSION,196_autoMpg,deepseek-r1:14b,Hierarchical_prompt,deepseek-r1:14b,zeroshot_judging,Accuracy,4,Excellent
HIERARCHICAL_PROMPTING,ALPHA-AUTOML,REGRESSION,196_autoMpg,deepseek-r1:14b,Hierarchical_prompt,deepseek-r1:14b,zeroshot_judging,Clarity,4,Excellent
HIERARCHICAL_PROMPTING,ALPHA-AUTOML,REGRESSION,196_autoMpg,deepseek-r1:14b,Hierarchical_prompt,deepseek-r1:14b,zeroshot_judging,Completeness,3,Good
HIERARCHICAL_PROMPTING,ALPHA-AUTOML,REGRESSION,196_autoMpg,deepseek-r1:14b,Hierarchical_prompt,deepseek-r1:14b,zeroshot_judging,Relevance,4,Excellent
HIERARCHICAL_PROMPTING,ALPHA-AUTOML,REGRESSION,26_radon_seed_dataset,llama4,Hierarchical_prompt,llama4,zeroshot_judging,Accuracy,3,Good
HIERARCHICAL_PROMPTING,ALPHA-AUTOML,REGRESSION,26_radon_seed_dataset,llama4,Hierarchical_prompt,llama4,zeroshot_judging,Clarity,4,Excellent
HIERARCHICAL_PROMPTING,ALPHA-AUTOML,REGRESSION,26_radon_seed_dataset,llama4,Hierarchical_prompt,llama4,zeroshot_judging,Completeness,3,Good
HIERARCHICAL_PROMPTING,ALPHA-AUTOML,REGRESSION,26_radon_seed_dataset,llama4,Hierarchical_prompt,llama4,zeroshot_judging,Relevance,4,Excellent
HIERARCHICAL_PROMPTING,ALPHA-AUTOML,REGRESSION,26_radon_seed_dataset,llama4,Hierarchical_prompt,deepseek-r1:14b,zeroshot_judging,Accuracy,3,Good
HIERARCHICAL_PROMPTING,ALPHA-AUTOML,REGRESSION,26_radon_seed_dataset,llama4,Hierarchical_prompt,deepseek-r1:14b,zeroshot_judging,Clarity,4,Excellent
HIERARCHICAL_PROMPTING,ALPHA-AUTOML,REGRESSION,26_radon_seed_dataset,llama4,Hierarchical_prompt,deepseek-r1:14b,zeroshot_judging,Completeness,2,Average
HIERARCHICAL_PROMPTING,ALPHA-AUTOML,REGRESSION,26_radon_seed_dataset,llama4,Hierarchical_prompt,deepseek-r1:14b,zeroshot_judging,Relevance,3,Good
HIERARCHICAL_PROMPTING,ALPHA-AUTOML,REGRESSION,26_radon_seed_dataset,llama4,Hierarchical_prompt,llama4,zeroshot_judging,Accuracy,3,Good
HIERARCHICAL_PROMPTING,ALPHA-AUTOML,REGRESSION,26_radon_seed_dataset,llama4,Hierarchical_prompt,llama4,zeroshot_judging,Clarity,4,Excellent
HIERARCHICAL_PROMPTING,ALPHA-AUTOML,REGRESSION,26_radon_seed_dataset,llama4,Hierarchical_prompt,llama4,zeroshot_judging,Completeness,3,Good
HIERARCHICAL_PROMPTING,ALPHA-AUTOML,REGRESSION,26_radon_seed_dataset,llama4,Hierarchical_prompt,llama4,zeroshot_judging,Relevance,4,Excellent
HIERARCHICAL_PROMPTING,ALPHA-AUTOML,REGRESSION,26_radon_seed_dataset,llama4,Hierarchical_prompt,deepseek-r1:14b,zeroshot_judging,Accuracy,3,Good
HIERARCHICAL_PROMPTING,ALPHA-AUTOML,REGRESSION,26_radon_seed_dataset,llama4,Hierarchical_prompt,deepseek-r1:14b,zeroshot_judging,Clarity,4,Excellent
HIERARCHICAL_PROMPTING,ALPHA-AUTOML,REGRESSION,26_radon_seed_dataset,llama4,Hierarchical_prompt,deepseek-r1:14b,zeroshot_judging,Completeness,2,Average
HIERARCHICAL_PROMPTING,ALPHA-AUTOML,REGRESSION,26_radon_seed_dataset,llama4,Hierarchical_prompt,deepseek-r1:14b,zeroshot_judging,Relevance,3,Good
HIERARCHICAL_PROMPTING,ALPHA-AUTOML,REGRESSION,26_radon_seed_dataset,llama4,Hierarchical_prompt,llama4,zeroshot_judging,Accuracy,3,Good
HIERARCHICAL_PROMPTING,ALPHA-AUTOML,REGRESSION,26_radon_seed_dataset,llama4,Hierarchical_prompt,llama4,zeroshot_judging,Clarity,4,Excellent
HIERARCHICAL_PROMPTING,ALPHA-AUTOML,REGRESSION,26_radon_seed_dataset,llama4,Hierarchical_prompt,llama4,zeroshot_judging,Completeness,3,Good
HIERARCHICAL_PROMPTING,ALPHA-AUTOML,REGRESSION,26_radon_seed_dataset,llama4,Hierarchical_prompt,llama4,zeroshot_judging,Relevance,4,Excellent
HIERARCHICAL_PROMPTING,ALPHA-AUTOML,REGRESSION,26_radon_seed_dataset,llama4,Hierarchical_prompt,deepseek-r1:14b,zeroshot_judging,Accuracy,3,Good
HIERARCHICAL_PROMPTING,ALPHA-AUTOML,REGRESSION,26_radon_seed_dataset,llama4,Hierarchical_prompt,deepseek-r1:14b,zeroshot_judging,Clarity,4,Excellent
HIERARCHICAL_PROMPTING,ALPHA-AUTOML,REGRESSION,26_radon_seed_dataset,llama4,Hierarchical_prompt,deepseek-r1:14b,zeroshot_judging,Completeness,2,Average
HIERARCHICAL_PROMPTING,ALPHA-AUTOML,REGRESSION,26_radon_seed_dataset,llama4,Hierarchical_prompt,deepseek-r1:14b,zeroshot_judging,Relevance,3,Good
HIERARCHICAL_PROMPTING,ALPHA-AUTOML,REGRESSION,26_radon_seed_dataset,llama4,Hierarchical_prompt,llama4,zeroshot_judging,Accuracy,3,Good
HIERARCHICAL_PROMPTING,ALPHA-AUTOML,REGRESSION,26_radon_seed_dataset,llama4,Hierarchical_prompt,llama4,zeroshot_judging,Clarity,4,Excellent
HIERARCHICAL_PROMPTING,ALPHA-AUTOML,REGRESSION,26_radon_seed_dataset,llama4,Hierarchical_prompt,llama4,zeroshot_judging,Completeness,3,Good
HIERARCHICAL_PROMPTING,ALPHA-AUTOML,REGRESSION,26_radon_seed_dataset,llama4,Hierarchical_prompt,llama4,zeroshot_judging,Relevance,4,Excellent
HIERARCHICAL_PROMPTING,ALPHA-AUTOML,REGRESSION,26_radon_seed_dataset,llama4,Hierarchical_prompt,deepseek-r1:14b,zeroshot_judging,Accuracy,3,Good
HIERARCHICAL_PROMPTING,ALPHA-AUTOML,REGRESSION,26_radon_seed_dataset,llama4,Hierarchical_prompt,deepseek-r1:14b,zeroshot_judging,Clarity,4,Excellent
HIERARCHICAL_PROMPTING,ALPHA-AUTOML,REGRESSION,26_radon_seed_dataset,llama4,Hierarchical_prompt,deepseek-r1:14b,zeroshot_judging,Completeness,2,Average
HIERARCHICAL_PROMPTING,ALPHA-AUTOML,REGRESSION,26_radon_seed_dataset,llama4,Hierarchical_prompt,deepseek-r1:14b,zeroshot_judging,Relevance,3,Good
HIERARCHICAL_PROMPTING,ALPHA-AUTOML,REGRESSION,26_radon_seed_dataset,llama4,Hierarchical_prompt,llama4,zeroshot_judging,Accuracy,3,Good
HIERARCHICAL_PROMPTING,ALPHA-AUTOML,REGRESSION,26_radon_seed_dataset,llama4,Hierarchical_prompt,llama4,zeroshot_judging,Clarity,4,Excellent
HIERARCHICAL_PROMPTING,ALPHA-AUTOML,REGRESSION,26_radon_seed_dataset,llama4,Hierarchical_prompt,llama4,zeroshot_judging,Completeness,3,Good
HIERARCHICAL_PROMPTING,ALPHA-AUTOML,REGRESSION,26_radon_seed_dataset,llama4,Hierarchical_prompt,llama4,zeroshot_judging,Relevance,4,Excellent
HIERARCHICAL_PROMPTING,ALPHA-AUTOML,REGRESSION,26_radon_seed_dataset,llama4,Hierarchical_prompt,deepseek-r1:14b,zeroshot_judging,Accuracy,3,Good
HIERARCHICAL_PROMPTING,ALPHA-AUTOML,REGRESSION,26_radon_seed_dataset,llama4,Hierarchical_prompt,deepseek-r1:14b,zeroshot_judging,Clarity,4,Excellent
HIERARCHICAL_PROMPTING,ALPHA-AUTOML,REGRESSION,26_radon_seed_dataset,llama4,Hierarchical_prompt,deepseek-r1:14b,zeroshot_judging,Completeness,2,Average
HIERARCHICAL_PROMPTING,ALPHA-AUTOML,REGRESSION,26_radon_seed_dataset,llama4,Hierarchical_prompt,deepseek-r1:14b,zeroshot_judging,Relevance,3,Good
HIERARCHICAL_PROMPTING,ALPHA-AUTOML,REGRESSION,26_radon_seed_dataset,llama4,Hierarchical_prompt,llama4,zeroshot_judging,Accuracy,3,Good
HIERARCHICAL_PROMPTING,ALPHA-AUTOML,REGRESSION,26_radon_seed_dataset,llama4,Hierarchical_prompt,llama4,zeroshot_judging,Clarity,4,Excellent
HIERARCHICAL_PROMPTING,ALPHA-AUTOML,REGRESSION,26_radon_seed_dataset,llama4,Hierarchical_prompt,llama4,zeroshot_judging,Completeness,3,Good
HIERARCHICAL_PROMPTING,ALPHA-AUTOML,REGRESSION,26_radon_seed_dataset,llama4,Hierarchical_prompt,llama4,zeroshot_judging,Relevance,4,Excellent
HIERARCHICAL_PROMPTING,ALPHA-AUTOML,REGRESSION,26_radon_seed_dataset,llama4,Hierarchical_prompt,deepseek-r1:14b,zeroshot_judging,Accuracy,3,Good
HIERARCHICAL_PROMPTING,ALPHA-AUTOML,REGRESSION,26_radon_seed_dataset,llama4,Hierarchical_prompt,deepseek-r1:14b,zeroshot_judging,Clarity,4,Excellent
HIERARCHICAL_PROMPTING,ALPHA-AUTOML,REGRESSION,26_radon_seed_dataset,llama4,Hierarchical_prompt,deepseek-r1:14b,zeroshot_judging,Completeness,2,Average
HIERARCHICAL_PROMPTING,ALPHA-AUTOML,REGRESSION,26_radon_seed_dataset,llama4,Hierarchical_prompt,deepseek-r1:14b,zeroshot_judging,Relevance,3,Good
HIERARCHICAL_PROMPTING,ALPHA-AUTOML,REGRESSION,26_radon_seed_dataset,deepseek-r1:14b,Hierarchical_prompt,llama4,zeroshot_judging,Accuracy,3,Good
HIERARCHICAL_PROMPTING,ALPHA-AUTOML,REGRESSION,26_radon_seed_dataset,deepseek-r1:14b,Hierarchical_prompt,llama4,zeroshot_judging,Clarity,3,Good
HIERARCHICAL_PROMPTING,ALPHA-AUTOML,REGRESSION,26_radon_seed_dataset,deepseek-r1:14b,Hierarchical_prompt,llama4,zeroshot_judging,Completeness,2,Average
HIERARCHICAL_PROMPTING,ALPHA-AUTOML,REGRESSION,26_radon_seed_dataset,deepseek-r1:14b,Hierarchical_prompt,llama4,zeroshot_judging,Relevance,3,Good
HIERARCHICAL_PROMPTING,ALPHA-AUTOML,REGRESSION,26_radon_seed_dataset,deepseek-r1:14b,Hierarchical_prompt,deepseek-r1:14b,zeroshot_judging,Accuracy,3,Good
HIERARCHICAL_PROMPTING,ALPHA-AUTOML,REGRESSION,26_radon_seed_dataset,deepseek-r1:14b,Hierarchical_prompt,deepseek-r1:14b,zeroshot_judging,Clarity,4,Excellent
HIERARCHICAL_PROMPTING,ALPHA-AUTOML,REGRESSION,26_radon_seed_dataset,deepseek-r1:14b,Hierarchical_prompt,deepseek-r1:14b,zeroshot_judging,Completeness,3,Good
HIERARCHICAL_PROMPTING,ALPHA-AUTOML,REGRESSION,26_radon_seed_dataset,deepseek-r1:14b,Hierarchical_prompt,deepseek-r1:14b,zeroshot_judging,Relevance,4,Excellent
HIERARCHICAL_PROMPTING,ALPHA-AUTOML,REGRESSION,26_radon_seed_dataset,deepseek-r1:14b,Hierarchical_prompt,llama4,zeroshot_judging,Accuracy,3,Good
HIERARCHICAL_PROMPTING,ALPHA-AUTOML,REGRESSION,26_radon_seed_dataset,deepseek-r1:14b,Hierarchical_prompt,llama4,zeroshot_judging,Clarity,3,Good
HIERARCHICAL_PROMPTING,ALPHA-AUTOML,REGRESSION,26_radon_seed_dataset,deepseek-r1:14b,Hierarchical_prompt,llama4,zeroshot_judging,Completeness,2,Average
HIERARCHICAL_PROMPTING,ALPHA-AUTOML,REGRESSION,26_radon_seed_dataset,deepseek-r1:14b,Hierarchical_prompt,llama4,zeroshot_judging,Relevance,3,Good
HIERARCHICAL_PROMPTING,ALPHA-AUTOML,REGRESSION,26_radon_seed_dataset,deepseek-r1:14b,Hierarchical_prompt,deepseek-r1:14b,zeroshot_judging,Accuracy,3,Good
HIERARCHICAL_PROMPTING,ALPHA-AUTOML,REGRESSION,26_radon_seed_dataset,deepseek-r1:14b,Hierarchical_prompt,deepseek-r1:14b,zeroshot_judging,Clarity,4,Excellent
HIERARCHICAL_PROMPTING,ALPHA-AUTOML,REGRESSION,26_radon_seed_dataset,deepseek-r1:14b,Hierarchical_prompt,deepseek-r1:14b,zeroshot_judging,Completeness,3,Good
HIERARCHICAL_PROMPTING,ALPHA-AUTOML,REGRESSION,26_radon_seed_dataset,deepseek-r1:14b,Hierarchical_prompt,deepseek-r1:14b,zeroshot_judging,Relevance,4,Excellent
HIERARCHICAL_PROMPTING,ALPHA-AUTOML,REGRESSION,26_radon_seed_dataset,deepseek-r1:14b,Hierarchical_prompt,llama4,zeroshot_judging,Accuracy,3,Good
HIERARCHICAL_PROMPTING,ALPHA-AUTOML,REGRESSION,26_radon_seed_dataset,deepseek-r1:14b,Hierarchical_prompt,llama4,zeroshot_judging,Clarity,3,Good
HIERARCHICAL_PROMPTING,ALPHA-AUTOML,REGRESSION,26_radon_seed_dataset,deepseek-r1:14b,Hierarchical_prompt,llama4,zeroshot_judging,Completeness,2,Average
HIERARCHICAL_PROMPTING,ALPHA-AUTOML,REGRESSION,26_radon_seed_dataset,deepseek-r1:14b,Hierarchical_prompt,llama4,zeroshot_judging,Relevance,3,Good
HIERARCHICAL_PROMPTING,ALPHA-AUTOML,REGRESSION,26_radon_seed_dataset,deepseek-r1:14b,Hierarchical_prompt,deepseek-r1:14b,zeroshot_judging,Accuracy,3,Good
HIERARCHICAL_PROMPTING,ALPHA-AUTOML,REGRESSION,26_radon_seed_dataset,deepseek-r1:14b,Hierarchical_prompt,deepseek-r1:14b,zeroshot_judging,Clarity,4,Excellent
HIERARCHICAL_PROMPTING,ALPHA-AUTOML,REGRESSION,26_radon_seed_dataset,deepseek-r1:14b,Hierarchical_prompt,deepseek-r1:14b,zeroshot_judging,Completeness,3,Good
HIERARCHICAL_PROMPTING,ALPHA-AUTOML,REGRESSION,26_radon_seed_dataset,deepseek-r1:14b,Hierarchical_prompt,deepseek-r1:14b,zeroshot_judging,Relevance,4,Excellent
HIERARCHICAL_PROMPTING,ALPHA-AUTOML,REGRESSION,26_radon_seed_dataset,deepseek-r1:14b,Hierarchical_prompt,llama4,zeroshot_judging,Accuracy,3,Good
HIERARCHICAL_PROMPTING,ALPHA-AUTOML,REGRESSION,26_radon_seed_dataset,deepseek-r1:14b,Hierarchical_prompt,llama4,zeroshot_judging,Clarity,3,Good
HIERARCHICAL_PROMPTING,ALPHA-AUTOML,REGRESSION,26_radon_seed_dataset,deepseek-r1:14b,Hierarchical_prompt,llama4,zeroshot_judging,Completeness,2,Average
HIERARCHICAL_PROMPTING,ALPHA-AUTOML,REGRESSION,26_radon_seed_dataset,deepseek-r1:14b,Hierarchical_prompt,llama4,zeroshot_judging,Relevance,3,Good
HIERARCHICAL_PROMPTING,ALPHA-AUTOML,REGRESSION,26_radon_seed_dataset,deepseek-r1:14b,Hierarchical_prompt,deepseek-r1:14b,zeroshot_judging,Accuracy,3,Good
HIERARCHICAL_PROMPTING,ALPHA-AUTOML,REGRESSION,26_radon_seed_dataset,deepseek-r1:14b,Hierarchical_prompt,deepseek-r1:14b,zeroshot_judging,Clarity,4,Excellent
HIERARCHICAL_PROMPTING,ALPHA-AUTOML,REGRESSION,26_radon_seed_dataset,deepseek-r1:14b,Hierarchical_prompt,deepseek-r1:14b,zeroshot_judging,Completeness,3,Good
HIERARCHICAL_PROMPTING,ALPHA-AUTOML,REGRESSION,26_radon_seed_dataset,deepseek-r1:14b,Hierarchical_prompt,deepseek-r1:14b,zeroshot_judging,Relevance,4,Excellent
HIERARCHICAL_PROMPTING,ALPHA-AUTOML,REGRESSION,26_radon_seed_dataset,deepseek-r1:14b,Hierarchical_prompt,llama4,zeroshot_judging,Accuracy,3,Good
HIERARCHICAL_PROMPTING,ALPHA-AUTOML,REGRESSION,26_radon_seed_dataset,deepseek-r1:14b,Hierarchical_prompt,llama4,zeroshot_judging,Clarity,3,Good
HIERARCHICAL_PROMPTING,ALPHA-AUTOML,REGRESSION,26_radon_seed_dataset,deepseek-r1:14b,Hierarchical_prompt,llama4,zeroshot_judging,Completeness,2,Average
HIERARCHICAL_PROMPTING,ALPHA-AUTOML,REGRESSION,26_radon_seed_dataset,deepseek-r1:14b,Hierarchical_prompt,llama4,zeroshot_judging,Relevance,3,Good
HIERARCHICAL_PROMPTING,ALPHA-AUTOML,REGRESSION,26_radon_seed_dataset,deepseek-r1:14b,Hierarchical_prompt,deepseek-r1:14b,zeroshot_judging,Accuracy,3,Good
HIERARCHICAL_PROMPTING,ALPHA-AUTOML,REGRESSION,26_radon_seed_dataset,deepseek-r1:14b,Hierarchical_prompt,deepseek-r1:14b,zeroshot_judging,Clarity,4,Excellent
HIERARCHICAL_PROMPTING,ALPHA-AUTOML,REGRESSION,26_radon_seed_dataset,deepseek-r1:14b,Hierarchical_prompt,deepseek-r1:14b,zeroshot_judging,Completeness,3,Good
HIERARCHICAL_PROMPTING,ALPHA-AUTOML,REGRESSION,26_radon_seed_dataset,deepseek-r1:14b,Hierarchical_prompt,deepseek-r1:14b,zeroshot_judging,Relevance,4,Excellent
HIERARCHICAL_PROMPTING,ALPHA-AUTOML,REGRESSION,26_radon_seed_dataset,deepseek-r1:14b,Hierarchical_prompt,llama4,zeroshot_judging,Accuracy,3,Good
HIERARCHICAL_PROMPTING,ALPHA-AUTOML,REGRESSION,26_radon_seed_dataset,deepseek-r1:14b,Hierarchical_prompt,llama4,zeroshot_judging,Clarity,3,Good
HIERARCHICAL_PROMPTING,ALPHA-AUTOML,REGRESSION,26_radon_seed_dataset,deepseek-r1:14b,Hierarchical_prompt,llama4,zeroshot_judging,Completeness,2,Average
HIERARCHICAL_PROMPTING,ALPHA-AUTOML,REGRESSION,26_radon_seed_dataset,deepseek-r1:14b,Hierarchical_prompt,llama4,zeroshot_judging,Relevance,3,Good
HIERARCHICAL_PROMPTING,ALPHA-AUTOML,REGRESSION,26_radon_seed_dataset,deepseek-r1:14b,Hierarchical_prompt,deepseek-r1:14b,zeroshot_judging,Accuracy,3,Good
HIERARCHICAL_PROMPTING,ALPHA-AUTOML,REGRESSION,26_radon_seed_dataset,deepseek-r1:14b,Hierarchical_prompt,deepseek-r1:14b,zeroshot_judging,Clarity,4,Excellent
HIERARCHICAL_PROMPTING,ALPHA-AUTOML,REGRESSION,26_radon_seed_dataset,deepseek-r1:14b,Hierarchical_prompt,deepseek-r1:14b,zeroshot_judging,Completeness,3,Good
HIERARCHICAL_PROMPTING,ALPHA-AUTOML,REGRESSION,26_radon_seed_dataset,deepseek-r1:14b,Hierarchical_prompt,deepseek-r1:14b,zeroshot_judging,Relevance,4,Excellent
HIERARCHICAL_PROMPTING,ALPHA-AUTOML,CLASSIFICATION,299_libras_move,llama4,Hierarchical_prompt,llama4,zeroshot_judging,Accuracy,2,Average
HIERARCHICAL_PROMPTING,ALPHA-AUTOML,CLASSIFICATION,299_libras_move,llama4,Hierarchical_prompt,llama4,zeroshot_judging,Clarity,3,Good
HIERARCHICAL_PROMPTING,ALPHA-AUTOML,CLASSIFICATION,299_libras_move,llama4,Hierarchical_prompt,llama4,zeroshot_judging,Completeness,2,Average
HIERARCHICAL_PROMPTING,ALPHA-AUTOML,CLASSIFICATION,299_libras_move,llama4,Hierarchical_prompt,llama4,zeroshot_judging,Relevance,2,Average
HIERARCHICAL_PROMPTING,ALPHA-AUTOML,CLASSIFICATION,299_libras_move,llama4,Hierarchical_prompt,deepseek-r1:14b,zeroshot_judging,Accuracy,2,Average
HIERARCHICAL_PROMPTING,ALPHA-AUTOML,CLASSIFICATION,299_libras_move,llama4,Hierarchical_prompt,deepseek-r1:14b,zeroshot_judging,Clarity,3,Good
HIERARCHICAL_PROMPTING,ALPHA-AUTOML,CLASSIFICATION,299_libras_move,llama4,Hierarchical_prompt,deepseek-r1:14b,zeroshot_judging,Completeness,1,Poor
HIERARCHICAL_PROMPTING,ALPHA-AUTOML,CLASSIFICATION,299_libras_move,llama4,Hierarchical_prompt,deepseek-r1:14b,zeroshot_judging,Relevance,2,Average
HIERARCHICAL_PROMPTING,ALPHA-AUTOML,CLASSIFICATION,299_libras_move,llama4,Hierarchical_prompt,llama4,zeroshot_judging,Accuracy,2,Average
HIERARCHICAL_PROMPTING,ALPHA-AUTOML,CLASSIFICATION,299_libras_move,llama4,Hierarchical_prompt,llama4,zeroshot_judging,Clarity,3,Good
HIERARCHICAL_PROMPTING,ALPHA-AUTOML,CLASSIFICATION,299_libras_move,llama4,Hierarchical_prompt,llama4,zeroshot_judging,Completeness,2,Average
HIERARCHICAL_PROMPTING,ALPHA-AUTOML,CLASSIFICATION,299_libras_move,llama4,Hierarchical_prompt,llama4,zeroshot_judging,Relevance,2,Average
HIERARCHICAL_PROMPTING,ALPHA-AUTOML,CLASSIFICATION,299_libras_move,llama4,Hierarchical_prompt,deepseek-r1:14b,zeroshot_judging,Accuracy,2,Average
HIERARCHICAL_PROMPTING,ALPHA-AUTOML,CLASSIFICATION,299_libras_move,llama4,Hierarchical_prompt,deepseek-r1:14b,zeroshot_judging,Clarity,3,Good
HIERARCHICAL_PROMPTING,ALPHA-AUTOML,CLASSIFICATION,299_libras_move,llama4,Hierarchical_prompt,deepseek-r1:14b,zeroshot_judging,Completeness,1,Poor
HIERARCHICAL_PROMPTING,ALPHA-AUTOML,CLASSIFICATION,299_libras_move,llama4,Hierarchical_prompt,deepseek-r1:14b,zeroshot_judging,Relevance,2,Average
HIERARCHICAL_PROMPTING,ALPHA-AUTOML,CLASSIFICATION,299_libras_move,llama4,Hierarchical_prompt,llama4,zeroshot_judging,Accuracy,2,Average
HIERARCHICAL_PROMPTING,ALPHA-AUTOML,CLASSIFICATION,299_libras_move,llama4,Hierarchical_prompt,llama4,zeroshot_judging,Clarity,3,Good
HIERARCHICAL_PROMPTING,ALPHA-AUTOML,CLASSIFICATION,299_libras_move,llama4,Hierarchical_prompt,llama4,zeroshot_judging,Completeness,2,Average
HIERARCHICAL_PROMPTING,ALPHA-AUTOML,CLASSIFICATION,299_libras_move,llama4,Hierarchical_prompt,llama4,zeroshot_judging,Relevance,2,Average
HIERARCHICAL_PROMPTING,ALPHA-AUTOML,CLASSIFICATION,299_libras_move,llama4,Hierarchical_prompt,deepseek-r1:14b,zeroshot_judging,Accuracy,2,Average
HIERARCHICAL_PROMPTING,ALPHA-AUTOML,CLASSIFICATION,299_libras_move,llama4,Hierarchical_prompt,deepseek-r1:14b,zeroshot_judging,Clarity,3,Good
HIERARCHICAL_PROMPTING,ALPHA-AUTOML,CLASSIFICATION,299_libras_move,llama4,Hierarchical_prompt,deepseek-r1:14b,zeroshot_judging,Completeness,1,Poor
HIERARCHICAL_PROMPTING,ALPHA-AUTOML,CLASSIFICATION,299_libras_move,llama4,Hierarchical_prompt,deepseek-r1:14b,zeroshot_judging,Relevance,2,Average
HIERARCHICAL_PROMPTING,ALPHA-AUTOML,CLASSIFICATION,299_libras_move,llama4,Hierarchical_prompt,llama4,zeroshot_judging,Accuracy,2,Average
HIERARCHICAL_PROMPTING,ALPHA-AUTOML,CLASSIFICATION,299_libras_move,llama4,Hierarchical_prompt,llama4,zeroshot_judging,Clarity,3,Good
HIERARCHICAL_PROMPTING,ALPHA-AUTOML,CLASSIFICATION,299_libras_move,llama4,Hierarchical_prompt,llama4,zeroshot_judging,Completeness,2,Average
HIERARCHICAL_PROMPTING,ALPHA-AUTOML,CLASSIFICATION,299_libras_move,llama4,Hierarchical_prompt,llama4,zeroshot_judging,Relevance,2,Average
HIERARCHICAL_PROMPTING,ALPHA-AUTOML,CLASSIFICATION,299_libras_move,llama4,Hierarchical_prompt,deepseek-r1:14b,zeroshot_judging,Accuracy,2,Average
HIERARCHICAL_PROMPTING,ALPHA-AUTOML,CLASSIFICATION,299_libras_move,llama4,Hierarchical_prompt,deepseek-r1:14b,zeroshot_judging,Clarity,3,Good
HIERARCHICAL_PROMPTING,ALPHA-AUTOML,CLASSIFICATION,299_libras_move,llama4,Hierarchical_prompt,deepseek-r1:14b,zeroshot_judging,Completeness,1,Poor
HIERARCHICAL_PROMPTING,ALPHA-AUTOML,CLASSIFICATION,299_libras_move,llama4,Hierarchical_prompt,deepseek-r1:14b,zeroshot_judging,Relevance,2,Average
HIERARCHICAL_PROMPTING,ALPHA-AUTOML,CLASSIFICATION,299_libras_move,llama4,Hierarchical_prompt,llama4,zeroshot_judging,Accuracy,2,Average
HIERARCHICAL_PROMPTING,ALPHA-AUTOML,CLASSIFICATION,299_libras_move,llama4,Hierarchical_prompt,llama4,zeroshot_judging,Clarity,3,Good
HIERARCHICAL_PROMPTING,ALPHA-AUTOML,CLASSIFICATION,299_libras_move,llama4,Hierarchical_prompt,llama4,zeroshot_judging,Completeness,2,Average
HIERARCHICAL_PROMPTING,ALPHA-AUTOML,CLASSIFICATION,299_libras_move,llama4,Hierarchical_prompt,llama4,zeroshot_judging,Relevance,2,Average
HIERARCHICAL_PROMPTING,ALPHA-AUTOML,CLASSIFICATION,299_libras_move,llama4,Hierarchical_prompt,deepseek-r1:14b,zeroshot_judging,Accuracy,2,Average
HIERARCHICAL_PROMPTING,ALPHA-AUTOML,CLASSIFICATION,299_libras_move,llama4,Hierarchical_prompt,deepseek-r1:14b,zeroshot_judging,Clarity,3,Good
HIERARCHICAL_PROMPTING,ALPHA-AUTOML,CLASSIFICATION,299_libras_move,llama4,Hierarchical_prompt,deepseek-r1:14b,zeroshot_judging,Completeness,1,Poor
HIERARCHICAL_PROMPTING,ALPHA-AUTOML,CLASSIFICATION,299_libras_move,llama4,Hierarchical_prompt,deepseek-r1:14b,zeroshot_judging,Relevance,2,Average
HIERARCHICAL_PROMPTING,ALPHA-AUTOML,CLASSIFICATION,299_libras_move,llama4,Hierarchical_prompt,llama4,zeroshot_judging,Accuracy,2,Average
HIERARCHICAL_PROMPTING,ALPHA-AUTOML,CLASSIFICATION,299_libras_move,llama4,Hierarchical_prompt,llama4,zeroshot_judging,Clarity,3,Good
HIERARCHICAL_PROMPTING,ALPHA-AUTOML,CLASSIFICATION,299_libras_move,llama4,Hierarchical_prompt,llama4,zeroshot_judging,Completeness,2,Average
HIERARCHICAL_PROMPTING,ALPHA-AUTOML,CLASSIFICATION,299_libras_move,llama4,Hierarchical_prompt,llama4,zeroshot_judging,Relevance,2,Average
HIERARCHICAL_PROMPTING,ALPHA-AUTOML,CLASSIFICATION,299_libras_move,llama4,Hierarchical_prompt,deepseek-r1:14b,zeroshot_judging,Accuracy,2,Average
HIERARCHICAL_PROMPTING,ALPHA-AUTOML,CLASSIFICATION,299_libras_move,llama4,Hierarchical_prompt,deepseek-r1:14b,zeroshot_judging,Clarity,3,Good
HIERARCHICAL_PROMPTING,ALPHA-AUTOML,CLASSIFICATION,299_libras_move,llama4,Hierarchical_prompt,deepseek-r1:14b,zeroshot_judging,Completeness,1,Poor
HIERARCHICAL_PROMPTING,ALPHA-AUTOML,CLASSIFICATION,299_libras_move,llama4,Hierarchical_prompt,deepseek-r1:14b,zeroshot_judging,Relevance,2,Average
HIERARCHICAL_PROMPTING,ALPHA-AUTOML,CLASSIFICATION,299_libras_move,deepseek-r1:14b,Hierarchical_prompt,llama4,zeroshot_judging,Accuracy,4,Excellent
HIERARCHICAL_PROMPTING,ALPHA-AUTOML,CLASSIFICATION,299_libras_move,deepseek-r1:14b,Hierarchical_prompt,llama4,zeroshot_judging,Clarity,4,Excellent
HIERARCHICAL_PROMPTING,ALPHA-AUTOML,CLASSIFICATION,299_libras_move,deepseek-r1:14b,Hierarchical_prompt,llama4,zeroshot_judging,Completeness,3,Good
HIERARCHICAL_PROMPTING,ALPHA-AUTOML,CLASSIFICATION,299_libras_move,deepseek-r1:14b,Hierarchical_prompt,llama4,zeroshot_judging,Relevance,3,Good
HIERARCHICAL_PROMPTING,ALPHA-AUTOML,CLASSIFICATION,299_libras_move,deepseek-r1:14b,Hierarchical_prompt,deepseek-r1:14b,zeroshot_judging,Accuracy,4,Excellent
HIERARCHICAL_PROMPTING,ALPHA-AUTOML,CLASSIFICATION,299_libras_move,deepseek-r1:14b,Hierarchical_prompt,deepseek-r1:14b,zeroshot_judging,Clarity,4,Excellent
HIERARCHICAL_PROMPTING,ALPHA-AUTOML,CLASSIFICATION,299_libras_move,deepseek-r1:14b,Hierarchical_prompt,deepseek-r1:14b,zeroshot_judging,Completeness,2,Average
HIERARCHICAL_PROMPTING,ALPHA-AUTOML,CLASSIFICATION,299_libras_move,deepseek-r1:14b,Hierarchical_prompt,deepseek-r1:14b,zeroshot_judging,Relevance,4,Excellent
HIERARCHICAL_PROMPTING,ALPHA-AUTOML,CLASSIFICATION,299_libras_move,deepseek-r1:14b,Hierarchical_prompt,llama4,zeroshot_judging,Accuracy,4,Excellent
HIERARCHICAL_PROMPTING,ALPHA-AUTOML,CLASSIFICATION,299_libras_move,deepseek-r1:14b,Hierarchical_prompt,llama4,zeroshot_judging,Clarity,4,Excellent
HIERARCHICAL_PROMPTING,ALPHA-AUTOML,CLASSIFICATION,299_libras_move,deepseek-r1:14b,Hierarchical_prompt,llama4,zeroshot_judging,Completeness,3,Good
HIERARCHICAL_PROMPTING,ALPHA-AUTOML,CLASSIFICATION,299_libras_move,deepseek-r1:14b,Hierarchical_prompt,llama4,zeroshot_judging,Relevance,3,Good
HIERARCHICAL_PROMPTING,ALPHA-AUTOML,CLASSIFICATION,299_libras_move,deepseek-r1:14b,Hierarchical_prompt,deepseek-r1:14b,zeroshot_judging,Accuracy,4,Excellent
HIERARCHICAL_PROMPTING,ALPHA-AUTOML,CLASSIFICATION,299_libras_move,deepseek-r1:14b,Hierarchical_prompt,deepseek-r1:14b,zeroshot_judging,Clarity,4,Excellent
HIERARCHICAL_PROMPTING,ALPHA-AUTOML,CLASSIFICATION,299_libras_move,deepseek-r1:14b,Hierarchical_prompt,deepseek-r1:14b,zeroshot_judging,Completeness,2,Average
HIERARCHICAL_PROMPTING,ALPHA-AUTOML,CLASSIFICATION,299_libras_move,deepseek-r1:14b,Hierarchical_prompt,deepseek-r1:14b,zeroshot_judging,Relevance,4,Excellent
HIERARCHICAL_PROMPTING,ALPHA-AUTOML,CLASSIFICATION,299_libras_move,deepseek-r1:14b,Hierarchical_prompt,llama4,zeroshot_judging,Accuracy,4,Excellent
HIERARCHICAL_PROMPTING,ALPHA-AUTOML,CLASSIFICATION,299_libras_move,deepseek-r1:14b,Hierarchical_prompt,llama4,zeroshot_judging,Clarity,4,Excellent
HIERARCHICAL_PROMPTING,ALPHA-AUTOML,CLASSIFICATION,299_libras_move,deepseek-r1:14b,Hierarchical_prompt,llama4,zeroshot_judging,Completeness,3,Good
HIERARCHICAL_PROMPTING,ALPHA-AUTOML,CLASSIFICATION,299_libras_move,deepseek-r1:14b,Hierarchical_prompt,llama4,zeroshot_judging,Relevance,3,Good
HIERARCHICAL_PROMPTING,ALPHA-AUTOML,CLASSIFICATION,299_libras_move,deepseek-r1:14b,Hierarchical_prompt,deepseek-r1:14b,zeroshot_judging,Accuracy,4,Excellent
HIERARCHICAL_PROMPTING,ALPHA-AUTOML,CLASSIFICATION,299_libras_move,deepseek-r1:14b,Hierarchical_prompt,deepseek-r1:14b,zeroshot_judging,Clarity,4,Excellent
HIERARCHICAL_PROMPTING,ALPHA-AUTOML,CLASSIFICATION,299_libras_move,deepseek-r1:14b,Hierarchical_prompt,deepseek-r1:14b,zeroshot_judging,Completeness,2,Average
HIERARCHICAL_PROMPTING,ALPHA-AUTOML,CLASSIFICATION,299_libras_move,deepseek-r1:14b,Hierarchical_prompt,deepseek-r1:14b,zeroshot_judging,Relevance,4,Excellent
HIERARCHICAL_PROMPTING,ALPHA-AUTOML,CLASSIFICATION,299_libras_move,deepseek-r1:14b,Hierarchical_prompt,llama4,zeroshot_judging,Accuracy,4,Excellent
HIERARCHICAL_PROMPTING,ALPHA-AUTOML,CLASSIFICATION,299_libras_move,deepseek-r1:14b,Hierarchical_prompt,llama4,zeroshot_judging,Clarity,4,Excellent
HIERARCHICAL_PROMPTING,ALPHA-AUTOML,CLASSIFICATION,299_libras_move,deepseek-r1:14b,Hierarchical_prompt,llama4,zeroshot_judging,Completeness,3,Good
HIERARCHICAL_PROMPTING,ALPHA-AUTOML,CLASSIFICATION,299_libras_move,deepseek-r1:14b,Hierarchical_prompt,llama4,zeroshot_judging,Relevance,3,Good
HIERARCHICAL_PROMPTING,ALPHA-AUTOML,CLASSIFICATION,299_libras_move,deepseek-r1:14b,Hierarchical_prompt,deepseek-r1:14b,zeroshot_judging,Accuracy,4,Excellent
HIERARCHICAL_PROMPTING,ALPHA-AUTOML,CLASSIFICATION,299_libras_move,deepseek-r1:14b,Hierarchical_prompt,deepseek-r1:14b,zeroshot_judging,Clarity,4,Excellent
HIERARCHICAL_PROMPTING,ALPHA-AUTOML,CLASSIFICATION,299_libras_move,deepseek-r1:14b,Hierarchical_prompt,deepseek-r1:14b,zeroshot_judging,Completeness,2,Average
HIERARCHICAL_PROMPTING,ALPHA-AUTOML,CLASSIFICATION,299_libras_move,deepseek-r1:14b,Hierarchical_prompt,deepseek-r1:14b,zeroshot_judging,Relevance,4,Excellent
HIERARCHICAL_PROMPTING,ALPHA-AUTOML,CLASSIFICATION,299_libras_move,deepseek-r1:14b,Hierarchical_prompt,llama4,zeroshot_judging,Accuracy,4,Excellent
HIERARCHICAL_PROMPTING,ALPHA-AUTOML,CLASSIFICATION,299_libras_move,deepseek-r1:14b,Hierarchical_prompt,llama4,zeroshot_judging,Clarity,4,Excellent
HIERARCHICAL_PROMPTING,ALPHA-AUTOML,CLASSIFICATION,299_libras_move,deepseek-r1:14b,Hierarchical_prompt,llama4,zeroshot_judging,Completeness,3,Good
HIERARCHICAL_PROMPTING,ALPHA-AUTOML,CLASSIFICATION,299_libras_move,deepseek-r1:14b,Hierarchical_prompt,llama4,zeroshot_judging,Relevance,3,Good
HIERARCHICAL_PROMPTING,ALPHA-AUTOML,CLASSIFICATION,299_libras_move,deepseek-r1:14b,Hierarchical_prompt,deepseek-r1:14b,zeroshot_judging,Accuracy,4,Excellent
HIERARCHICAL_PROMPTING,ALPHA-AUTOML,CLASSIFICATION,299_libras_move,deepseek-r1:14b,Hierarchical_prompt,deepseek-r1:14b,zeroshot_judging,Clarity,4,Excellent
HIERARCHICAL_PROMPTING,ALPHA-AUTOML,CLASSIFICATION,299_libras_move,deepseek-r1:14b,Hierarchical_prompt,deepseek-r1:14b,zeroshot_judging,Completeness,2,Average
HIERARCHICAL_PROMPTING,ALPHA-AUTOML,CLASSIFICATION,299_libras_move,deepseek-r1:14b,Hierarchical_prompt,deepseek-r1:14b,zeroshot_judging,Relevance,4,Excellent
HIERARCHICAL_PROMPTING,ALPHA-AUTOML,CLASSIFICATION,299_libras_move,deepseek-r1:14b,Hierarchical_prompt,llama4,zeroshot_judging,Accuracy,4,Excellent
HIERARCHICAL_PROMPTING,ALPHA-AUTOML,CLASSIFICATION,299_libras_move,deepseek-r1:14b,Hierarchical_prompt,llama4,zeroshot_judging,Clarity,4,Excellent
HIERARCHICAL_PROMPTING,ALPHA-AUTOML,CLASSIFICATION,299_libras_move,deepseek-r1:14b,Hierarchical_prompt,llama4,zeroshot_judging,Completeness,3,Good
HIERARCHICAL_PROMPTING,ALPHA-AUTOML,CLASSIFICATION,299_libras_move,deepseek-r1:14b,Hierarchical_prompt,llama4,zeroshot_judging,Relevance,3,Good
HIERARCHICAL_PROMPTING,ALPHA-AUTOML,CLASSIFICATION,299_libras_move,deepseek-r1:14b,Hierarchical_prompt,deepseek-r1:14b,zeroshot_judging,Accuracy,4,Excellent
HIERARCHICAL_PROMPTING,ALPHA-AUTOML,CLASSIFICATION,299_libras_move,deepseek-r1:14b,Hierarchical_prompt,deepseek-r1:14b,zeroshot_judging,Clarity,4,Excellent
HIERARCHICAL_PROMPTING,ALPHA-AUTOML,CLASSIFICATION,299_libras_move,deepseek-r1:14b,Hierarchical_prompt,deepseek-r1:14b,zeroshot_judging,Completeness,2,Average
HIERARCHICAL_PROMPTING,ALPHA-AUTOML,CLASSIFICATION,299_libras_move,deepseek-r1:14b,Hierarchical_prompt,deepseek-r1:14b,zeroshot_judging,Relevance,4,Excellent
HIERARCHICAL_PROMPTING,ALPHA-AUTOML,CLASSIFICATION,185_baseball_dataset,llama4,Hierarchical_prompt,llama4,zeroshot_judging,Accuracy,2,Average
HIERARCHICAL_PROMPTING,ALPHA-AUTOML,CLASSIFICATION,185_baseball_dataset,llama4,Hierarchical_prompt,llama4,zeroshot_judging,Clarity,3,Good
HIERARCHICAL_PROMPTING,ALPHA-AUTOML,CLASSIFICATION,185_baseball_dataset,llama4,Hierarchical_prompt,llama4,zeroshot_judging,Completeness,2,Average
HIERARCHICAL_PROMPTING,ALPHA-AUTOML,CLASSIFICATION,185_baseball_dataset,llama4,Hierarchical_prompt,llama4,zeroshot_judging,Relevance,2,Average
HIERARCHICAL_PROMPTING,ALPHA-AUTOML,CLASSIFICATION,185_baseball_dataset,llama4,Hierarchical_prompt,deepseek-r1:14b,zeroshot_judging,Accuracy,2,Average
HIERARCHICAL_PROMPTING,ALPHA-AUTOML,CLASSIFICATION,185_baseball_dataset,llama4,Hierarchical_prompt,deepseek-r1:14b,zeroshot_judging,Clarity,3,Good
HIERARCHICAL_PROMPTING,ALPHA-AUTOML,CLASSIFICATION,185_baseball_dataset,llama4,Hierarchical_prompt,deepseek-r1:14b,zeroshot_judging,Completeness,2,Average
HIERARCHICAL_PROMPTING,ALPHA-AUTOML,CLASSIFICATION,185_baseball_dataset,llama4,Hierarchical_prompt,deepseek-r1:14b,zeroshot_judging,Relevance,2,Average
HIERARCHICAL_PROMPTING,ALPHA-AUTOML,CLASSIFICATION,185_baseball_dataset,llama4,Hierarchical_prompt,llama4,zeroshot_judging,Accuracy,2,Average
HIERARCHICAL_PROMPTING,ALPHA-AUTOML,CLASSIFICATION,185_baseball_dataset,llama4,Hierarchical_prompt,llama4,zeroshot_judging,Clarity,3,Good
HIERARCHICAL_PROMPTING,ALPHA-AUTOML,CLASSIFICATION,185_baseball_dataset,llama4,Hierarchical_prompt,llama4,zeroshot_judging,Completeness,2,Average
HIERARCHICAL_PROMPTING,ALPHA-AUTOML,CLASSIFICATION,185_baseball_dataset,llama4,Hierarchical_prompt,llama4,zeroshot_judging,Relevance,2,Average
HIERARCHICAL_PROMPTING,ALPHA-AUTOML,CLASSIFICATION,185_baseball_dataset,llama4,Hierarchical_prompt,deepseek-r1:14b,zeroshot_judging,Accuracy,2,Average
HIERARCHICAL_PROMPTING,ALPHA-AUTOML,CLASSIFICATION,185_baseball_dataset,llama4,Hierarchical_prompt,deepseek-r1:14b,zeroshot_judging,Clarity,3,Good
HIERARCHICAL_PROMPTING,ALPHA-AUTOML,CLASSIFICATION,185_baseball_dataset,llama4,Hierarchical_prompt,deepseek-r1:14b,zeroshot_judging,Completeness,2,Average
HIERARCHICAL_PROMPTING,ALPHA-AUTOML,CLASSIFICATION,185_baseball_dataset,llama4,Hierarchical_prompt,deepseek-r1:14b,zeroshot_judging,Relevance,2,Average
HIERARCHICAL_PROMPTING,ALPHA-AUTOML,CLASSIFICATION,185_baseball_dataset,llama4,Hierarchical_prompt,llama4,zeroshot_judging,Accuracy,2,Average
HIERARCHICAL_PROMPTING,ALPHA-AUTOML,CLASSIFICATION,185_baseball_dataset,llama4,Hierarchical_prompt,llama4,zeroshot_judging,Clarity,3,Good
HIERARCHICAL_PROMPTING,ALPHA-AUTOML,CLASSIFICATION,185_baseball_dataset,llama4,Hierarchical_prompt,llama4,zeroshot_judging,Completeness,2,Average
HIERARCHICAL_PROMPTING,ALPHA-AUTOML,CLASSIFICATION,185_baseball_dataset,llama4,Hierarchical_prompt,llama4,zeroshot_judging,Relevance,2,Average
HIERARCHICAL_PROMPTING,ALPHA-AUTOML,CLASSIFICATION,185_baseball_dataset,llama4,Hierarchical_prompt,deepseek-r1:14b,zeroshot_judging,Accuracy,2,Average
HIERARCHICAL_PROMPTING,ALPHA-AUTOML,CLASSIFICATION,185_baseball_dataset,llama4,Hierarchical_prompt,deepseek-r1:14b,zeroshot_judging,Clarity,3,Good
HIERARCHICAL_PROMPTING,ALPHA-AUTOML,CLASSIFICATION,185_baseball_dataset,llama4,Hierarchical_prompt,deepseek-r1:14b,zeroshot_judging,Completeness,2,Average
HIERARCHICAL_PROMPTING,ALPHA-AUTOML,CLASSIFICATION,185_baseball_dataset,llama4,Hierarchical_prompt,deepseek-r1:14b,zeroshot_judging,Relevance,2,Average
HIERARCHICAL_PROMPTING,ALPHA-AUTOML,CLASSIFICATION,185_baseball_dataset,llama4,Hierarchical_prompt,llama4,zeroshot_judging,Accuracy,2,Average
HIERARCHICAL_PROMPTING,ALPHA-AUTOML,CLASSIFICATION,185_baseball_dataset,llama4,Hierarchical_prompt,llama4,zeroshot_judging,Clarity,3,Good
HIERARCHICAL_PROMPTING,ALPHA-AUTOML,CLASSIFICATION,185_baseball_dataset,llama4,Hierarchical_prompt,llama4,zeroshot_judging,Completeness,2,Average
HIERARCHICAL_PROMPTING,ALPHA-AUTOML,CLASSIFICATION,185_baseball_dataset,llama4,Hierarchical_prompt,llama4,zeroshot_judging,Relevance,2,Average
HIERARCHICAL_PROMPTING,ALPHA-AUTOML,CLASSIFICATION,185_baseball_dataset,llama4,Hierarchical_prompt,deepseek-r1:14b,zeroshot_judging,Accuracy,2,Average
HIERARCHICAL_PROMPTING,ALPHA-AUTOML,CLASSIFICATION,185_baseball_dataset,llama4,Hierarchical_prompt,deepseek-r1:14b,zeroshot_judging,Clarity,3,Good
HIERARCHICAL_PROMPTING,ALPHA-AUTOML,CLASSIFICATION,185_baseball_dataset,llama4,Hierarchical_prompt,deepseek-r1:14b,zeroshot_judging,Completeness,2,Average
HIERARCHICAL_PROMPTING,ALPHA-AUTOML,CLASSIFICATION,185_baseball_dataset,llama4,Hierarchical_prompt,deepseek-r1:14b,zeroshot_judging,Relevance,2,Average
HIERARCHICAL_PROMPTING,ALPHA-AUTOML,CLASSIFICATION,185_baseball_dataset,llama4,Hierarchical_prompt,llama4,zeroshot_judging,Accuracy,2,Average
HIERARCHICAL_PROMPTING,ALPHA-AUTOML,CLASSIFICATION,185_baseball_dataset,llama4,Hierarchical_prompt,llama4,zeroshot_judging,Clarity,3,Good
HIERARCHICAL_PROMPTING,ALPHA-AUTOML,CLASSIFICATION,185_baseball_dataset,llama4,Hierarchical_prompt,llama4,zeroshot_judging,Completeness,2,Average
HIERARCHICAL_PROMPTING,ALPHA-AUTOML,CLASSIFICATION,185_baseball_dataset,llama4,Hierarchical_prompt,llama4,zeroshot_judging,Relevance,2,Average
HIERARCHICAL_PROMPTING,ALPHA-AUTOML,CLASSIFICATION,185_baseball_dataset,llama4,Hierarchical_prompt,deepseek-r1:14b,zeroshot_judging,Accuracy,2,Average
HIERARCHICAL_PROMPTING,ALPHA-AUTOML,CLASSIFICATION,185_baseball_dataset,llama4,Hierarchical_prompt,deepseek-r1:14b,zeroshot_judging,Clarity,3,Good
HIERARCHICAL_PROMPTING,ALPHA-AUTOML,CLASSIFICATION,185_baseball_dataset,llama4,Hierarchical_prompt,deepseek-r1:14b,zeroshot_judging,Completeness,2,Average
HIERARCHICAL_PROMPTING,ALPHA-AUTOML,CLASSIFICATION,185_baseball_dataset,llama4,Hierarchical_prompt,deepseek-r1:14b,zeroshot_judging,Relevance,2,Average
HIERARCHICAL_PROMPTING,ALPHA-AUTOML,CLASSIFICATION,185_baseball_dataset,llama4,Hierarchical_prompt,llama4,zeroshot_judging,Accuracy,2,Average
HIERARCHICAL_PROMPTING,ALPHA-AUTOML,CLASSIFICATION,185_baseball_dataset,llama4,Hierarchical_prompt,llama4,zeroshot_judging,Clarity,3,Good
HIERARCHICAL_PROMPTING,ALPHA-AUTOML,CLASSIFICATION,185_baseball_dataset,llama4,Hierarchical_prompt,llama4,zeroshot_judging,Completeness,2,Average
HIERARCHICAL_PROMPTING,ALPHA-AUTOML,CLASSIFICATION,185_baseball_dataset,llama4,Hierarchical_prompt,llama4,zeroshot_judging,Relevance,2,Average
HIERARCHICAL_PROMPTING,ALPHA-AUTOML,CLASSIFICATION,185_baseball_dataset,llama4,Hierarchical_prompt,deepseek-r1:14b,zeroshot_judging,Accuracy,2,Average
HIERARCHICAL_PROMPTING,ALPHA-AUTOML,CLASSIFICATION,185_baseball_dataset,llama4,Hierarchical_prompt,deepseek-r1:14b,zeroshot_judging,Clarity,3,Good
HIERARCHICAL_PROMPTING,ALPHA-AUTOML,CLASSIFICATION,185_baseball_dataset,llama4,Hierarchical_prompt,deepseek-r1:14b,zeroshot_judging,Completeness,2,Average
HIERARCHICAL_PROMPTING,ALPHA-AUTOML,CLASSIFICATION,185_baseball_dataset,llama4,Hierarchical_prompt,deepseek-r1:14b,zeroshot_judging,Relevance,2,Average
HIERARCHICAL_PROMPTING,ALPHA-AUTOML,CLASSIFICATION,185_baseball_dataset,deepseek-r1:14b,Hierarchical_prompt,llama4,zeroshot_judging,Accuracy,4,Excellent
HIERARCHICAL_PROMPTING,ALPHA-AUTOML,CLASSIFICATION,185_baseball_dataset,deepseek-r1:14b,Hierarchical_prompt,llama4,zeroshot_judging,Clarity,4,Excellent
HIERARCHICAL_PROMPTING,ALPHA-AUTOML,CLASSIFICATION,185_baseball_dataset,deepseek-r1:14b,Hierarchical_prompt,llama4,zeroshot_judging,Completeness,2,Average
HIERARCHICAL_PROMPTING,ALPHA-AUTOML,CLASSIFICATION,185_baseball_dataset,deepseek-r1:14b,Hierarchical_prompt,llama4,zeroshot_judging,Relevance,4,Excellent
HIERARCHICAL_PROMPTING,ALPHA-AUTOML,CLASSIFICATION,185_baseball_dataset,deepseek-r1:14b,Hierarchical_prompt,deepseek-r1:14b,zeroshot_judging,Accuracy,3,Good
HIERARCHICAL_PROMPTING,ALPHA-AUTOML,CLASSIFICATION,185_baseball_dataset,deepseek-r1:14b,Hierarchical_prompt,deepseek-r1:14b,zeroshot_judging,Clarity,4,Excellent
HIERARCHICAL_PROMPTING,ALPHA-AUTOML,CLASSIFICATION,185_baseball_dataset,deepseek-r1:14b,Hierarchical_prompt,deepseek-r1:14b,zeroshot_judging,Completeness,2,Average
HIERARCHICAL_PROMPTING,ALPHA-AUTOML,CLASSIFICATION,185_baseball_dataset,deepseek-r1:14b,Hierarchical_prompt,deepseek-r1:14b,zeroshot_judging,Relevance,3,Good
HIERARCHICAL_PROMPTING,ALPHA-AUTOML,CLASSIFICATION,185_baseball_dataset,deepseek-r1:14b,Hierarchical_prompt,llama4,zeroshot_judging,Accuracy,4,Excellent
HIERARCHICAL_PROMPTING,ALPHA-AUTOML,CLASSIFICATION,185_baseball_dataset,deepseek-r1:14b,Hierarchical_prompt,llama4,zeroshot_judging,Clarity,4,Excellent
HIERARCHICAL_PROMPTING,ALPHA-AUTOML,CLASSIFICATION,185_baseball_dataset,deepseek-r1:14b,Hierarchical_prompt,llama4,zeroshot_judging,Completeness,2,Average
HIERARCHICAL_PROMPTING,ALPHA-AUTOML,CLASSIFICATION,185_baseball_dataset,deepseek-r1:14b,Hierarchical_prompt,llama4,zeroshot_judging,Relevance,4,Excellent
HIERARCHICAL_PROMPTING,ALPHA-AUTOML,CLASSIFICATION,185_baseball_dataset,deepseek-r1:14b,Hierarchical_prompt,deepseek-r1:14b,zeroshot_judging,Accuracy,3,Good
HIERARCHICAL_PROMPTING,ALPHA-AUTOML,CLASSIFICATION,185_baseball_dataset,deepseek-r1:14b,Hierarchical_prompt,deepseek-r1:14b,zeroshot_judging,Clarity,4,Excellent
HIERARCHICAL_PROMPTING,ALPHA-AUTOML,CLASSIFICATION,185_baseball_dataset,deepseek-r1:14b,Hierarchical_prompt,deepseek-r1:14b,zeroshot_judging,Completeness,2,Average
HIERARCHICAL_PROMPTING,ALPHA-AUTOML,CLASSIFICATION,185_baseball_dataset,deepseek-r1:14b,Hierarchical_prompt,deepseek-r1:14b,zeroshot_judging,Relevance,3,Good
HIERARCHICAL_PROMPTING,ALPHA-AUTOML,CLASSIFICATION,185_baseball_dataset,deepseek-r1:14b,Hierarchical_prompt,llama4,zeroshot_judging,Accuracy,4,Excellent
HIERARCHICAL_PROMPTING,ALPHA-AUTOML,CLASSIFICATION,185_baseball_dataset,deepseek-r1:14b,Hierarchical_prompt,llama4,zeroshot_judging,Clarity,4,Excellent
HIERARCHICAL_PROMPTING,ALPHA-AUTOML,CLASSIFICATION,185_baseball_dataset,deepseek-r1:14b,Hierarchical_prompt,llama4,zeroshot_judging,Completeness,2,Average
HIERARCHICAL_PROMPTING,ALPHA-AUTOML,CLASSIFICATION,185_baseball_dataset,deepseek-r1:14b,Hierarchical_prompt,llama4,zeroshot_judging,Relevance,4,Excellent
HIERARCHICAL_PROMPTING,ALPHA-AUTOML,CLASSIFICATION,185_baseball_dataset,deepseek-r1:14b,Hierarchical_prompt,deepseek-r1:14b,zeroshot_judging,Accuracy,3,Good
HIERARCHICAL_PROMPTING,ALPHA-AUTOML,CLASSIFICATION,185_baseball_dataset,deepseek-r1:14b,Hierarchical_prompt,deepseek-r1:14b,zeroshot_judging,Clarity,4,Excellent
HIERARCHICAL_PROMPTING,ALPHA-AUTOML,CLASSIFICATION,185_baseball_dataset,deepseek-r1:14b,Hierarchical_prompt,deepseek-r1:14b,zeroshot_judging,Completeness,2,Average
HIERARCHICAL_PROMPTING,ALPHA-AUTOML,CLASSIFICATION,185_baseball_dataset,deepseek-r1:14b,Hierarchical_prompt,deepseek-r1:14b,zeroshot_judging,Relevance,3,Good
HIERARCHICAL_PROMPTING,ALPHA-AUTOML,CLASSIFICATION,185_baseball_dataset,deepseek-r1:14b,Hierarchical_prompt,llama4,zeroshot_judging,Accuracy,4,Excellent
HIERARCHICAL_PROMPTING,ALPHA-AUTOML,CLASSIFICATION,185_baseball_dataset,deepseek-r1:14b,Hierarchical_prompt,llama4,zeroshot_judging,Clarity,4,Excellent
HIERARCHICAL_PROMPTING,ALPHA-AUTOML,CLASSIFICATION,185_baseball_dataset,deepseek-r1:14b,Hierarchical_prompt,llama4,zeroshot_judging,Completeness,2,Average
HIERARCHICAL_PROMPTING,ALPHA-AUTOML,CLASSIFICATION,185_baseball_dataset,deepseek-r1:14b,Hierarchical_prompt,llama4,zeroshot_judging,Relevance,4,Excellent
HIERARCHICAL_PROMPTING,ALPHA-AUTOML,CLASSIFICATION,185_baseball_dataset,deepseek-r1:14b,Hierarchical_prompt,deepseek-r1:14b,zeroshot_judging,Accuracy,3,Good
HIERARCHICAL_PROMPTING,ALPHA-AUTOML,CLASSIFICATION,185_baseball_dataset,deepseek-r1:14b,Hierarchical_prompt,deepseek-r1:14b,zeroshot_judging,Clarity,4,Excellent
HIERARCHICAL_PROMPTING,ALPHA-AUTOML,CLASSIFICATION,185_baseball_dataset,deepseek-r1:14b,Hierarchical_prompt,deepseek-r1:14b,zeroshot_judging,Completeness,2,Average
HIERARCHICAL_PROMPTING,ALPHA-AUTOML,CLASSIFICATION,185_baseball_dataset,deepseek-r1:14b,Hierarchical_prompt,deepseek-r1:14b,zeroshot_judging,Relevance,3,Good
HIERARCHICAL_PROMPTING,ALPHA-AUTOML,CLASSIFICATION,185_baseball_dataset,deepseek-r1:14b,Hierarchical_prompt,llama4,zeroshot_judging,Accuracy,4,Excellent
HIERARCHICAL_PROMPTING,ALPHA-AUTOML,CLASSIFICATION,185_baseball_dataset,deepseek-r1:14b,Hierarchical_prompt,llama4,zeroshot_judging,Clarity,4,Excellent
HIERARCHICAL_PROMPTING,ALPHA-AUTOML,CLASSIFICATION,185_baseball_dataset,deepseek-r1:14b,Hierarchical_prompt,llama4,zeroshot_judging,Completeness,2,Average
HIERARCHICAL_PROMPTING,ALPHA-AUTOML,CLASSIFICATION,185_baseball_dataset,deepseek-r1:14b,Hierarchical_prompt,llama4,zeroshot_judging,Relevance,4,Excellent
HIERARCHICAL_PROMPTING,ALPHA-AUTOML,CLASSIFICATION,185_baseball_dataset,deepseek-r1:14b,Hierarchical_prompt,deepseek-r1:14b,zeroshot_judging,Accuracy,3,Good
HIERARCHICAL_PROMPTING,ALPHA-AUTOML,CLASSIFICATION,185_baseball_dataset,deepseek-r1:14b,Hierarchical_prompt,deepseek-r1:14b,zeroshot_judging,Clarity,4,Excellent
HIERARCHICAL_PROMPTING,ALPHA-AUTOML,CLASSIFICATION,185_baseball_dataset,deepseek-r1:14b,Hierarchical_prompt,deepseek-r1:14b,zeroshot_judging,Completeness,2,Average
HIERARCHICAL_PROMPTING,ALPHA-AUTOML,CLASSIFICATION,185_baseball_dataset,deepseek-r1:14b,Hierarchical_prompt,deepseek-r1:14b,zeroshot_judging,Relevance,3,Good
HIERARCHICAL_PROMPTING,ALPHA-AUTOML,CLASSIFICATION,185_baseball_dataset,deepseek-r1:14b,Hierarchical_prompt,llama4,zeroshot_judging,Accuracy,4,Excellent
HIERARCHICAL_PROMPTING,ALPHA-AUTOML,CLASSIFICATION,185_baseball_dataset,deepseek-r1:14b,Hierarchical_prompt,llama4,zeroshot_judging,Clarity,4,Excellent
HIERARCHICAL_PROMPTING,ALPHA-AUTOML,CLASSIFICATION,185_baseball_dataset,deepseek-r1:14b,Hierarchical_prompt,llama4,zeroshot_judging,Completeness,2,Average
HIERARCHICAL_PROMPTING,ALPHA-AUTOML,CLASSIFICATION,185_baseball_dataset,deepseek-r1:14b,Hierarchical_prompt,llama4,zeroshot_judging,Relevance,4,Excellent
HIERARCHICAL_PROMPTING,ALPHA-AUTOML,CLASSIFICATION,185_baseball_dataset,deepseek-r1:14b,Hierarchical_prompt,deepseek-r1:14b,zeroshot_judging,Accuracy,3,Good
HIERARCHICAL_PROMPTING,ALPHA-AUTOML,CLASSIFICATION,185_baseball_dataset,deepseek-r1:14b,Hierarchical_prompt,deepseek-r1:14b,zeroshot_judging,Clarity,4,Excellent
HIERARCHICAL_PROMPTING,ALPHA-AUTOML,CLASSIFICATION,185_baseball_dataset,deepseek-r1:14b,Hierarchical_prompt,deepseek-r1:14b,zeroshot_judging,Completeness,2,Average
HIERARCHICAL_PROMPTING,ALPHA-AUTOML,CLASSIFICATION,185_baseball_dataset,deepseek-r1:14b,Hierarchical_prompt,deepseek-r1:14b,zeroshot_judging,Relevance,3,Good
HIERARCHICAL_PROMPTING,ALPHA-AUTOML,CLASSIFICATION,1491_one_hundred_plants,llama4,Hierarchical_prompt,llama4,zeroshot_judging,Accuracy,4,Excellent
HIERARCHICAL_PROMPTING,ALPHA-AUTOML,CLASSIFICATION,1491_one_hundred_plants,llama4,Hierarchical_prompt,llama4,zeroshot_judging,Clarity,4,Excellent
HIERARCHICAL_PROMPTING,ALPHA-AUTOML,CLASSIFICATION,1491_one_hundred_plants,llama4,Hierarchical_prompt,llama4,zeroshot_judging,Completeness,3,Good
HIERARCHICAL_PROMPTING,ALPHA-AUTOML,CLASSIFICATION,1491_one_hundred_plants,llama4,Hierarchical_prompt,llama4,zeroshot_judging,Relevance,4,Excellent
HIERARCHICAL_PROMPTING,ALPHA-AUTOML,CLASSIFICATION,1491_one_hundred_plants,llama4,Hierarchical_prompt,deepseek-r1:14b,zeroshot_judging,Accuracy,2,Average
HIERARCHICAL_PROMPTING,ALPHA-AUTOML,CLASSIFICATION,1491_one_hundred_plants,llama4,Hierarchical_prompt,deepseek-r1:14b,zeroshot_judging,Clarity,3,Good
HIERARCHICAL_PROMPTING,ALPHA-AUTOML,CLASSIFICATION,1491_one_hundred_plants,llama4,Hierarchical_prompt,deepseek-r1:14b,zeroshot_judging,Completeness,2,Average
HIERARCHICAL_PROMPTING,ALPHA-AUTOML,CLASSIFICATION,1491_one_hundred_plants,llama4,Hierarchical_prompt,deepseek-r1:14b,zeroshot_judging,Relevance,3,Good
HIERARCHICAL_PROMPTING,ALPHA-AUTOML,CLASSIFICATION,1491_one_hundred_plants,llama4,Hierarchical_prompt,llama4,zeroshot_judging,Accuracy,4,Excellent
HIERARCHICAL_PROMPTING,ALPHA-AUTOML,CLASSIFICATION,1491_one_hundred_plants,llama4,Hierarchical_prompt,llama4,zeroshot_judging,Clarity,4,Excellent
HIERARCHICAL_PROMPTING,ALPHA-AUTOML,CLASSIFICATION,1491_one_hundred_plants,llama4,Hierarchical_prompt,llama4,zeroshot_judging,Completeness,3,Good
HIERARCHICAL_PROMPTING,ALPHA-AUTOML,CLASSIFICATION,1491_one_hundred_plants,llama4,Hierarchical_prompt,llama4,zeroshot_judging,Relevance,4,Excellent
HIERARCHICAL_PROMPTING,ALPHA-AUTOML,CLASSIFICATION,1491_one_hundred_plants,llama4,Hierarchical_prompt,deepseek-r1:14b,zeroshot_judging,Accuracy,2,Average
HIERARCHICAL_PROMPTING,ALPHA-AUTOML,CLASSIFICATION,1491_one_hundred_plants,llama4,Hierarchical_prompt,deepseek-r1:14b,zeroshot_judging,Clarity,3,Good
HIERARCHICAL_PROMPTING,ALPHA-AUTOML,CLASSIFICATION,1491_one_hundred_plants,llama4,Hierarchical_prompt,deepseek-r1:14b,zeroshot_judging,Completeness,2,Average
HIERARCHICAL_PROMPTING,ALPHA-AUTOML,CLASSIFICATION,1491_one_hundred_plants,llama4,Hierarchical_prompt,deepseek-r1:14b,zeroshot_judging,Relevance,3,Good
HIERARCHICAL_PROMPTING,ALPHA-AUTOML,CLASSIFICATION,1491_one_hundred_plants,llama4,Hierarchical_prompt,llama4,zeroshot_judging,Accuracy,4,Excellent
HIERARCHICAL_PROMPTING,ALPHA-AUTOML,CLASSIFICATION,1491_one_hundred_plants,llama4,Hierarchical_prompt,llama4,zeroshot_judging,Clarity,4,Excellent
HIERARCHICAL_PROMPTING,ALPHA-AUTOML,CLASSIFICATION,1491_one_hundred_plants,llama4,Hierarchical_prompt,llama4,zeroshot_judging,Completeness,3,Good
HIERARCHICAL_PROMPTING,ALPHA-AUTOML,CLASSIFICATION,1491_one_hundred_plants,llama4,Hierarchical_prompt,llama4,zeroshot_judging,Relevance,4,Excellent
HIERARCHICAL_PROMPTING,ALPHA-AUTOML,CLASSIFICATION,1491_one_hundred_plants,llama4,Hierarchical_prompt,deepseek-r1:14b,zeroshot_judging,Accuracy,2,Average
HIERARCHICAL_PROMPTING,ALPHA-AUTOML,CLASSIFICATION,1491_one_hundred_plants,llama4,Hierarchical_prompt,deepseek-r1:14b,zeroshot_judging,Clarity,3,Good
HIERARCHICAL_PROMPTING,ALPHA-AUTOML,CLASSIFICATION,1491_one_hundred_plants,llama4,Hierarchical_prompt,deepseek-r1:14b,zeroshot_judging,Completeness,2,Average
HIERARCHICAL_PROMPTING,ALPHA-AUTOML,CLASSIFICATION,1491_one_hundred_plants,llama4,Hierarchical_prompt,deepseek-r1:14b,zeroshot_judging,Relevance,3,Good
HIERARCHICAL_PROMPTING,ALPHA-AUTOML,CLASSIFICATION,1491_one_hundred_plants,llama4,Hierarchical_prompt,llama4,zeroshot_judging,Accuracy,4,Excellent
HIERARCHICAL_PROMPTING,ALPHA-AUTOML,CLASSIFICATION,1491_one_hundred_plants,llama4,Hierarchical_prompt,llama4,zeroshot_judging,Clarity,4,Excellent
HIERARCHICAL_PROMPTING,ALPHA-AUTOML,CLASSIFICATION,1491_one_hundred_plants,llama4,Hierarchical_prompt,llama4,zeroshot_judging,Completeness,3,Good
HIERARCHICAL_PROMPTING,ALPHA-AUTOML,CLASSIFICATION,1491_one_hundred_plants,llama4,Hierarchical_prompt,llama4,zeroshot_judging,Relevance,4,Excellent
HIERARCHICAL_PROMPTING,ALPHA-AUTOML,CLASSIFICATION,1491_one_hundred_plants,llama4,Hierarchical_prompt,deepseek-r1:14b,zeroshot_judging,Accuracy,2,Average
HIERARCHICAL_PROMPTING,ALPHA-AUTOML,CLASSIFICATION,1491_one_hundred_plants,llama4,Hierarchical_prompt,deepseek-r1:14b,zeroshot_judging,Clarity,3,Good
HIERARCHICAL_PROMPTING,ALPHA-AUTOML,CLASSIFICATION,1491_one_hundred_plants,llama4,Hierarchical_prompt,deepseek-r1:14b,zeroshot_judging,Completeness,2,Average
HIERARCHICAL_PROMPTING,ALPHA-AUTOML,CLASSIFICATION,1491_one_hundred_plants,llama4,Hierarchical_prompt,deepseek-r1:14b,zeroshot_judging,Relevance,3,Good
HIERARCHICAL_PROMPTING,ALPHA-AUTOML,CLASSIFICATION,1491_one_hundred_plants,llama4,Hierarchical_prompt,llama4,zeroshot_judging,Accuracy,4,Excellent
HIERARCHICAL_PROMPTING,ALPHA-AUTOML,CLASSIFICATION,1491_one_hundred_plants,llama4,Hierarchical_prompt,llama4,zeroshot_judging,Clarity,4,Excellent
HIERARCHICAL_PROMPTING,ALPHA-AUTOML,CLASSIFICATION,1491_one_hundred_plants,llama4,Hierarchical_prompt,llama4,zeroshot_judging,Completeness,3,Good
HIERARCHICAL_PROMPTING,ALPHA-AUTOML,CLASSIFICATION,1491_one_hundred_plants,llama4,Hierarchical_prompt,llama4,zeroshot_judging,Relevance,4,Excellent
HIERARCHICAL_PROMPTING,ALPHA-AUTOML,CLASSIFICATION,1491_one_hundred_plants,llama4,Hierarchical_prompt,deepseek-r1:14b,zeroshot_judging,Accuracy,2,Average
HIERARCHICAL_PROMPTING,ALPHA-AUTOML,CLASSIFICATION,1491_one_hundred_plants,llama4,Hierarchical_prompt,deepseek-r1:14b,zeroshot_judging,Clarity,3,Good
HIERARCHICAL_PROMPTING,ALPHA-AUTOML,CLASSIFICATION,1491_one_hundred_plants,llama4,Hierarchical_prompt,deepseek-r1:14b,zeroshot_judging,Completeness,2,Average
HIERARCHICAL_PROMPTING,ALPHA-AUTOML,CLASSIFICATION,1491_one_hundred_plants,llama4,Hierarchical_prompt,deepseek-r1:14b,zeroshot_judging,Relevance,3,Good
HIERARCHICAL_PROMPTING,ALPHA-AUTOML,CLASSIFICATION,1491_one_hundred_plants,llama4,Hierarchical_prompt,llama4,zeroshot_judging,Accuracy,4,Excellent
HIERARCHICAL_PROMPTING,ALPHA-AUTOML,CLASSIFICATION,1491_one_hundred_plants,llama4,Hierarchical_prompt,llama4,zeroshot_judging,Clarity,4,Excellent
HIERARCHICAL_PROMPTING,ALPHA-AUTOML,CLASSIFICATION,1491_one_hundred_plants,llama4,Hierarchical_prompt,llama4,zeroshot_judging,Completeness,3,Good
HIERARCHICAL_PROMPTING,ALPHA-AUTOML,CLASSIFICATION,1491_one_hundred_plants,llama4,Hierarchical_prompt,llama4,zeroshot_judging,Relevance,4,Excellent
HIERARCHICAL_PROMPTING,ALPHA-AUTOML,CLASSIFICATION,1491_one_hundred_plants,llama4,Hierarchical_prompt,deepseek-r1:14b,zeroshot_judging,Accuracy,2,Average
HIERARCHICAL_PROMPTING,ALPHA-AUTOML,CLASSIFICATION,1491_one_hundred_plants,llama4,Hierarchical_prompt,deepseek-r1:14b,zeroshot_judging,Clarity,3,Good
HIERARCHICAL_PROMPTING,ALPHA-AUTOML,CLASSIFICATION,1491_one_hundred_plants,llama4,Hierarchical_prompt,deepseek-r1:14b,zeroshot_judging,Completeness,2,Average
HIERARCHICAL_PROMPTING,ALPHA-AUTOML,CLASSIFICATION,1491_one_hundred_plants,llama4,Hierarchical_prompt,deepseek-r1:14b,zeroshot_judging,Relevance,3,Good
HIERARCHICAL_PROMPTING,ALPHA-AUTOML,CLASSIFICATION,1491_one_hundred_plants,deepseek-r1:14b,Hierarchical_prompt,llama4,zeroshot_judging,Accuracy,4,Excellent
HIERARCHICAL_PROMPTING,ALPHA-AUTOML,CLASSIFICATION,1491_one_hundred_plants,deepseek-r1:14b,Hierarchical_prompt,llama4,zeroshot_judging,Clarity,4,Excellent
HIERARCHICAL_PROMPTING,ALPHA-AUTOML,CLASSIFICATION,1491_one_hundred_plants,deepseek-r1:14b,Hierarchical_prompt,llama4,zeroshot_judging,Completeness,3,Good
HIERARCHICAL_PROMPTING,ALPHA-AUTOML,CLASSIFICATION,1491_one_hundred_plants,deepseek-r1:14b,Hierarchical_prompt,llama4,zeroshot_judging,Relevance,4,Excellent
HIERARCHICAL_PROMPTING,ALPHA-AUTOML,CLASSIFICATION,1491_one_hundred_plants,deepseek-r1:14b,Hierarchical_prompt,deepseek-r1:14b,zeroshot_judging,Accuracy,4,Excellent
HIERARCHICAL_PROMPTING,ALPHA-AUTOML,CLASSIFICATION,1491_one_hundred_plants,deepseek-r1:14b,Hierarchical_prompt,deepseek-r1:14b,zeroshot_judging,Clarity,4,Excellent
HIERARCHICAL_PROMPTING,ALPHA-AUTOML,CLASSIFICATION,1491_one_hundred_plants,deepseek-r1:14b,Hierarchical_prompt,deepseek-r1:14b,zeroshot_judging,Completeness,2,Average
HIERARCHICAL_PROMPTING,ALPHA-AUTOML,CLASSIFICATION,1491_one_hundred_plants,deepseek-r1:14b,Hierarchical_prompt,deepseek-r1:14b,zeroshot_judging,Relevance,2,Average
HIERARCHICAL_PROMPTING,ALPHA-AUTOML,CLASSIFICATION,1491_one_hundred_plants,deepseek-r1:14b,Hierarchical_prompt,llama4,zeroshot_judging,Accuracy,4,Excellent
HIERARCHICAL_PROMPTING,ALPHA-AUTOML,CLASSIFICATION,1491_one_hundred_plants,deepseek-r1:14b,Hierarchical_prompt,llama4,zeroshot_judging,Clarity,4,Excellent
HIERARCHICAL_PROMPTING,ALPHA-AUTOML,CLASSIFICATION,1491_one_hundred_plants,deepseek-r1:14b,Hierarchical_prompt,llama4,zeroshot_judging,Completeness,3,Good
HIERARCHICAL_PROMPTING,ALPHA-AUTOML,CLASSIFICATION,1491_one_hundred_plants,deepseek-r1:14b,Hierarchical_prompt,llama4,zeroshot_judging,Relevance,4,Excellent
HIERARCHICAL_PROMPTING,ALPHA-AUTOML,CLASSIFICATION,1491_one_hundred_plants,deepseek-r1:14b,Hierarchical_prompt,deepseek-r1:14b,zeroshot_judging,Accuracy,4,Excellent
HIERARCHICAL_PROMPTING,ALPHA-AUTOML,CLASSIFICATION,1491_one_hundred_plants,deepseek-r1:14b,Hierarchical_prompt,deepseek-r1:14b,zeroshot_judging,Clarity,4,Excellent
HIERARCHICAL_PROMPTING,ALPHA-AUTOML,CLASSIFICATION,1491_one_hundred_plants,deepseek-r1:14b,Hierarchical_prompt,deepseek-r1:14b,zeroshot_judging,Completeness,2,Average
HIERARCHICAL_PROMPTING,ALPHA-AUTOML,CLASSIFICATION,1491_one_hundred_plants,deepseek-r1:14b,Hierarchical_prompt,deepseek-r1:14b,zeroshot_judging,Relevance,2,Average
HIERARCHICAL_PROMPTING,ALPHA-AUTOML,CLASSIFICATION,1491_one_hundred_plants,deepseek-r1:14b,Hierarchical_prompt,llama4,zeroshot_judging,Accuracy,4,Excellent
HIERARCHICAL_PROMPTING,ALPHA-AUTOML,CLASSIFICATION,1491_one_hundred_plants,deepseek-r1:14b,Hierarchical_prompt,llama4,zeroshot_judging,Clarity,4,Excellent
HIERARCHICAL_PROMPTING,ALPHA-AUTOML,CLASSIFICATION,1491_one_hundred_plants,deepseek-r1:14b,Hierarchical_prompt,llama4,zeroshot_judging,Completeness,3,Good
HIERARCHICAL_PROMPTING,ALPHA-AUTOML,CLASSIFICATION,1491_one_hundred_plants,deepseek-r1:14b,Hierarchical_prompt,llama4,zeroshot_judging,Relevance,4,Excellent
HIERARCHICAL_PROMPTING,ALPHA-AUTOML,CLASSIFICATION,1491_one_hundred_plants,deepseek-r1:14b,Hierarchical_prompt,deepseek-r1:14b,zeroshot_judging,Accuracy,4,Excellent
HIERARCHICAL_PROMPTING,ALPHA-AUTOML,CLASSIFICATION,1491_one_hundred_plants,deepseek-r1:14b,Hierarchical_prompt,deepseek-r1:14b,zeroshot_judging,Clarity,4,Excellent
HIERARCHICAL_PROMPTING,ALPHA-AUTOML,CLASSIFICATION,1491_one_hundred_plants,deepseek-r1:14b,Hierarchical_prompt,deepseek-r1:14b,zeroshot_judging,Completeness,2,Average
HIERARCHICAL_PROMPTING,ALPHA-AUTOML,CLASSIFICATION,1491_one_hundred_plants,deepseek-r1:14b,Hierarchical_prompt,deepseek-r1:14b,zeroshot_judging,Relevance,2,Average
HIERARCHICAL_PROMPTING,ALPHA-AUTOML,CLASSIFICATION,1491_one_hundred_plants,deepseek-r1:14b,Hierarchical_prompt,llama4,zeroshot_judging,Accuracy,4,Excellent
HIERARCHICAL_PROMPTING,ALPHA-AUTOML,CLASSIFICATION,1491_one_hundred_plants,deepseek-r1:14b,Hierarchical_prompt,llama4,zeroshot_judging,Clarity,4,Excellent
HIERARCHICAL_PROMPTING,ALPHA-AUTOML,CLASSIFICATION,1491_one_hundred_plants,deepseek-r1:14b,Hierarchical_prompt,llama4,zeroshot_judging,Completeness,3,Good
HIERARCHICAL_PROMPTING,ALPHA-AUTOML,CLASSIFICATION,1491_one_hundred_plants,deepseek-r1:14b,Hierarchical_prompt,llama4,zeroshot_judging,Relevance,4,Excellent
HIERARCHICAL_PROMPTING,ALPHA-AUTOML,CLASSIFICATION,1491_one_hundred_plants,deepseek-r1:14b,Hierarchical_prompt,deepseek-r1:14b,zeroshot_judging,Accuracy,4,Excellent
HIERARCHICAL_PROMPTING,ALPHA-AUTOML,CLASSIFICATION,1491_one_hundred_plants,deepseek-r1:14b,Hierarchical_prompt,deepseek-r1:14b,zeroshot_judging,Clarity,4,Excellent
HIERARCHICAL_PROMPTING,ALPHA-AUTOML,CLASSIFICATION,1491_one_hundred_plants,deepseek-r1:14b,Hierarchical_prompt,deepseek-r1:14b,zeroshot_judging,Completeness,2,Average
HIERARCHICAL_PROMPTING,ALPHA-AUTOML,CLASSIFICATION,1491_one_hundred_plants,deepseek-r1:14b,Hierarchical_prompt,deepseek-r1:14b,zeroshot_judging,Relevance,2,Average
HIERARCHICAL_PROMPTING,ALPHA-AUTOML,CLASSIFICATION,1491_one_hundred_plants,deepseek-r1:14b,Hierarchical_prompt,llama4,zeroshot_judging,Accuracy,4,Excellent
HIERARCHICAL_PROMPTING,ALPHA-AUTOML,CLASSIFICATION,1491_one_hundred_plants,deepseek-r1:14b,Hierarchical_prompt,llama4,zeroshot_judging,Clarity,4,Excellent
HIERARCHICAL_PROMPTING,ALPHA-AUTOML,CLASSIFICATION,1491_one_hundred_plants,deepseek-r1:14b,Hierarchical_prompt,llama4,zeroshot_judging,Completeness,3,Good
HIERARCHICAL_PROMPTING,ALPHA-AUTOML,CLASSIFICATION,1491_one_hundred_plants,deepseek-r1:14b,Hierarchical_prompt,llama4,zeroshot_judging,Relevance,4,Excellent
HIERARCHICAL_PROMPTING,ALPHA-AUTOML,CLASSIFICATION,1491_one_hundred_plants,deepseek-r1:14b,Hierarchical_prompt,deepseek-r1:14b,zeroshot_judging,Accuracy,4,Excellent
HIERARCHICAL_PROMPTING,ALPHA-AUTOML,CLASSIFICATION,1491_one_hundred_plants,deepseek-r1:14b,Hierarchical_prompt,deepseek-r1:14b,zeroshot_judging,Clarity,4,Excellent
HIERARCHICAL_PROMPTING,ALPHA-AUTOML,CLASSIFICATION,1491_one_hundred_plants,deepseek-r1:14b,Hierarchical_prompt,deepseek-r1:14b,zeroshot_judging,Completeness,2,Average
HIERARCHICAL_PROMPTING,ALPHA-AUTOML,CLASSIFICATION,1491_one_hundred_plants,deepseek-r1:14b,Hierarchical_prompt,deepseek-r1:14b,zeroshot_judging,Relevance,2,Average
HIERARCHICAL_PROMPTING,ALPHA-AUTOML,CLASSIFICATION,1491_one_hundred_plants,deepseek-r1:14b,Hierarchical_prompt,llama4,zeroshot_judging,Accuracy,4,Excellent
HIERARCHICAL_PROMPTING,ALPHA-AUTOML,CLASSIFICATION,1491_one_hundred_plants,deepseek-r1:14b,Hierarchical_prompt,llama4,zeroshot_judging,Clarity,4,Excellent
HIERARCHICAL_PROMPTING,ALPHA-AUTOML,CLASSIFICATION,1491_one_hundred_plants,deepseek-r1:14b,Hierarchical_prompt,llama4,zeroshot_judging,Completeness,3,Good
HIERARCHICAL_PROMPTING,ALPHA-AUTOML,CLASSIFICATION,1491_one_hundred_plants,deepseek-r1:14b,Hierarchical_prompt,llama4,zeroshot_judging,Relevance,4,Excellent
HIERARCHICAL_PROMPTING,ALPHA-AUTOML,CLASSIFICATION,1491_one_hundred_plants,deepseek-r1:14b,Hierarchical_prompt,deepseek-r1:14b,zeroshot_judging,Accuracy,4,Excellent
HIERARCHICAL_PROMPTING,ALPHA-AUTOML,CLASSIFICATION,1491_one_hundred_plants,deepseek-r1:14b,Hierarchical_prompt,deepseek-r1:14b,zeroshot_judging,Clarity,4,Excellent
HIERARCHICAL_PROMPTING,ALPHA-AUTOML,CLASSIFICATION,1491_one_hundred_plants,deepseek-r1:14b,Hierarchical_prompt,deepseek-r1:14b,zeroshot_judging,Completeness,2,Average
HIERARCHICAL_PROMPTING,ALPHA-AUTOML,CLASSIFICATION,1491_one_hundred_plants,deepseek-r1:14b,Hierarchical_prompt,deepseek-r1:14b,zeroshot_judging,Relevance,2,Average
HIERARCHICAL_PROMPTING,ALPHA-AUTOML,CLASSIFICATION,1567_poker_hand,llama4,Hierarchical_prompt,llama4,zeroshot_judging,Accuracy,4,Excellent
HIERARCHICAL_PROMPTING,ALPHA-AUTOML,CLASSIFICATION,1567_poker_hand,llama4,Hierarchical_prompt,llama4,zeroshot_judging,Clarity,4,Excellent
HIERARCHICAL_PROMPTING,ALPHA-AUTOML,CLASSIFICATION,1567_poker_hand,llama4,Hierarchical_prompt,llama4,zeroshot_judging,Completeness,3,Good
HIERARCHICAL_PROMPTING,ALPHA-AUTOML,CLASSIFICATION,1567_poker_hand,llama4,Hierarchical_prompt,llama4,zeroshot_judging,Relevance,4,Excellent
HIERARCHICAL_PROMPTING,ALPHA-AUTOML,CLASSIFICATION,1567_poker_hand,llama4,Hierarchical_prompt,deepseek-r1:14b,zeroshot_judging,Accuracy,3,Good
HIERARCHICAL_PROMPTING,ALPHA-AUTOML,CLASSIFICATION,1567_poker_hand,llama4,Hierarchical_prompt,deepseek-r1:14b,zeroshot_judging,Clarity,4,Excellent
HIERARCHICAL_PROMPTING,ALPHA-AUTOML,CLASSIFICATION,1567_poker_hand,llama4,Hierarchical_prompt,deepseek-r1:14b,zeroshot_judging,Completeness,2,Average
HIERARCHICAL_PROMPTING,ALPHA-AUTOML,CLASSIFICATION,1567_poker_hand,llama4,Hierarchical_prompt,deepseek-r1:14b,zeroshot_judging,Relevance,2,Average
HIERARCHICAL_PROMPTING,ALPHA-AUTOML,CLASSIFICATION,1567_poker_hand,llama4,Hierarchical_prompt,llama4,zeroshot_judging,Accuracy,4,Excellent
HIERARCHICAL_PROMPTING,ALPHA-AUTOML,CLASSIFICATION,1567_poker_hand,llama4,Hierarchical_prompt,llama4,zeroshot_judging,Clarity,4,Excellent
HIERARCHICAL_PROMPTING,ALPHA-AUTOML,CLASSIFICATION,1567_poker_hand,llama4,Hierarchical_prompt,llama4,zeroshot_judging,Completeness,3,Good
HIERARCHICAL_PROMPTING,ALPHA-AUTOML,CLASSIFICATION,1567_poker_hand,llama4,Hierarchical_prompt,llama4,zeroshot_judging,Relevance,4,Excellent
HIERARCHICAL_PROMPTING,ALPHA-AUTOML,CLASSIFICATION,1567_poker_hand,llama4,Hierarchical_prompt,deepseek-r1:14b,zeroshot_judging,Accuracy,3,Good
HIERARCHICAL_PROMPTING,ALPHA-AUTOML,CLASSIFICATION,1567_poker_hand,llama4,Hierarchical_prompt,deepseek-r1:14b,zeroshot_judging,Clarity,4,Excellent
HIERARCHICAL_PROMPTING,ALPHA-AUTOML,CLASSIFICATION,1567_poker_hand,llama4,Hierarchical_prompt,deepseek-r1:14b,zeroshot_judging,Completeness,2,Average
HIERARCHICAL_PROMPTING,ALPHA-AUTOML,CLASSIFICATION,1567_poker_hand,llama4,Hierarchical_prompt,deepseek-r1:14b,zeroshot_judging,Relevance,2,Average
HIERARCHICAL_PROMPTING,ALPHA-AUTOML,CLASSIFICATION,1567_poker_hand,llama4,Hierarchical_prompt,llama4,zeroshot_judging,Accuracy,4,Excellent
HIERARCHICAL_PROMPTING,ALPHA-AUTOML,CLASSIFICATION,1567_poker_hand,llama4,Hierarchical_prompt,llama4,zeroshot_judging,Clarity,4,Excellent
HIERARCHICAL_PROMPTING,ALPHA-AUTOML,CLASSIFICATION,1567_poker_hand,llama4,Hierarchical_prompt,llama4,zeroshot_judging,Completeness,3,Good
HIERARCHICAL_PROMPTING,ALPHA-AUTOML,CLASSIFICATION,1567_poker_hand,llama4,Hierarchical_prompt,llama4,zeroshot_judging,Relevance,4,Excellent
HIERARCHICAL_PROMPTING,ALPHA-AUTOML,CLASSIFICATION,1567_poker_hand,llama4,Hierarchical_prompt,deepseek-r1:14b,zeroshot_judging,Accuracy,3,Good
HIERARCHICAL_PROMPTING,ALPHA-AUTOML,CLASSIFICATION,1567_poker_hand,llama4,Hierarchical_prompt,deepseek-r1:14b,zeroshot_judging,Clarity,4,Excellent
HIERARCHICAL_PROMPTING,ALPHA-AUTOML,CLASSIFICATION,1567_poker_hand,llama4,Hierarchical_prompt,deepseek-r1:14b,zeroshot_judging,Completeness,2,Average
HIERARCHICAL_PROMPTING,ALPHA-AUTOML,CLASSIFICATION,1567_poker_hand,llama4,Hierarchical_prompt,deepseek-r1:14b,zeroshot_judging,Relevance,2,Average
HIERARCHICAL_PROMPTING,ALPHA-AUTOML,CLASSIFICATION,1567_poker_hand,llama4,Hierarchical_prompt,llama4,zeroshot_judging,Accuracy,4,Excellent
HIERARCHICAL_PROMPTING,ALPHA-AUTOML,CLASSIFICATION,1567_poker_hand,llama4,Hierarchical_prompt,llama4,zeroshot_judging,Clarity,4,Excellent
HIERARCHICAL_PROMPTING,ALPHA-AUTOML,CLASSIFICATION,1567_poker_hand,llama4,Hierarchical_prompt,llama4,zeroshot_judging,Completeness,3,Good
HIERARCHICAL_PROMPTING,ALPHA-AUTOML,CLASSIFICATION,1567_poker_hand,llama4,Hierarchical_prompt,llama4,zeroshot_judging,Relevance,4,Excellent
HIERARCHICAL_PROMPTING,ALPHA-AUTOML,CLASSIFICATION,1567_poker_hand,llama4,Hierarchical_prompt,deepseek-r1:14b,zeroshot_judging,Accuracy,3,Good
HIERARCHICAL_PROMPTING,ALPHA-AUTOML,CLASSIFICATION,1567_poker_hand,llama4,Hierarchical_prompt,deepseek-r1:14b,zeroshot_judging,Clarity,4,Excellent
HIERARCHICAL_PROMPTING,ALPHA-AUTOML,CLASSIFICATION,1567_poker_hand,llama4,Hierarchical_prompt,deepseek-r1:14b,zeroshot_judging,Completeness,2,Average
HIERARCHICAL_PROMPTING,ALPHA-AUTOML,CLASSIFICATION,1567_poker_hand,llama4,Hierarchical_prompt,deepseek-r1:14b,zeroshot_judging,Relevance,2,Average
HIERARCHICAL_PROMPTING,ALPHA-AUTOML,CLASSIFICATION,1567_poker_hand,llama4,Hierarchical_prompt,llama4,zeroshot_judging,Accuracy,4,Excellent
HIERARCHICAL_PROMPTING,ALPHA-AUTOML,CLASSIFICATION,1567_poker_hand,llama4,Hierarchical_prompt,llama4,zeroshot_judging,Clarity,4,Excellent
HIERARCHICAL_PROMPTING,ALPHA-AUTOML,CLASSIFICATION,1567_poker_hand,llama4,Hierarchical_prompt,llama4,zeroshot_judging,Completeness,3,Good
HIERARCHICAL_PROMPTING,ALPHA-AUTOML,CLASSIFICATION,1567_poker_hand,llama4,Hierarchical_prompt,llama4,zeroshot_judging,Relevance,4,Excellent
HIERARCHICAL_PROMPTING,ALPHA-AUTOML,CLASSIFICATION,1567_poker_hand,llama4,Hierarchical_prompt,deepseek-r1:14b,zeroshot_judging,Accuracy,3,Good
HIERARCHICAL_PROMPTING,ALPHA-AUTOML,CLASSIFICATION,1567_poker_hand,llama4,Hierarchical_prompt,deepseek-r1:14b,zeroshot_judging,Clarity,4,Excellent
HIERARCHICAL_PROMPTING,ALPHA-AUTOML,CLASSIFICATION,1567_poker_hand,llama4,Hierarchical_prompt,deepseek-r1:14b,zeroshot_judging,Completeness,2,Average
HIERARCHICAL_PROMPTING,ALPHA-AUTOML,CLASSIFICATION,1567_poker_hand,llama4,Hierarchical_prompt,deepseek-r1:14b,zeroshot_judging,Relevance,2,Average
HIERARCHICAL_PROMPTING,ALPHA-AUTOML,CLASSIFICATION,1567_poker_hand,llama4,Hierarchical_prompt,llama4,zeroshot_judging,Accuracy,4,Excellent
HIERARCHICAL_PROMPTING,ALPHA-AUTOML,CLASSIFICATION,1567_poker_hand,llama4,Hierarchical_prompt,llama4,zeroshot_judging,Clarity,4,Excellent
HIERARCHICAL_PROMPTING,ALPHA-AUTOML,CLASSIFICATION,1567_poker_hand,llama4,Hierarchical_prompt,llama4,zeroshot_judging,Completeness,3,Good
HIERARCHICAL_PROMPTING,ALPHA-AUTOML,CLASSIFICATION,1567_poker_hand,llama4,Hierarchical_prompt,llama4,zeroshot_judging,Relevance,4,Excellent
HIERARCHICAL_PROMPTING,ALPHA-AUTOML,CLASSIFICATION,1567_poker_hand,llama4,Hierarchical_prompt,deepseek-r1:14b,zeroshot_judging,Accuracy,3,Good
HIERARCHICAL_PROMPTING,ALPHA-AUTOML,CLASSIFICATION,1567_poker_hand,llama4,Hierarchical_prompt,deepseek-r1:14b,zeroshot_judging,Clarity,4,Excellent
HIERARCHICAL_PROMPTING,ALPHA-AUTOML,CLASSIFICATION,1567_poker_hand,llama4,Hierarchical_prompt,deepseek-r1:14b,zeroshot_judging,Completeness,2,Average
HIERARCHICAL_PROMPTING,ALPHA-AUTOML,CLASSIFICATION,1567_poker_hand,llama4,Hierarchical_prompt,deepseek-r1:14b,zeroshot_judging,Relevance,2,Average
HIERARCHICAL_PROMPTING,ALPHA-AUTOML,CLASSIFICATION,1567_poker_hand,deepseek-r1:14b,Hierarchical_prompt,llama4,zeroshot_judging,Accuracy,4,Excellent
HIERARCHICAL_PROMPTING,ALPHA-AUTOML,CLASSIFICATION,1567_poker_hand,deepseek-r1:14b,Hierarchical_prompt,llama4,zeroshot_judging,Clarity,4,Excellent
HIERARCHICAL_PROMPTING,ALPHA-AUTOML,CLASSIFICATION,1567_poker_hand,deepseek-r1:14b,Hierarchical_prompt,llama4,zeroshot_judging,Completeness,4,Excellent
HIERARCHICAL_PROMPTING,ALPHA-AUTOML,CLASSIFICATION,1567_poker_hand,deepseek-r1:14b,Hierarchical_prompt,llama4,zeroshot_judging,Relevance,4,Excellent
HIERARCHICAL_PROMPTING,ALPHA-AUTOML,CLASSIFICATION,1567_poker_hand,deepseek-r1:14b,Hierarchical_prompt,deepseek-r1:14b,zeroshot_judging,Accuracy,4,Excellent
HIERARCHICAL_PROMPTING,ALPHA-AUTOML,CLASSIFICATION,1567_poker_hand,deepseek-r1:14b,Hierarchical_prompt,deepseek-r1:14b,zeroshot_judging,Clarity,4,Excellent
HIERARCHICAL_PROMPTING,ALPHA-AUTOML,CLASSIFICATION,1567_poker_hand,deepseek-r1:14b,Hierarchical_prompt,deepseek-r1:14b,zeroshot_judging,Completeness,3,Good
HIERARCHICAL_PROMPTING,ALPHA-AUTOML,CLASSIFICATION,1567_poker_hand,deepseek-r1:14b,Hierarchical_prompt,deepseek-r1:14b,zeroshot_judging,Relevance,4,Excellent
HIERARCHICAL_PROMPTING,ALPHA-AUTOML,CLASSIFICATION,1567_poker_hand,deepseek-r1:14b,Hierarchical_prompt,llama4,zeroshot_judging,Accuracy,4,Excellent
HIERARCHICAL_PROMPTING,ALPHA-AUTOML,CLASSIFICATION,1567_poker_hand,deepseek-r1:14b,Hierarchical_prompt,llama4,zeroshot_judging,Clarity,4,Excellent
HIERARCHICAL_PROMPTING,ALPHA-AUTOML,CLASSIFICATION,1567_poker_hand,deepseek-r1:14b,Hierarchical_prompt,llama4,zeroshot_judging,Completeness,4,Excellent
HIERARCHICAL_PROMPTING,ALPHA-AUTOML,CLASSIFICATION,1567_poker_hand,deepseek-r1:14b,Hierarchical_prompt,llama4,zeroshot_judging,Relevance,4,Excellent
HIERARCHICAL_PROMPTING,ALPHA-AUTOML,CLASSIFICATION,1567_poker_hand,deepseek-r1:14b,Hierarchical_prompt,deepseek-r1:14b,zeroshot_judging,Accuracy,4,Excellent
HIERARCHICAL_PROMPTING,ALPHA-AUTOML,CLASSIFICATION,1567_poker_hand,deepseek-r1:14b,Hierarchical_prompt,deepseek-r1:14b,zeroshot_judging,Clarity,4,Excellent
HIERARCHICAL_PROMPTING,ALPHA-AUTOML,CLASSIFICATION,1567_poker_hand,deepseek-r1:14b,Hierarchical_prompt,deepseek-r1:14b,zeroshot_judging,Completeness,3,Good
HIERARCHICAL_PROMPTING,ALPHA-AUTOML,CLASSIFICATION,1567_poker_hand,deepseek-r1:14b,Hierarchical_prompt,deepseek-r1:14b,zeroshot_judging,Relevance,4,Excellent
HIERARCHICAL_PROMPTING,ALPHA-AUTOML,CLASSIFICATION,1567_poker_hand,deepseek-r1:14b,Hierarchical_prompt,llama4,zeroshot_judging,Accuracy,4,Excellent
HIERARCHICAL_PROMPTING,ALPHA-AUTOML,CLASSIFICATION,1567_poker_hand,deepseek-r1:14b,Hierarchical_prompt,llama4,zeroshot_judging,Clarity,4,Excellent
HIERARCHICAL_PROMPTING,ALPHA-AUTOML,CLASSIFICATION,1567_poker_hand,deepseek-r1:14b,Hierarchical_prompt,llama4,zeroshot_judging,Completeness,4,Excellent
HIERARCHICAL_PROMPTING,ALPHA-AUTOML,CLASSIFICATION,1567_poker_hand,deepseek-r1:14b,Hierarchical_prompt,llama4,zeroshot_judging,Relevance,4,Excellent
HIERARCHICAL_PROMPTING,ALPHA-AUTOML,CLASSIFICATION,1567_poker_hand,deepseek-r1:14b,Hierarchical_prompt,deepseek-r1:14b,zeroshot_judging,Accuracy,4,Excellent
HIERARCHICAL_PROMPTING,ALPHA-AUTOML,CLASSIFICATION,1567_poker_hand,deepseek-r1:14b,Hierarchical_prompt,deepseek-r1:14b,zeroshot_judging,Clarity,4,Excellent
HIERARCHICAL_PROMPTING,ALPHA-AUTOML,CLASSIFICATION,1567_poker_hand,deepseek-r1:14b,Hierarchical_prompt,deepseek-r1:14b,zeroshot_judging,Completeness,3,Good
HIERARCHICAL_PROMPTING,ALPHA-AUTOML,CLASSIFICATION,1567_poker_hand,deepseek-r1:14b,Hierarchical_prompt,deepseek-r1:14b,zeroshot_judging,Relevance,4,Excellent
HIERARCHICAL_PROMPTING,ALPHA-AUTOML,CLASSIFICATION,1567_poker_hand,deepseek-r1:14b,Hierarchical_prompt,llama4,zeroshot_judging,Accuracy,4,Excellent
HIERARCHICAL_PROMPTING,ALPHA-AUTOML,CLASSIFICATION,1567_poker_hand,deepseek-r1:14b,Hierarchical_prompt,llama4,zeroshot_judging,Clarity,4,Excellent
HIERARCHICAL_PROMPTING,ALPHA-AUTOML,CLASSIFICATION,1567_poker_hand,deepseek-r1:14b,Hierarchical_prompt,llama4,zeroshot_judging,Completeness,4,Excellent
HIERARCHICAL_PROMPTING,ALPHA-AUTOML,CLASSIFICATION,1567_poker_hand,deepseek-r1:14b,Hierarchical_prompt,llama4,zeroshot_judging,Relevance,4,Excellent
HIERARCHICAL_PROMPTING,ALPHA-AUTOML,CLASSIFICATION,1567_poker_hand,deepseek-r1:14b,Hierarchical_prompt,deepseek-r1:14b,zeroshot_judging,Accuracy,4,Excellent
HIERARCHICAL_PROMPTING,ALPHA-AUTOML,CLASSIFICATION,1567_poker_hand,deepseek-r1:14b,Hierarchical_prompt,deepseek-r1:14b,zeroshot_judging,Clarity,4,Excellent
HIERARCHICAL_PROMPTING,ALPHA-AUTOML,CLASSIFICATION,1567_poker_hand,deepseek-r1:14b,Hierarchical_prompt,deepseek-r1:14b,zeroshot_judging,Completeness,3,Good
HIERARCHICAL_PROMPTING,ALPHA-AUTOML,CLASSIFICATION,1567_poker_hand,deepseek-r1:14b,Hierarchical_prompt,deepseek-r1:14b,zeroshot_judging,Relevance,4,Excellent
HIERARCHICAL_PROMPTING,ALPHA-AUTOML,CLASSIFICATION,1567_poker_hand,deepseek-r1:14b,Hierarchical_prompt,llama4,zeroshot_judging,Accuracy,4,Excellent
HIERARCHICAL_PROMPTING,ALPHA-AUTOML,CLASSIFICATION,1567_poker_hand,deepseek-r1:14b,Hierarchical_prompt,llama4,zeroshot_judging,Clarity,4,Excellent
HIERARCHICAL_PROMPTING,ALPHA-AUTOML,CLASSIFICATION,1567_poker_hand,deepseek-r1:14b,Hierarchical_prompt,llama4,zeroshot_judging,Completeness,4,Excellent
HIERARCHICAL_PROMPTING,ALPHA-AUTOML,CLASSIFICATION,1567_poker_hand,deepseek-r1:14b,Hierarchical_prompt,llama4,zeroshot_judging,Relevance,4,Excellent
HIERARCHICAL_PROMPTING,ALPHA-AUTOML,CLASSIFICATION,1567_poker_hand,deepseek-r1:14b,Hierarchical_prompt,deepseek-r1:14b,zeroshot_judging,Accuracy,4,Excellent
HIERARCHICAL_PROMPTING,ALPHA-AUTOML,CLASSIFICATION,1567_poker_hand,deepseek-r1:14b,Hierarchical_prompt,deepseek-r1:14b,zeroshot_judging,Clarity,4,Excellent
HIERARCHICAL_PROMPTING,ALPHA-AUTOML,CLASSIFICATION,1567_poker_hand,deepseek-r1:14b,Hierarchical_prompt,deepseek-r1:14b,zeroshot_judging,Completeness,3,Good
HIERARCHICAL_PROMPTING,ALPHA-AUTOML,CLASSIFICATION,1567_poker_hand,deepseek-r1:14b,Hierarchical_prompt,deepseek-r1:14b,zeroshot_judging,Relevance,4,Excellent
HIERARCHICAL_PROMPTING,ALPHA-AUTOML,CLASSIFICATION,1567_poker_hand,deepseek-r1:14b,Hierarchical_prompt,llama4,zeroshot_judging,Accuracy,4,Excellent
HIERARCHICAL_PROMPTING,ALPHA-AUTOML,CLASSIFICATION,1567_poker_hand,deepseek-r1:14b,Hierarchical_prompt,llama4,zeroshot_judging,Clarity,4,Excellent
HIERARCHICAL_PROMPTING,ALPHA-AUTOML,CLASSIFICATION,1567_poker_hand,deepseek-r1:14b,Hierarchical_prompt,llama4,zeroshot_judging,Completeness,4,Excellent
HIERARCHICAL_PROMPTING,ALPHA-AUTOML,CLASSIFICATION,1567_poker_hand,deepseek-r1:14b,Hierarchical_prompt,llama4,zeroshot_judging,Relevance,4,Excellent
HIERARCHICAL_PROMPTING,ALPHA-AUTOML,CLASSIFICATION,1567_poker_hand,deepseek-r1:14b,Hierarchical_prompt,deepseek-r1:14b,zeroshot_judging,Accuracy,4,Excellent
HIERARCHICAL_PROMPTING,ALPHA-AUTOML,CLASSIFICATION,1567_poker_hand,deepseek-r1:14b,Hierarchical_prompt,deepseek-r1:14b,zeroshot_judging,Clarity,4,Excellent
HIERARCHICAL_PROMPTING,ALPHA-AUTOML,CLASSIFICATION,1567_poker_hand,deepseek-r1:14b,Hierarchical_prompt,deepseek-r1:14b,zeroshot_judging,Completeness,3,Good
HIERARCHICAL_PROMPTING,ALPHA-AUTOML,CLASSIFICATION,1567_poker_hand,deepseek-r1:14b,Hierarchical_prompt,deepseek-r1:14b,zeroshot_judging,Relevance,4,Excellent
HIERARCHICAL_PROMPTING,ALPHA-AUTOML,SEMISUPERVISED,LL0_1053_jm1,llama4,Hierarchical_prompt,llama4,zeroshot_judging,Accuracy,3,Average
HIERARCHICAL_PROMPTING,ALPHA-AUTOML,SEMISUPERVISED,LL0_1053_jm1,llama4,Hierarchical_prompt,llama4,zeroshot_judging,Clarity,3,Good
HIERARCHICAL_PROMPTING,ALPHA-AUTOML,SEMISUPERVISED,LL0_1053_jm1,llama4,Hierarchical_prompt,llama4,zeroshot_judging,Completeness,2,Average
HIERARCHICAL_PROMPTING,ALPHA-AUTOML,SEMISUPERVISED,LL0_1053_jm1,llama4,Hierarchical_prompt,llama4,zeroshot_judging,Relevance,2,Average
HIERARCHICAL_PROMPTING,ALPHA-AUTOML,SEMISUPERVISED,LL0_1053_jm1,llama4,Hierarchical_prompt,deepseek-r1:14b,zeroshot_judging,Accuracy,3,Good
HIERARCHICAL_PROMPTING,ALPHA-AUTOML,SEMISUPERVISED,LL0_1053_jm1,llama4,Hierarchical_prompt,deepseek-r1:14b,zeroshot_judging,Clarity,3,Good
HIERARCHICAL_PROMPTING,ALPHA-AUTOML,SEMISUPERVISED,LL0_1053_jm1,llama4,Hierarchical_prompt,deepseek-r1:14b,zeroshot_judging,Completeness,2,Average
HIERARCHICAL_PROMPTING,ALPHA-AUTOML,SEMISUPERVISED,LL0_1053_jm1,llama4,Hierarchical_prompt,deepseek-r1:14b,zeroshot_judging,Relevance,3,Good
HIERARCHICAL_PROMPTING,ALPHA-AUTOML,SEMISUPERVISED,LL0_1053_jm1,llama4,Hierarchical_prompt,llama4,zeroshot_judging,Accuracy,3,Average
HIERARCHICAL_PROMPTING,ALPHA-AUTOML,SEMISUPERVISED,LL0_1053_jm1,llama4,Hierarchical_prompt,llama4,zeroshot_judging,Clarity,3,Good
HIERARCHICAL_PROMPTING,ALPHA-AUTOML,SEMISUPERVISED,LL0_1053_jm1,llama4,Hierarchical_prompt,llama4,zeroshot_judging,Completeness,2,Average
HIERARCHICAL_PROMPTING,ALPHA-AUTOML,SEMISUPERVISED,LL0_1053_jm1,llama4,Hierarchical_prompt,llama4,zeroshot_judging,Relevance,2,Average
HIERARCHICAL_PROMPTING,ALPHA-AUTOML,SEMISUPERVISED,LL0_1053_jm1,llama4,Hierarchical_prompt,deepseek-r1:14b,zeroshot_judging,Accuracy,3,Good
HIERARCHICAL_PROMPTING,ALPHA-AUTOML,SEMISUPERVISED,LL0_1053_jm1,llama4,Hierarchical_prompt,deepseek-r1:14b,zeroshot_judging,Clarity,3,Good
HIERARCHICAL_PROMPTING,ALPHA-AUTOML,SEMISUPERVISED,LL0_1053_jm1,llama4,Hierarchical_prompt,deepseek-r1:14b,zeroshot_judging,Completeness,2,Average
HIERARCHICAL_PROMPTING,ALPHA-AUTOML,SEMISUPERVISED,LL0_1053_jm1,llama4,Hierarchical_prompt,deepseek-r1:14b,zeroshot_judging,Relevance,3,Good
HIERARCHICAL_PROMPTING,ALPHA-AUTOML,SEMISUPERVISED,LL0_1053_jm1,llama4,Hierarchical_prompt,llama4,zeroshot_judging,Accuracy,3,Average
HIERARCHICAL_PROMPTING,ALPHA-AUTOML,SEMISUPERVISED,LL0_1053_jm1,llama4,Hierarchical_prompt,llama4,zeroshot_judging,Clarity,3,Good
HIERARCHICAL_PROMPTING,ALPHA-AUTOML,SEMISUPERVISED,LL0_1053_jm1,llama4,Hierarchical_prompt,llama4,zeroshot_judging,Completeness,2,Average
HIERARCHICAL_PROMPTING,ALPHA-AUTOML,SEMISUPERVISED,LL0_1053_jm1,llama4,Hierarchical_prompt,llama4,zeroshot_judging,Relevance,2,Average
HIERARCHICAL_PROMPTING,ALPHA-AUTOML,SEMISUPERVISED,LL0_1053_jm1,llama4,Hierarchical_prompt,deepseek-r1:14b,zeroshot_judging,Accuracy,3,Good
HIERARCHICAL_PROMPTING,ALPHA-AUTOML,SEMISUPERVISED,LL0_1053_jm1,llama4,Hierarchical_prompt,deepseek-r1:14b,zeroshot_judging,Clarity,3,Good
HIERARCHICAL_PROMPTING,ALPHA-AUTOML,SEMISUPERVISED,LL0_1053_jm1,llama4,Hierarchical_prompt,deepseek-r1:14b,zeroshot_judging,Completeness,2,Average
HIERARCHICAL_PROMPTING,ALPHA-AUTOML,SEMISUPERVISED,LL0_1053_jm1,llama4,Hierarchical_prompt,deepseek-r1:14b,zeroshot_judging,Relevance,3,Good
HIERARCHICAL_PROMPTING,ALPHA-AUTOML,SEMISUPERVISED,LL0_1053_jm1,llama4,Hierarchical_prompt,llama4,zeroshot_judging,Accuracy,3,Average
HIERARCHICAL_PROMPTING,ALPHA-AUTOML,SEMISUPERVISED,LL0_1053_jm1,llama4,Hierarchical_prompt,llama4,zeroshot_judging,Clarity,3,Good
HIERARCHICAL_PROMPTING,ALPHA-AUTOML,SEMISUPERVISED,LL0_1053_jm1,llama4,Hierarchical_prompt,llama4,zeroshot_judging,Completeness,2,Average
HIERARCHICAL_PROMPTING,ALPHA-AUTOML,SEMISUPERVISED,LL0_1053_jm1,llama4,Hierarchical_prompt,llama4,zeroshot_judging,Relevance,2,Average
HIERARCHICAL_PROMPTING,ALPHA-AUTOML,SEMISUPERVISED,LL0_1053_jm1,llama4,Hierarchical_prompt,deepseek-r1:14b,zeroshot_judging,Accuracy,3,Good
HIERARCHICAL_PROMPTING,ALPHA-AUTOML,SEMISUPERVISED,LL0_1053_jm1,llama4,Hierarchical_prompt,deepseek-r1:14b,zeroshot_judging,Clarity,3,Good
HIERARCHICAL_PROMPTING,ALPHA-AUTOML,SEMISUPERVISED,LL0_1053_jm1,llama4,Hierarchical_prompt,deepseek-r1:14b,zeroshot_judging,Completeness,2,Average
HIERARCHICAL_PROMPTING,ALPHA-AUTOML,SEMISUPERVISED,LL0_1053_jm1,llama4,Hierarchical_prompt,deepseek-r1:14b,zeroshot_judging,Relevance,3,Good
HIERARCHICAL_PROMPTING,ALPHA-AUTOML,SEMISUPERVISED,LL0_1053_jm1,llama4,Hierarchical_prompt,llama4,zeroshot_judging,Accuracy,3,Average
HIERARCHICAL_PROMPTING,ALPHA-AUTOML,SEMISUPERVISED,LL0_1053_jm1,llama4,Hierarchical_prompt,llama4,zeroshot_judging,Clarity,3,Good
HIERARCHICAL_PROMPTING,ALPHA-AUTOML,SEMISUPERVISED,LL0_1053_jm1,llama4,Hierarchical_prompt,llama4,zeroshot_judging,Completeness,2,Average
HIERARCHICAL_PROMPTING,ALPHA-AUTOML,SEMISUPERVISED,LL0_1053_jm1,llama4,Hierarchical_prompt,llama4,zeroshot_judging,Relevance,2,Average
HIERARCHICAL_PROMPTING,ALPHA-AUTOML,SEMISUPERVISED,LL0_1053_jm1,llama4,Hierarchical_prompt,deepseek-r1:14b,zeroshot_judging,Accuracy,3,Good
HIERARCHICAL_PROMPTING,ALPHA-AUTOML,SEMISUPERVISED,LL0_1053_jm1,llama4,Hierarchical_prompt,deepseek-r1:14b,zeroshot_judging,Clarity,3,Good
HIERARCHICAL_PROMPTING,ALPHA-AUTOML,SEMISUPERVISED,LL0_1053_jm1,llama4,Hierarchical_prompt,deepseek-r1:14b,zeroshot_judging,Completeness,2,Average
HIERARCHICAL_PROMPTING,ALPHA-AUTOML,SEMISUPERVISED,LL0_1053_jm1,llama4,Hierarchical_prompt,deepseek-r1:14b,zeroshot_judging,Relevance,3,Good
HIERARCHICAL_PROMPTING,ALPHA-AUTOML,SEMISUPERVISED,LL0_1053_jm1,llama4,Hierarchical_prompt,llama4,zeroshot_judging,Accuracy,3,Average
HIERARCHICAL_PROMPTING,ALPHA-AUTOML,SEMISUPERVISED,LL0_1053_jm1,llama4,Hierarchical_prompt,llama4,zeroshot_judging,Clarity,3,Good
HIERARCHICAL_PROMPTING,ALPHA-AUTOML,SEMISUPERVISED,LL0_1053_jm1,llama4,Hierarchical_prompt,llama4,zeroshot_judging,Completeness,2,Average
HIERARCHICAL_PROMPTING,ALPHA-AUTOML,SEMISUPERVISED,LL0_1053_jm1,llama4,Hierarchical_prompt,llama4,zeroshot_judging,Relevance,2,Average
HIERARCHICAL_PROMPTING,ALPHA-AUTOML,SEMISUPERVISED,LL0_1053_jm1,llama4,Hierarchical_prompt,deepseek-r1:14b,zeroshot_judging,Accuracy,3,Good
HIERARCHICAL_PROMPTING,ALPHA-AUTOML,SEMISUPERVISED,LL0_1053_jm1,llama4,Hierarchical_prompt,deepseek-r1:14b,zeroshot_judging,Clarity,3,Good
HIERARCHICAL_PROMPTING,ALPHA-AUTOML,SEMISUPERVISED,LL0_1053_jm1,llama4,Hierarchical_prompt,deepseek-r1:14b,zeroshot_judging,Completeness,2,Average
HIERARCHICAL_PROMPTING,ALPHA-AUTOML,SEMISUPERVISED,LL0_1053_jm1,llama4,Hierarchical_prompt,deepseek-r1:14b,zeroshot_judging,Relevance,3,Good
HIERARCHICAL_PROMPTING,ALPHA-AUTOML,SEMISUPERVISED,LL0_1053_jm1,deepseek-r1:14b,Hierarchical_prompt,llama4,zeroshot_judging,Accuracy,4,Excellent
HIERARCHICAL_PROMPTING,ALPHA-AUTOML,SEMISUPERVISED,LL0_1053_jm1,deepseek-r1:14b,Hierarchical_prompt,llama4,zeroshot_judging,Clarity,4,Excellent
HIERARCHICAL_PROMPTING,ALPHA-AUTOML,SEMISUPERVISED,LL0_1053_jm1,deepseek-r1:14b,Hierarchical_prompt,llama4,zeroshot_judging,Completeness,2,Average
HIERARCHICAL_PROMPTING,ALPHA-AUTOML,SEMISUPERVISED,LL0_1053_jm1,deepseek-r1:14b,Hierarchical_prompt,llama4,zeroshot_judging,Relevance,3,Good
HIERARCHICAL_PROMPTING,ALPHA-AUTOML,SEMISUPERVISED,LL0_1053_jm1,deepseek-r1:14b,Hierarchical_prompt,deepseek-r1:14b,zeroshot_judging,Accuracy,4,Excellent
HIERARCHICAL_PROMPTING,ALPHA-AUTOML,SEMISUPERVISED,LL0_1053_jm1,deepseek-r1:14b,Hierarchical_prompt,deepseek-r1:14b,zeroshot_judging,Clarity,4,Excellent
HIERARCHICAL_PROMPTING,ALPHA-AUTOML,SEMISUPERVISED,LL0_1053_jm1,deepseek-r1:14b,Hierarchical_prompt,deepseek-r1:14b,zeroshot_judging,Completeness,2,Average
HIERARCHICAL_PROMPTING,ALPHA-AUTOML,SEMISUPERVISED,LL0_1053_jm1,deepseek-r1:14b,Hierarchical_prompt,deepseek-r1:14b,zeroshot_judging,Relevance,4,Excellent
HIERARCHICAL_PROMPTING,ALPHA-AUTOML,SEMISUPERVISED,LL0_1053_jm1,deepseek-r1:14b,Hierarchical_prompt,llama4,zeroshot_judging,Accuracy,4,Excellent
HIERARCHICAL_PROMPTING,ALPHA-AUTOML,SEMISUPERVISED,LL0_1053_jm1,deepseek-r1:14b,Hierarchical_prompt,llama4,zeroshot_judging,Clarity,4,Excellent
HIERARCHICAL_PROMPTING,ALPHA-AUTOML,SEMISUPERVISED,LL0_1053_jm1,deepseek-r1:14b,Hierarchical_prompt,llama4,zeroshot_judging,Completeness,2,Average
HIERARCHICAL_PROMPTING,ALPHA-AUTOML,SEMISUPERVISED,LL0_1053_jm1,deepseek-r1:14b,Hierarchical_prompt,llama4,zeroshot_judging,Relevance,3,Good
HIERARCHICAL_PROMPTING,ALPHA-AUTOML,SEMISUPERVISED,LL0_1053_jm1,deepseek-r1:14b,Hierarchical_prompt,deepseek-r1:14b,zeroshot_judging,Accuracy,4,Excellent
HIERARCHICAL_PROMPTING,ALPHA-AUTOML,SEMISUPERVISED,LL0_1053_jm1,deepseek-r1:14b,Hierarchical_prompt,deepseek-r1:14b,zeroshot_judging,Clarity,4,Excellent
HIERARCHICAL_PROMPTING,ALPHA-AUTOML,SEMISUPERVISED,LL0_1053_jm1,deepseek-r1:14b,Hierarchical_prompt,deepseek-r1:14b,zeroshot_judging,Completeness,2,Average
HIERARCHICAL_PROMPTING,ALPHA-AUTOML,SEMISUPERVISED,LL0_1053_jm1,deepseek-r1:14b,Hierarchical_prompt,deepseek-r1:14b,zeroshot_judging,Relevance,4,Excellent
HIERARCHICAL_PROMPTING,ALPHA-AUTOML,SEMISUPERVISED,LL0_1053_jm1,deepseek-r1:14b,Hierarchical_prompt,llama4,zeroshot_judging,Accuracy,4,Excellent
HIERARCHICAL_PROMPTING,ALPHA-AUTOML,SEMISUPERVISED,LL0_1053_jm1,deepseek-r1:14b,Hierarchical_prompt,llama4,zeroshot_judging,Clarity,4,Excellent
HIERARCHICAL_PROMPTING,ALPHA-AUTOML,SEMISUPERVISED,LL0_1053_jm1,deepseek-r1:14b,Hierarchical_prompt,llama4,zeroshot_judging,Completeness,2,Average
HIERARCHICAL_PROMPTING,ALPHA-AUTOML,SEMISUPERVISED,LL0_1053_jm1,deepseek-r1:14b,Hierarchical_prompt,llama4,zeroshot_judging,Relevance,3,Good
HIERARCHICAL_PROMPTING,ALPHA-AUTOML,SEMISUPERVISED,LL0_1053_jm1,deepseek-r1:14b,Hierarchical_prompt,deepseek-r1:14b,zeroshot_judging,Accuracy,4,Excellent
HIERARCHICAL_PROMPTING,ALPHA-AUTOML,SEMISUPERVISED,LL0_1053_jm1,deepseek-r1:14b,Hierarchical_prompt,deepseek-r1:14b,zeroshot_judging,Clarity,4,Excellent
HIERARCHICAL_PROMPTING,ALPHA-AUTOML,SEMISUPERVISED,LL0_1053_jm1,deepseek-r1:14b,Hierarchical_prompt,deepseek-r1:14b,zeroshot_judging,Completeness,2,Average
HIERARCHICAL_PROMPTING,ALPHA-AUTOML,SEMISUPERVISED,LL0_1053_jm1,deepseek-r1:14b,Hierarchical_prompt,deepseek-r1:14b,zeroshot_judging,Relevance,4,Excellent
HIERARCHICAL_PROMPTING,ALPHA-AUTOML,SEMISUPERVISED,LL0_1053_jm1,deepseek-r1:14b,Hierarchical_prompt,llama4,zeroshot_judging,Accuracy,4,Excellent
HIERARCHICAL_PROMPTING,ALPHA-AUTOML,SEMISUPERVISED,LL0_1053_jm1,deepseek-r1:14b,Hierarchical_prompt,llama4,zeroshot_judging,Clarity,4,Excellent
HIERARCHICAL_PROMPTING,ALPHA-AUTOML,SEMISUPERVISED,LL0_1053_jm1,deepseek-r1:14b,Hierarchical_prompt,llama4,zeroshot_judging,Completeness,2,Average
HIERARCHICAL_PROMPTING,ALPHA-AUTOML,SEMISUPERVISED,LL0_1053_jm1,deepseek-r1:14b,Hierarchical_prompt,llama4,zeroshot_judging,Relevance,3,Good
HIERARCHICAL_PROMPTING,ALPHA-AUTOML,SEMISUPERVISED,LL0_1053_jm1,deepseek-r1:14b,Hierarchical_prompt,deepseek-r1:14b,zeroshot_judging,Accuracy,4,Excellent
HIERARCHICAL_PROMPTING,ALPHA-AUTOML,SEMISUPERVISED,LL0_1053_jm1,deepseek-r1:14b,Hierarchical_prompt,deepseek-r1:14b,zeroshot_judging,Clarity,4,Excellent
HIERARCHICAL_PROMPTING,ALPHA-AUTOML,SEMISUPERVISED,LL0_1053_jm1,deepseek-r1:14b,Hierarchical_prompt,deepseek-r1:14b,zeroshot_judging,Completeness,2,Average
HIERARCHICAL_PROMPTING,ALPHA-AUTOML,SEMISUPERVISED,LL0_1053_jm1,deepseek-r1:14b,Hierarchical_prompt,deepseek-r1:14b,zeroshot_judging,Relevance,4,Excellent
HIERARCHICAL_PROMPTING,ALPHA-AUTOML,SEMISUPERVISED,LL0_1053_jm1,deepseek-r1:14b,Hierarchical_prompt,llama4,zeroshot_judging,Accuracy,4,Excellent
HIERARCHICAL_PROMPTING,ALPHA-AUTOML,SEMISUPERVISED,LL0_1053_jm1,deepseek-r1:14b,Hierarchical_prompt,llama4,zeroshot_judging,Clarity,4,Excellent
HIERARCHICAL_PROMPTING,ALPHA-AUTOML,SEMISUPERVISED,LL0_1053_jm1,deepseek-r1:14b,Hierarchical_prompt,llama4,zeroshot_judging,Completeness,2,Average
HIERARCHICAL_PROMPTING,ALPHA-AUTOML,SEMISUPERVISED,LL0_1053_jm1,deepseek-r1:14b,Hierarchical_prompt,llama4,zeroshot_judging,Relevance,3,Good
HIERARCHICAL_PROMPTING,ALPHA-AUTOML,SEMISUPERVISED,LL0_1053_jm1,deepseek-r1:14b,Hierarchical_prompt,deepseek-r1:14b,zeroshot_judging,Accuracy,4,Excellent
HIERARCHICAL_PROMPTING,ALPHA-AUTOML,SEMISUPERVISED,LL0_1053_jm1,deepseek-r1:14b,Hierarchical_prompt,deepseek-r1:14b,zeroshot_judging,Clarity,4,Excellent
HIERARCHICAL_PROMPTING,ALPHA-AUTOML,SEMISUPERVISED,LL0_1053_jm1,deepseek-r1:14b,Hierarchical_prompt,deepseek-r1:14b,zeroshot_judging,Completeness,2,Average
HIERARCHICAL_PROMPTING,ALPHA-AUTOML,SEMISUPERVISED,LL0_1053_jm1,deepseek-r1:14b,Hierarchical_prompt,deepseek-r1:14b,zeroshot_judging,Relevance,4,Excellent
HIERARCHICAL_PROMPTING,ALPHA-AUTOML,SEMISUPERVISED,LL0_1053_jm1,deepseek-r1:14b,Hierarchical_prompt,llama4,zeroshot_judging,Accuracy,4,Excellent
HIERARCHICAL_PROMPTING,ALPHA-AUTOML,SEMISUPERVISED,LL0_1053_jm1,deepseek-r1:14b,Hierarchical_prompt,llama4,zeroshot_judging,Clarity,4,Excellent
HIERARCHICAL_PROMPTING,ALPHA-AUTOML,SEMISUPERVISED,LL0_1053_jm1,deepseek-r1:14b,Hierarchical_prompt,llama4,zeroshot_judging,Completeness,2,Average
HIERARCHICAL_PROMPTING,ALPHA-AUTOML,SEMISUPERVISED,LL0_1053_jm1,deepseek-r1:14b,Hierarchical_prompt,llama4,zeroshot_judging,Relevance,3,Good
HIERARCHICAL_PROMPTING,ALPHA-AUTOML,SEMISUPERVISED,LL0_1053_jm1,deepseek-r1:14b,Hierarchical_prompt,deepseek-r1:14b,zeroshot_judging,Accuracy,4,Excellent
HIERARCHICAL_PROMPTING,ALPHA-AUTOML,SEMISUPERVISED,LL0_1053_jm1,deepseek-r1:14b,Hierarchical_prompt,deepseek-r1:14b,zeroshot_judging,Clarity,4,Excellent
HIERARCHICAL_PROMPTING,ALPHA-AUTOML,SEMISUPERVISED,LL0_1053_jm1,deepseek-r1:14b,Hierarchical_prompt,deepseek-r1:14b,zeroshot_judging,Completeness,2,Average
HIERARCHICAL_PROMPTING,ALPHA-AUTOML,SEMISUPERVISED,LL0_1053_jm1,deepseek-r1:14b,Hierarchical_prompt,deepseek-r1:14b,zeroshot_judging,Relevance,4,Excellent
HIERARCHICAL_PROMPTING,ALPHA-AUTOML,SEMISUPERVISED,SEMI_155_pokerhand_dataset,llama4,Hierarchical_prompt,llama4,zeroshot_judging,Accuracy,4,Excellent
HIERARCHICAL_PROMPTING,ALPHA-AUTOML,SEMISUPERVISED,SEMI_155_pokerhand_dataset,llama4,Hierarchical_prompt,llama4,zeroshot_judging,Clarity,4,Excellent
HIERARCHICAL_PROMPTING,ALPHA-AUTOML,SEMISUPERVISED,SEMI_155_pokerhand_dataset,llama4,Hierarchical_prompt,llama4,zeroshot_judging,Completeness,3,Good
HIERARCHICAL_PROMPTING,ALPHA-AUTOML,SEMISUPERVISED,SEMI_155_pokerhand_dataset,llama4,Hierarchical_prompt,llama4,zeroshot_judging,Relevance,4,Excellent
HIERARCHICAL_PROMPTING,ALPHA-AUTOML,SEMISUPERVISED,SEMI_155_pokerhand_dataset,llama4,Hierarchical_prompt,deepseek-r1:14b,zeroshot_judging,Accuracy,3,Good
HIERARCHICAL_PROMPTING,ALPHA-AUTOML,SEMISUPERVISED,SEMI_155_pokerhand_dataset,llama4,Hierarchical_prompt,deepseek-r1:14b,zeroshot_judging,Clarity,4,Excellent
HIERARCHICAL_PROMPTING,ALPHA-AUTOML,SEMISUPERVISED,SEMI_155_pokerhand_dataset,llama4,Hierarchical_prompt,deepseek-r1:14b,zeroshot_judging,Completeness,3,Good
HIERARCHICAL_PROMPTING,ALPHA-AUTOML,SEMISUPERVISED,SEMI_155_pokerhand_dataset,llama4,Hierarchical_prompt,deepseek-r1:14b,zeroshot_judging,Relevance,3,Good
HIERARCHICAL_PROMPTING,ALPHA-AUTOML,SEMISUPERVISED,SEMI_155_pokerhand_dataset,llama4,Hierarchical_prompt,llama4,zeroshot_judging,Accuracy,4,Excellent
HIERARCHICAL_PROMPTING,ALPHA-AUTOML,SEMISUPERVISED,SEMI_155_pokerhand_dataset,llama4,Hierarchical_prompt,llama4,zeroshot_judging,Clarity,4,Excellent
HIERARCHICAL_PROMPTING,ALPHA-AUTOML,SEMISUPERVISED,SEMI_155_pokerhand_dataset,llama4,Hierarchical_prompt,llama4,zeroshot_judging,Completeness,3,Good
HIERARCHICAL_PROMPTING,ALPHA-AUTOML,SEMISUPERVISED,SEMI_155_pokerhand_dataset,llama4,Hierarchical_prompt,llama4,zeroshot_judging,Relevance,4,Excellent
HIERARCHICAL_PROMPTING,ALPHA-AUTOML,SEMISUPERVISED,SEMI_155_pokerhand_dataset,llama4,Hierarchical_prompt,deepseek-r1:14b,zeroshot_judging,Accuracy,3,Good
HIERARCHICAL_PROMPTING,ALPHA-AUTOML,SEMISUPERVISED,SEMI_155_pokerhand_dataset,llama4,Hierarchical_prompt,deepseek-r1:14b,zeroshot_judging,Clarity,4,Excellent
HIERARCHICAL_PROMPTING,ALPHA-AUTOML,SEMISUPERVISED,SEMI_155_pokerhand_dataset,llama4,Hierarchical_prompt,deepseek-r1:14b,zeroshot_judging,Completeness,3,Good
HIERARCHICAL_PROMPTING,ALPHA-AUTOML,SEMISUPERVISED,SEMI_155_pokerhand_dataset,llama4,Hierarchical_prompt,deepseek-r1:14b,zeroshot_judging,Relevance,3,Good
HIERARCHICAL_PROMPTING,ALPHA-AUTOML,SEMISUPERVISED,SEMI_155_pokerhand_dataset,llama4,Hierarchical_prompt,llama4,zeroshot_judging,Accuracy,4,Excellent
HIERARCHICAL_PROMPTING,ALPHA-AUTOML,SEMISUPERVISED,SEMI_155_pokerhand_dataset,llama4,Hierarchical_prompt,llama4,zeroshot_judging,Clarity,4,Excellent
HIERARCHICAL_PROMPTING,ALPHA-AUTOML,SEMISUPERVISED,SEMI_155_pokerhand_dataset,llama4,Hierarchical_prompt,llama4,zeroshot_judging,Completeness,3,Good
HIERARCHICAL_PROMPTING,ALPHA-AUTOML,SEMISUPERVISED,SEMI_155_pokerhand_dataset,llama4,Hierarchical_prompt,llama4,zeroshot_judging,Relevance,4,Excellent
HIERARCHICAL_PROMPTING,ALPHA-AUTOML,SEMISUPERVISED,SEMI_155_pokerhand_dataset,llama4,Hierarchical_prompt,deepseek-r1:14b,zeroshot_judging,Accuracy,3,Good
HIERARCHICAL_PROMPTING,ALPHA-AUTOML,SEMISUPERVISED,SEMI_155_pokerhand_dataset,llama4,Hierarchical_prompt,deepseek-r1:14b,zeroshot_judging,Clarity,4,Excellent
HIERARCHICAL_PROMPTING,ALPHA-AUTOML,SEMISUPERVISED,SEMI_155_pokerhand_dataset,llama4,Hierarchical_prompt,deepseek-r1:14b,zeroshot_judging,Completeness,3,Good
HIERARCHICAL_PROMPTING,ALPHA-AUTOML,SEMISUPERVISED,SEMI_155_pokerhand_dataset,llama4,Hierarchical_prompt,deepseek-r1:14b,zeroshot_judging,Relevance,3,Good
HIERARCHICAL_PROMPTING,ALPHA-AUTOML,SEMISUPERVISED,SEMI_155_pokerhand_dataset,llama4,Hierarchical_prompt,llama4,zeroshot_judging,Accuracy,4,Excellent
HIERARCHICAL_PROMPTING,ALPHA-AUTOML,SEMISUPERVISED,SEMI_155_pokerhand_dataset,llama4,Hierarchical_prompt,llama4,zeroshot_judging,Clarity,4,Excellent
HIERARCHICAL_PROMPTING,ALPHA-AUTOML,SEMISUPERVISED,SEMI_155_pokerhand_dataset,llama4,Hierarchical_prompt,llama4,zeroshot_judging,Completeness,3,Good
HIERARCHICAL_PROMPTING,ALPHA-AUTOML,SEMISUPERVISED,SEMI_155_pokerhand_dataset,llama4,Hierarchical_prompt,llama4,zeroshot_judging,Relevance,4,Excellent
HIERARCHICAL_PROMPTING,ALPHA-AUTOML,SEMISUPERVISED,SEMI_155_pokerhand_dataset,llama4,Hierarchical_prompt,deepseek-r1:14b,zeroshot_judging,Accuracy,3,Good
HIERARCHICAL_PROMPTING,ALPHA-AUTOML,SEMISUPERVISED,SEMI_155_pokerhand_dataset,llama4,Hierarchical_prompt,deepseek-r1:14b,zeroshot_judging,Clarity,4,Excellent
HIERARCHICAL_PROMPTING,ALPHA-AUTOML,SEMISUPERVISED,SEMI_155_pokerhand_dataset,llama4,Hierarchical_prompt,deepseek-r1:14b,zeroshot_judging,Completeness,3,Good
HIERARCHICAL_PROMPTING,ALPHA-AUTOML,SEMISUPERVISED,SEMI_155_pokerhand_dataset,llama4,Hierarchical_prompt,deepseek-r1:14b,zeroshot_judging,Relevance,3,Good
HIERARCHICAL_PROMPTING,ALPHA-AUTOML,SEMISUPERVISED,SEMI_155_pokerhand_dataset,llama4,Hierarchical_prompt,llama4,zeroshot_judging,Accuracy,4,Excellent
HIERARCHICAL_PROMPTING,ALPHA-AUTOML,SEMISUPERVISED,SEMI_155_pokerhand_dataset,llama4,Hierarchical_prompt,llama4,zeroshot_judging,Clarity,4,Excellent
HIERARCHICAL_PROMPTING,ALPHA-AUTOML,SEMISUPERVISED,SEMI_155_pokerhand_dataset,llama4,Hierarchical_prompt,llama4,zeroshot_judging,Completeness,3,Good
HIERARCHICAL_PROMPTING,ALPHA-AUTOML,SEMISUPERVISED,SEMI_155_pokerhand_dataset,llama4,Hierarchical_prompt,llama4,zeroshot_judging,Relevance,4,Excellent
HIERARCHICAL_PROMPTING,ALPHA-AUTOML,SEMISUPERVISED,SEMI_155_pokerhand_dataset,llama4,Hierarchical_prompt,deepseek-r1:14b,zeroshot_judging,Accuracy,3,Good
HIERARCHICAL_PROMPTING,ALPHA-AUTOML,SEMISUPERVISED,SEMI_155_pokerhand_dataset,llama4,Hierarchical_prompt,deepseek-r1:14b,zeroshot_judging,Clarity,4,Excellent
HIERARCHICAL_PROMPTING,ALPHA-AUTOML,SEMISUPERVISED,SEMI_155_pokerhand_dataset,llama4,Hierarchical_prompt,deepseek-r1:14b,zeroshot_judging,Completeness,3,Good
HIERARCHICAL_PROMPTING,ALPHA-AUTOML,SEMISUPERVISED,SEMI_155_pokerhand_dataset,llama4,Hierarchical_prompt,deepseek-r1:14b,zeroshot_judging,Relevance,3,Good
HIERARCHICAL_PROMPTING,ALPHA-AUTOML,SEMISUPERVISED,SEMI_155_pokerhand_dataset,llama4,Hierarchical_prompt,llama4,zeroshot_judging,Accuracy,4,Excellent
HIERARCHICAL_PROMPTING,ALPHA-AUTOML,SEMISUPERVISED,SEMI_155_pokerhand_dataset,llama4,Hierarchical_prompt,llama4,zeroshot_judging,Clarity,4,Excellent
HIERARCHICAL_PROMPTING,ALPHA-AUTOML,SEMISUPERVISED,SEMI_155_pokerhand_dataset,llama4,Hierarchical_prompt,llama4,zeroshot_judging,Completeness,3,Good
HIERARCHICAL_PROMPTING,ALPHA-AUTOML,SEMISUPERVISED,SEMI_155_pokerhand_dataset,llama4,Hierarchical_prompt,llama4,zeroshot_judging,Relevance,4,Excellent
HIERARCHICAL_PROMPTING,ALPHA-AUTOML,SEMISUPERVISED,SEMI_155_pokerhand_dataset,llama4,Hierarchical_prompt,deepseek-r1:14b,zeroshot_judging,Accuracy,3,Good
HIERARCHICAL_PROMPTING,ALPHA-AUTOML,SEMISUPERVISED,SEMI_155_pokerhand_dataset,llama4,Hierarchical_prompt,deepseek-r1:14b,zeroshot_judging,Clarity,4,Excellent
HIERARCHICAL_PROMPTING,ALPHA-AUTOML,SEMISUPERVISED,SEMI_155_pokerhand_dataset,llama4,Hierarchical_prompt,deepseek-r1:14b,zeroshot_judging,Completeness,3,Good
HIERARCHICAL_PROMPTING,ALPHA-AUTOML,SEMISUPERVISED,SEMI_155_pokerhand_dataset,llama4,Hierarchical_prompt,deepseek-r1:14b,zeroshot_judging,Relevance,3,Good
HIERARCHICAL_PROMPTING,ALPHA-AUTOML,SEMISUPERVISED,SEMI_155_pokerhand_dataset,deepseek-r1:14b,Hierarchical_prompt,llama4,zeroshot_judging,Accuracy,4,Excellent
HIERARCHICAL_PROMPTING,ALPHA-AUTOML,SEMISUPERVISED,SEMI_155_pokerhand_dataset,deepseek-r1:14b,Hierarchical_prompt,llama4,zeroshot_judging,Clarity,4,Excellent
HIERARCHICAL_PROMPTING,ALPHA-AUTOML,SEMISUPERVISED,SEMI_155_pokerhand_dataset,deepseek-r1:14b,Hierarchical_prompt,llama4,zeroshot_judging,Completeness,3,Good
HIERARCHICAL_PROMPTING,ALPHA-AUTOML,SEMISUPERVISED,SEMI_155_pokerhand_dataset,deepseek-r1:14b,Hierarchical_prompt,llama4,zeroshot_judging,Relevance,4,Excellent
HIERARCHICAL_PROMPTING,ALPHA-AUTOML,SEMISUPERVISED,SEMI_155_pokerhand_dataset,deepseek-r1:14b,Hierarchical_prompt,deepseek-r1:14b,zeroshot_judging,Accuracy,4,Excellent
HIERARCHICAL_PROMPTING,ALPHA-AUTOML,SEMISUPERVISED,SEMI_155_pokerhand_dataset,deepseek-r1:14b,Hierarchical_prompt,deepseek-r1:14b,zeroshot_judging,Clarity,4,Excellent
HIERARCHICAL_PROMPTING,ALPHA-AUTOML,SEMISUPERVISED,SEMI_155_pokerhand_dataset,deepseek-r1:14b,Hierarchical_prompt,deepseek-r1:14b,zeroshot_judging,Completeness,3,Good
HIERARCHICAL_PROMPTING,ALPHA-AUTOML,SEMISUPERVISED,SEMI_155_pokerhand_dataset,deepseek-r1:14b,Hierarchical_prompt,deepseek-r1:14b,zeroshot_judging,Relevance,4,Excellent
HIERARCHICAL_PROMPTING,ALPHA-AUTOML,SEMISUPERVISED,SEMI_155_pokerhand_dataset,deepseek-r1:14b,Hierarchical_prompt,llama4,zeroshot_judging,Accuracy,4,Excellent
HIERARCHICAL_PROMPTING,ALPHA-AUTOML,SEMISUPERVISED,SEMI_155_pokerhand_dataset,deepseek-r1:14b,Hierarchical_prompt,llama4,zeroshot_judging,Clarity,4,Excellent
HIERARCHICAL_PROMPTING,ALPHA-AUTOML,SEMISUPERVISED,SEMI_155_pokerhand_dataset,deepseek-r1:14b,Hierarchical_prompt,llama4,zeroshot_judging,Completeness,3,Good
HIERARCHICAL_PROMPTING,ALPHA-AUTOML,SEMISUPERVISED,SEMI_155_pokerhand_dataset,deepseek-r1:14b,Hierarchical_prompt,llama4,zeroshot_judging,Relevance,4,Excellent
HIERARCHICAL_PROMPTING,ALPHA-AUTOML,SEMISUPERVISED,SEMI_155_pokerhand_dataset,deepseek-r1:14b,Hierarchical_prompt,deepseek-r1:14b,zeroshot_judging,Accuracy,4,Excellent
HIERARCHICAL_PROMPTING,ALPHA-AUTOML,SEMISUPERVISED,SEMI_155_pokerhand_dataset,deepseek-r1:14b,Hierarchical_prompt,deepseek-r1:14b,zeroshot_judging,Clarity,4,Excellent
HIERARCHICAL_PROMPTING,ALPHA-AUTOML,SEMISUPERVISED,SEMI_155_pokerhand_dataset,deepseek-r1:14b,Hierarchical_prompt,deepseek-r1:14b,zeroshot_judging,Completeness,3,Good
HIERARCHICAL_PROMPTING,ALPHA-AUTOML,SEMISUPERVISED,SEMI_155_pokerhand_dataset,deepseek-r1:14b,Hierarchical_prompt,deepseek-r1:14b,zeroshot_judging,Relevance,4,Excellent
HIERARCHICAL_PROMPTING,ALPHA-AUTOML,SEMISUPERVISED,SEMI_155_pokerhand_dataset,deepseek-r1:14b,Hierarchical_prompt,llama4,zeroshot_judging,Accuracy,4,Excellent
HIERARCHICAL_PROMPTING,ALPHA-AUTOML,SEMISUPERVISED,SEMI_155_pokerhand_dataset,deepseek-r1:14b,Hierarchical_prompt,llama4,zeroshot_judging,Clarity,4,Excellent
HIERARCHICAL_PROMPTING,ALPHA-AUTOML,SEMISUPERVISED,SEMI_155_pokerhand_dataset,deepseek-r1:14b,Hierarchical_prompt,llama4,zeroshot_judging,Completeness,3,Good
HIERARCHICAL_PROMPTING,ALPHA-AUTOML,SEMISUPERVISED,SEMI_155_pokerhand_dataset,deepseek-r1:14b,Hierarchical_prompt,llama4,zeroshot_judging,Relevance,4,Excellent
HIERARCHICAL_PROMPTING,ALPHA-AUTOML,SEMISUPERVISED,SEMI_155_pokerhand_dataset,deepseek-r1:14b,Hierarchical_prompt,deepseek-r1:14b,zeroshot_judging,Accuracy,4,Excellent
HIERARCHICAL_PROMPTING,ALPHA-AUTOML,SEMISUPERVISED,SEMI_155_pokerhand_dataset,deepseek-r1:14b,Hierarchical_prompt,deepseek-r1:14b,zeroshot_judging,Clarity,4,Excellent
HIERARCHICAL_PROMPTING,ALPHA-AUTOML,SEMISUPERVISED,SEMI_155_pokerhand_dataset,deepseek-r1:14b,Hierarchical_prompt,deepseek-r1:14b,zeroshot_judging,Completeness,3,Good
HIERARCHICAL_PROMPTING,ALPHA-AUTOML,SEMISUPERVISED,SEMI_155_pokerhand_dataset,deepseek-r1:14b,Hierarchical_prompt,deepseek-r1:14b,zeroshot_judging,Relevance,4,Excellent
HIERARCHICAL_PROMPTING,ALPHA-AUTOML,SEMISUPERVISED,SEMI_155_pokerhand_dataset,deepseek-r1:14b,Hierarchical_prompt,llama4,zeroshot_judging,Accuracy,4,Excellent
HIERARCHICAL_PROMPTING,ALPHA-AUTOML,SEMISUPERVISED,SEMI_155_pokerhand_dataset,deepseek-r1:14b,Hierarchical_prompt,llama4,zeroshot_judging,Clarity,4,Excellent
HIERARCHICAL_PROMPTING,ALPHA-AUTOML,SEMISUPERVISED,SEMI_155_pokerhand_dataset,deepseek-r1:14b,Hierarchical_prompt,llama4,zeroshot_judging,Completeness,3,Good
HIERARCHICAL_PROMPTING,ALPHA-AUTOML,SEMISUPERVISED,SEMI_155_pokerhand_dataset,deepseek-r1:14b,Hierarchical_prompt,llama4,zeroshot_judging,Relevance,4,Excellent
HIERARCHICAL_PROMPTING,ALPHA-AUTOML,SEMISUPERVISED,SEMI_155_pokerhand_dataset,deepseek-r1:14b,Hierarchical_prompt,deepseek-r1:14b,zeroshot_judging,Accuracy,4,Excellent
HIERARCHICAL_PROMPTING,ALPHA-AUTOML,SEMISUPERVISED,SEMI_155_pokerhand_dataset,deepseek-r1:14b,Hierarchical_prompt,deepseek-r1:14b,zeroshot_judging,Clarity,4,Excellent
HIERARCHICAL_PROMPTING,ALPHA-AUTOML,SEMISUPERVISED,SEMI_155_pokerhand_dataset,deepseek-r1:14b,Hierarchical_prompt,deepseek-r1:14b,zeroshot_judging,Completeness,3,Good
HIERARCHICAL_PROMPTING,ALPHA-AUTOML,SEMISUPERVISED,SEMI_155_pokerhand_dataset,deepseek-r1:14b,Hierarchical_prompt,deepseek-r1:14b,zeroshot_judging,Relevance,4,Excellent
HIERARCHICAL_PROMPTING,ALPHA-AUTOML,SEMISUPERVISED,SEMI_155_pokerhand_dataset,deepseek-r1:14b,Hierarchical_prompt,llama4,zeroshot_judging,Accuracy,4,Excellent
HIERARCHICAL_PROMPTING,ALPHA-AUTOML,SEMISUPERVISED,SEMI_155_pokerhand_dataset,deepseek-r1:14b,Hierarchical_prompt,llama4,zeroshot_judging,Clarity,4,Excellent
HIERARCHICAL_PROMPTING,ALPHA-AUTOML,SEMISUPERVISED,SEMI_155_pokerhand_dataset,deepseek-r1:14b,Hierarchical_prompt,llama4,zeroshot_judging,Completeness,3,Good
HIERARCHICAL_PROMPTING,ALPHA-AUTOML,SEMISUPERVISED,SEMI_155_pokerhand_dataset,deepseek-r1:14b,Hierarchical_prompt,llama4,zeroshot_judging,Relevance,4,Excellent
HIERARCHICAL_PROMPTING,ALPHA-AUTOML,SEMISUPERVISED,SEMI_155_pokerhand_dataset,deepseek-r1:14b,Hierarchical_prompt,deepseek-r1:14b,zeroshot_judging,Accuracy,4,Excellent
HIERARCHICAL_PROMPTING,ALPHA-AUTOML,SEMISUPERVISED,SEMI_155_pokerhand_dataset,deepseek-r1:14b,Hierarchical_prompt,deepseek-r1:14b,zeroshot_judging,Clarity,4,Excellent
HIERARCHICAL_PROMPTING,ALPHA-AUTOML,SEMISUPERVISED,SEMI_155_pokerhand_dataset,deepseek-r1:14b,Hierarchical_prompt,deepseek-r1:14b,zeroshot_judging,Completeness,3,Good
HIERARCHICAL_PROMPTING,ALPHA-AUTOML,SEMISUPERVISED,SEMI_155_pokerhand_dataset,deepseek-r1:14b,Hierarchical_prompt,deepseek-r1:14b,zeroshot_judging,Relevance,4,Excellent
HIERARCHICAL_PROMPTING,ALPHA-AUTOML,SEMISUPERVISED,SEMI_155_pokerhand_dataset,deepseek-r1:14b,Hierarchical_prompt,llama4,zeroshot_judging,Accuracy,4,Excellent
HIERARCHICAL_PROMPTING,ALPHA-AUTOML,SEMISUPERVISED,SEMI_155_pokerhand_dataset,deepseek-r1:14b,Hierarchical_prompt,llama4,zeroshot_judging,Clarity,4,Excellent
HIERARCHICAL_PROMPTING,ALPHA-AUTOML,SEMISUPERVISED,SEMI_155_pokerhand_dataset,deepseek-r1:14b,Hierarchical_prompt,llama4,zeroshot_judging,Completeness,3,Good
HIERARCHICAL_PROMPTING,ALPHA-AUTOML,SEMISUPERVISED,SEMI_155_pokerhand_dataset,deepseek-r1:14b,Hierarchical_prompt,llama4,zeroshot_judging,Relevance,4,Excellent
HIERARCHICAL_PROMPTING,ALPHA-AUTOML,SEMISUPERVISED,SEMI_155_pokerhand_dataset,deepseek-r1:14b,Hierarchical_prompt,deepseek-r1:14b,zeroshot_judging,Accuracy,4,Excellent
HIERARCHICAL_PROMPTING,ALPHA-AUTOML,SEMISUPERVISED,SEMI_155_pokerhand_dataset,deepseek-r1:14b,Hierarchical_prompt,deepseek-r1:14b,zeroshot_judging,Clarity,4,Excellent
HIERARCHICAL_PROMPTING,ALPHA-AUTOML,SEMISUPERVISED,SEMI_155_pokerhand_dataset,deepseek-r1:14b,Hierarchical_prompt,deepseek-r1:14b,zeroshot_judging,Completeness,3,Good
HIERARCHICAL_PROMPTING,ALPHA-AUTOML,SEMISUPERVISED,SEMI_155_pokerhand_dataset,deepseek-r1:14b,Hierarchical_prompt,deepseek-r1:14b,zeroshot_judging,Relevance,4,Excellent
HIERARCHICAL_PROMPTING,ALPHA-AUTOML,SEMISUPERVISED,SEMI_1217_click_dataset,llama4,Hierarchical_prompt,llama4,zeroshot_judging,Accuracy,2,Average
HIERARCHICAL_PROMPTING,ALPHA-AUTOML,SEMISUPERVISED,SEMI_1217_click_dataset,llama4,Hierarchical_prompt,llama4,zeroshot_judging,Clarity,3,Good
HIERARCHICAL_PROMPTING,ALPHA-AUTOML,SEMISUPERVISED,SEMI_1217_click_dataset,llama4,Hierarchical_prompt,llama4,zeroshot_judging,Completeness,2,Average
HIERARCHICAL_PROMPTING,ALPHA-AUTOML,SEMISUPERVISED,SEMI_1217_click_dataset,llama4,Hierarchical_prompt,llama4,zeroshot_judging,Relevance,2,Average
HIERARCHICAL_PROMPTING,ALPHA-AUTOML,SEMISUPERVISED,SEMI_1217_click_dataset,llama4,Hierarchical_prompt,deepseek-r1:14b,zeroshot_judging,Accuracy,3,Good
HIERARCHICAL_PROMPTING,ALPHA-AUTOML,SEMISUPERVISED,SEMI_1217_click_dataset,llama4,Hierarchical_prompt,deepseek-r1:14b,zeroshot_judging,Clarity,4,Excellent
HIERARCHICAL_PROMPTING,ALPHA-AUTOML,SEMISUPERVISED,SEMI_1217_click_dataset,llama4,Hierarchical_prompt,deepseek-r1:14b,zeroshot_judging,Completeness,3,Good
HIERARCHICAL_PROMPTING,ALPHA-AUTOML,SEMISUPERVISED,SEMI_1217_click_dataset,llama4,Hierarchical_prompt,deepseek-r1:14b,zeroshot_judging,Relevance,3,Good
HIERARCHICAL_PROMPTING,ALPHA-AUTOML,SEMISUPERVISED,SEMI_1217_click_dataset,llama4,Hierarchical_prompt,llama4,zeroshot_judging,Accuracy,2,Average
HIERARCHICAL_PROMPTING,ALPHA-AUTOML,SEMISUPERVISED,SEMI_1217_click_dataset,llama4,Hierarchical_prompt,llama4,zeroshot_judging,Clarity,3,Good
HIERARCHICAL_PROMPTING,ALPHA-AUTOML,SEMISUPERVISED,SEMI_1217_click_dataset,llama4,Hierarchical_prompt,llama4,zeroshot_judging,Completeness,2,Average
HIERARCHICAL_PROMPTING,ALPHA-AUTOML,SEMISUPERVISED,SEMI_1217_click_dataset,llama4,Hierarchical_prompt,llama4,zeroshot_judging,Relevance,2,Average
HIERARCHICAL_PROMPTING,ALPHA-AUTOML,SEMISUPERVISED,SEMI_1217_click_dataset,llama4,Hierarchical_prompt,deepseek-r1:14b,zeroshot_judging,Accuracy,3,Good
HIERARCHICAL_PROMPTING,ALPHA-AUTOML,SEMISUPERVISED,SEMI_1217_click_dataset,llama4,Hierarchical_prompt,deepseek-r1:14b,zeroshot_judging,Clarity,4,Excellent
HIERARCHICAL_PROMPTING,ALPHA-AUTOML,SEMISUPERVISED,SEMI_1217_click_dataset,llama4,Hierarchical_prompt,deepseek-r1:14b,zeroshot_judging,Completeness,3,Good
HIERARCHICAL_PROMPTING,ALPHA-AUTOML,SEMISUPERVISED,SEMI_1217_click_dataset,llama4,Hierarchical_prompt,deepseek-r1:14b,zeroshot_judging,Relevance,3,Good
HIERARCHICAL_PROMPTING,ALPHA-AUTOML,SEMISUPERVISED,SEMI_1217_click_dataset,llama4,Hierarchical_prompt,llama4,zeroshot_judging,Accuracy,2,Average
HIERARCHICAL_PROMPTING,ALPHA-AUTOML,SEMISUPERVISED,SEMI_1217_click_dataset,llama4,Hierarchical_prompt,llama4,zeroshot_judging,Clarity,3,Good
HIERARCHICAL_PROMPTING,ALPHA-AUTOML,SEMISUPERVISED,SEMI_1217_click_dataset,llama4,Hierarchical_prompt,llama4,zeroshot_judging,Completeness,2,Average
HIERARCHICAL_PROMPTING,ALPHA-AUTOML,SEMISUPERVISED,SEMI_1217_click_dataset,llama4,Hierarchical_prompt,llama4,zeroshot_judging,Relevance,2,Average
HIERARCHICAL_PROMPTING,ALPHA-AUTOML,SEMISUPERVISED,SEMI_1217_click_dataset,llama4,Hierarchical_prompt,deepseek-r1:14b,zeroshot_judging,Accuracy,3,Good
HIERARCHICAL_PROMPTING,ALPHA-AUTOML,SEMISUPERVISED,SEMI_1217_click_dataset,llama4,Hierarchical_prompt,deepseek-r1:14b,zeroshot_judging,Clarity,4,Excellent
HIERARCHICAL_PROMPTING,ALPHA-AUTOML,SEMISUPERVISED,SEMI_1217_click_dataset,llama4,Hierarchical_prompt,deepseek-r1:14b,zeroshot_judging,Completeness,3,Good
HIERARCHICAL_PROMPTING,ALPHA-AUTOML,SEMISUPERVISED,SEMI_1217_click_dataset,llama4,Hierarchical_prompt,deepseek-r1:14b,zeroshot_judging,Relevance,3,Good
HIERARCHICAL_PROMPTING,ALPHA-AUTOML,SEMISUPERVISED,SEMI_1217_click_dataset,llama4,Hierarchical_prompt,llama4,zeroshot_judging,Accuracy,2,Average
HIERARCHICAL_PROMPTING,ALPHA-AUTOML,SEMISUPERVISED,SEMI_1217_click_dataset,llama4,Hierarchical_prompt,llama4,zeroshot_judging,Clarity,3,Good
HIERARCHICAL_PROMPTING,ALPHA-AUTOML,SEMISUPERVISED,SEMI_1217_click_dataset,llama4,Hierarchical_prompt,llama4,zeroshot_judging,Completeness,2,Average
HIERARCHICAL_PROMPTING,ALPHA-AUTOML,SEMISUPERVISED,SEMI_1217_click_dataset,llama4,Hierarchical_prompt,llama4,zeroshot_judging,Relevance,2,Average
HIERARCHICAL_PROMPTING,ALPHA-AUTOML,SEMISUPERVISED,SEMI_1217_click_dataset,llama4,Hierarchical_prompt,deepseek-r1:14b,zeroshot_judging,Accuracy,3,Good
HIERARCHICAL_PROMPTING,ALPHA-AUTOML,SEMISUPERVISED,SEMI_1217_click_dataset,llama4,Hierarchical_prompt,deepseek-r1:14b,zeroshot_judging,Clarity,4,Excellent
HIERARCHICAL_PROMPTING,ALPHA-AUTOML,SEMISUPERVISED,SEMI_1217_click_dataset,llama4,Hierarchical_prompt,deepseek-r1:14b,zeroshot_judging,Completeness,3,Good
HIERARCHICAL_PROMPTING,ALPHA-AUTOML,SEMISUPERVISED,SEMI_1217_click_dataset,llama4,Hierarchical_prompt,deepseek-r1:14b,zeroshot_judging,Relevance,3,Good
HIERARCHICAL_PROMPTING,ALPHA-AUTOML,SEMISUPERVISED,SEMI_1217_click_dataset,llama4,Hierarchical_prompt,llama4,zeroshot_judging,Accuracy,2,Average
HIERARCHICAL_PROMPTING,ALPHA-AUTOML,SEMISUPERVISED,SEMI_1217_click_dataset,llama4,Hierarchical_prompt,llama4,zeroshot_judging,Clarity,3,Good
HIERARCHICAL_PROMPTING,ALPHA-AUTOML,SEMISUPERVISED,SEMI_1217_click_dataset,llama4,Hierarchical_prompt,llama4,zeroshot_judging,Completeness,2,Average
HIERARCHICAL_PROMPTING,ALPHA-AUTOML,SEMISUPERVISED,SEMI_1217_click_dataset,llama4,Hierarchical_prompt,llama4,zeroshot_judging,Relevance,2,Average
HIERARCHICAL_PROMPTING,ALPHA-AUTOML,SEMISUPERVISED,SEMI_1217_click_dataset,llama4,Hierarchical_prompt,deepseek-r1:14b,zeroshot_judging,Accuracy,3,Good
HIERARCHICAL_PROMPTING,ALPHA-AUTOML,SEMISUPERVISED,SEMI_1217_click_dataset,llama4,Hierarchical_prompt,deepseek-r1:14b,zeroshot_judging,Clarity,4,Excellent
HIERARCHICAL_PROMPTING,ALPHA-AUTOML,SEMISUPERVISED,SEMI_1217_click_dataset,llama4,Hierarchical_prompt,deepseek-r1:14b,zeroshot_judging,Completeness,3,Good
HIERARCHICAL_PROMPTING,ALPHA-AUTOML,SEMISUPERVISED,SEMI_1217_click_dataset,llama4,Hierarchical_prompt,deepseek-r1:14b,zeroshot_judging,Relevance,3,Good
HIERARCHICAL_PROMPTING,ALPHA-AUTOML,SEMISUPERVISED,SEMI_1217_click_dataset,llama4,Hierarchical_prompt,llama4,zeroshot_judging,Accuracy,2,Average
HIERARCHICAL_PROMPTING,ALPHA-AUTOML,SEMISUPERVISED,SEMI_1217_click_dataset,llama4,Hierarchical_prompt,llama4,zeroshot_judging,Clarity,3,Good
HIERARCHICAL_PROMPTING,ALPHA-AUTOML,SEMISUPERVISED,SEMI_1217_click_dataset,llama4,Hierarchical_prompt,llama4,zeroshot_judging,Completeness,2,Average
HIERARCHICAL_PROMPTING,ALPHA-AUTOML,SEMISUPERVISED,SEMI_1217_click_dataset,llama4,Hierarchical_prompt,llama4,zeroshot_judging,Relevance,2,Average
HIERARCHICAL_PROMPTING,ALPHA-AUTOML,SEMISUPERVISED,SEMI_1217_click_dataset,llama4,Hierarchical_prompt,deepseek-r1:14b,zeroshot_judging,Accuracy,3,Good
HIERARCHICAL_PROMPTING,ALPHA-AUTOML,SEMISUPERVISED,SEMI_1217_click_dataset,llama4,Hierarchical_prompt,deepseek-r1:14b,zeroshot_judging,Clarity,4,Excellent
HIERARCHICAL_PROMPTING,ALPHA-AUTOML,SEMISUPERVISED,SEMI_1217_click_dataset,llama4,Hierarchical_prompt,deepseek-r1:14b,zeroshot_judging,Completeness,3,Good
HIERARCHICAL_PROMPTING,ALPHA-AUTOML,SEMISUPERVISED,SEMI_1217_click_dataset,llama4,Hierarchical_prompt,deepseek-r1:14b,zeroshot_judging,Relevance,3,Good
HIERARCHICAL_PROMPTING,ALPHA-AUTOML,SEMISUPERVISED,SEMI_1217_click_dataset,deepseek-r1:14b,Hierarchical_prompt,llama4,zeroshot_judging,Accuracy,3,Good
HIERARCHICAL_PROMPTING,ALPHA-AUTOML,SEMISUPERVISED,SEMI_1217_click_dataset,deepseek-r1:14b,Hierarchical_prompt,llama4,zeroshot_judging,Clarity,3,Good
HIERARCHICAL_PROMPTING,ALPHA-AUTOML,SEMISUPERVISED,SEMI_1217_click_dataset,deepseek-r1:14b,Hierarchical_prompt,llama4,zeroshot_judging,Completeness,2,Average
HIERARCHICAL_PROMPTING,ALPHA-AUTOML,SEMISUPERVISED,SEMI_1217_click_dataset,deepseek-r1:14b,Hierarchical_prompt,llama4,zeroshot_judging,Relevance,3,Good
HIERARCHICAL_PROMPTING,ALPHA-AUTOML,SEMISUPERVISED,SEMI_1217_click_dataset,deepseek-r1:14b,Hierarchical_prompt,deepseek-r1:14b,zeroshot_judging,Accuracy,3,Good
HIERARCHICAL_PROMPTING,ALPHA-AUTOML,SEMISUPERVISED,SEMI_1217_click_dataset,deepseek-r1:14b,Hierarchical_prompt,deepseek-r1:14b,zeroshot_judging,Clarity,4,Excellent
HIERARCHICAL_PROMPTING,ALPHA-AUTOML,SEMISUPERVISED,SEMI_1217_click_dataset,deepseek-r1:14b,Hierarchical_prompt,deepseek-r1:14b,zeroshot_judging,Completeness,3,Good
HIERARCHICAL_PROMPTING,ALPHA-AUTOML,SEMISUPERVISED,SEMI_1217_click_dataset,deepseek-r1:14b,Hierarchical_prompt,deepseek-r1:14b,zeroshot_judging,Relevance,4,Excellent
HIERARCHICAL_PROMPTING,ALPHA-AUTOML,SEMISUPERVISED,SEMI_1217_click_dataset,deepseek-r1:14b,Hierarchical_prompt,llama4,zeroshot_judging,Accuracy,3,Good
HIERARCHICAL_PROMPTING,ALPHA-AUTOML,SEMISUPERVISED,SEMI_1217_click_dataset,deepseek-r1:14b,Hierarchical_prompt,llama4,zeroshot_judging,Clarity,3,Good
HIERARCHICAL_PROMPTING,ALPHA-AUTOML,SEMISUPERVISED,SEMI_1217_click_dataset,deepseek-r1:14b,Hierarchical_prompt,llama4,zeroshot_judging,Completeness,2,Average
HIERARCHICAL_PROMPTING,ALPHA-AUTOML,SEMISUPERVISED,SEMI_1217_click_dataset,deepseek-r1:14b,Hierarchical_prompt,llama4,zeroshot_judging,Relevance,3,Good
HIERARCHICAL_PROMPTING,ALPHA-AUTOML,SEMISUPERVISED,SEMI_1217_click_dataset,deepseek-r1:14b,Hierarchical_prompt,deepseek-r1:14b,zeroshot_judging,Accuracy,3,Good
HIERARCHICAL_PROMPTING,ALPHA-AUTOML,SEMISUPERVISED,SEMI_1217_click_dataset,deepseek-r1:14b,Hierarchical_prompt,deepseek-r1:14b,zeroshot_judging,Clarity,4,Excellent
HIERARCHICAL_PROMPTING,ALPHA-AUTOML,SEMISUPERVISED,SEMI_1217_click_dataset,deepseek-r1:14b,Hierarchical_prompt,deepseek-r1:14b,zeroshot_judging,Completeness,3,Good
HIERARCHICAL_PROMPTING,ALPHA-AUTOML,SEMISUPERVISED,SEMI_1217_click_dataset,deepseek-r1:14b,Hierarchical_prompt,deepseek-r1:14b,zeroshot_judging,Relevance,4,Excellent
HIERARCHICAL_PROMPTING,ALPHA-AUTOML,SEMISUPERVISED,SEMI_1217_click_dataset,deepseek-r1:14b,Hierarchical_prompt,llama4,zeroshot_judging,Accuracy,3,Good
HIERARCHICAL_PROMPTING,ALPHA-AUTOML,SEMISUPERVISED,SEMI_1217_click_dataset,deepseek-r1:14b,Hierarchical_prompt,llama4,zeroshot_judging,Clarity,3,Good
HIERARCHICAL_PROMPTING,ALPHA-AUTOML,SEMISUPERVISED,SEMI_1217_click_dataset,deepseek-r1:14b,Hierarchical_prompt,llama4,zeroshot_judging,Completeness,2,Average
HIERARCHICAL_PROMPTING,ALPHA-AUTOML,SEMISUPERVISED,SEMI_1217_click_dataset,deepseek-r1:14b,Hierarchical_prompt,llama4,zeroshot_judging,Relevance,3,Good
HIERARCHICAL_PROMPTING,ALPHA-AUTOML,SEMISUPERVISED,SEMI_1217_click_dataset,deepseek-r1:14b,Hierarchical_prompt,deepseek-r1:14b,zeroshot_judging,Accuracy,3,Good
HIERARCHICAL_PROMPTING,ALPHA-AUTOML,SEMISUPERVISED,SEMI_1217_click_dataset,deepseek-r1:14b,Hierarchical_prompt,deepseek-r1:14b,zeroshot_judging,Clarity,4,Excellent
HIERARCHICAL_PROMPTING,ALPHA-AUTOML,SEMISUPERVISED,SEMI_1217_click_dataset,deepseek-r1:14b,Hierarchical_prompt,deepseek-r1:14b,zeroshot_judging,Completeness,3,Good
HIERARCHICAL_PROMPTING,ALPHA-AUTOML,SEMISUPERVISED,SEMI_1217_click_dataset,deepseek-r1:14b,Hierarchical_prompt,deepseek-r1:14b,zeroshot_judging,Relevance,4,Excellent
HIERARCHICAL_PROMPTING,ALPHA-AUTOML,SEMISUPERVISED,SEMI_1217_click_dataset,deepseek-r1:14b,Hierarchical_prompt,llama4,zeroshot_judging,Accuracy,3,Good
HIERARCHICAL_PROMPTING,ALPHA-AUTOML,SEMISUPERVISED,SEMI_1217_click_dataset,deepseek-r1:14b,Hierarchical_prompt,llama4,zeroshot_judging,Clarity,3,Good
HIERARCHICAL_PROMPTING,ALPHA-AUTOML,SEMISUPERVISED,SEMI_1217_click_dataset,deepseek-r1:14b,Hierarchical_prompt,llama4,zeroshot_judging,Completeness,2,Average
HIERARCHICAL_PROMPTING,ALPHA-AUTOML,SEMISUPERVISED,SEMI_1217_click_dataset,deepseek-r1:14b,Hierarchical_prompt,llama4,zeroshot_judging,Relevance,3,Good
HIERARCHICAL_PROMPTING,ALPHA-AUTOML,SEMISUPERVISED,SEMI_1217_click_dataset,deepseek-r1:14b,Hierarchical_prompt,deepseek-r1:14b,zeroshot_judging,Accuracy,3,Good
HIERARCHICAL_PROMPTING,ALPHA-AUTOML,SEMISUPERVISED,SEMI_1217_click_dataset,deepseek-r1:14b,Hierarchical_prompt,deepseek-r1:14b,zeroshot_judging,Clarity,4,Excellent
HIERARCHICAL_PROMPTING,ALPHA-AUTOML,SEMISUPERVISED,SEMI_1217_click_dataset,deepseek-r1:14b,Hierarchical_prompt,deepseek-r1:14b,zeroshot_judging,Completeness,3,Good
HIERARCHICAL_PROMPTING,ALPHA-AUTOML,SEMISUPERVISED,SEMI_1217_click_dataset,deepseek-r1:14b,Hierarchical_prompt,deepseek-r1:14b,zeroshot_judging,Relevance,4,Excellent
HIERARCHICAL_PROMPTING,ALPHA-AUTOML,SEMISUPERVISED,SEMI_1217_click_dataset,deepseek-r1:14b,Hierarchical_prompt,llama4,zeroshot_judging,Accuracy,3,Good
HIERARCHICAL_PROMPTING,ALPHA-AUTOML,SEMISUPERVISED,SEMI_1217_click_dataset,deepseek-r1:14b,Hierarchical_prompt,llama4,zeroshot_judging,Clarity,3,Good
HIERARCHICAL_PROMPTING,ALPHA-AUTOML,SEMISUPERVISED,SEMI_1217_click_dataset,deepseek-r1:14b,Hierarchical_prompt,llama4,zeroshot_judging,Completeness,2,Average
HIERARCHICAL_PROMPTING,ALPHA-AUTOML,SEMISUPERVISED,SEMI_1217_click_dataset,deepseek-r1:14b,Hierarchical_prompt,llama4,zeroshot_judging,Relevance,3,Good
HIERARCHICAL_PROMPTING,ALPHA-AUTOML,SEMISUPERVISED,SEMI_1217_click_dataset,deepseek-r1:14b,Hierarchical_prompt,deepseek-r1:14b,zeroshot_judging,Accuracy,3,Good
HIERARCHICAL_PROMPTING,ALPHA-AUTOML,SEMISUPERVISED,SEMI_1217_click_dataset,deepseek-r1:14b,Hierarchical_prompt,deepseek-r1:14b,zeroshot_judging,Clarity,4,Excellent
HIERARCHICAL_PROMPTING,ALPHA-AUTOML,SEMISUPERVISED,SEMI_1217_click_dataset,deepseek-r1:14b,Hierarchical_prompt,deepseek-r1:14b,zeroshot_judging,Completeness,3,Good
HIERARCHICAL_PROMPTING,ALPHA-AUTOML,SEMISUPERVISED,SEMI_1217_click_dataset,deepseek-r1:14b,Hierarchical_prompt,deepseek-r1:14b,zeroshot_judging,Relevance,4,Excellent
HIERARCHICAL_PROMPTING,ALPHA-AUTOML,SEMISUPERVISED,SEMI_1217_click_dataset,deepseek-r1:14b,Hierarchical_prompt,llama4,zeroshot_judging,Accuracy,3,Good
HIERARCHICAL_PROMPTING,ALPHA-AUTOML,SEMISUPERVISED,SEMI_1217_click_dataset,deepseek-r1:14b,Hierarchical_prompt,llama4,zeroshot_judging,Clarity,3,Good
HIERARCHICAL_PROMPTING,ALPHA-AUTOML,SEMISUPERVISED,SEMI_1217_click_dataset,deepseek-r1:14b,Hierarchical_prompt,llama4,zeroshot_judging,Completeness,2,Average
HIERARCHICAL_PROMPTING,ALPHA-AUTOML,SEMISUPERVISED,SEMI_1217_click_dataset,deepseek-r1:14b,Hierarchical_prompt,llama4,zeroshot_judging,Relevance,3,Good
HIERARCHICAL_PROMPTING,ALPHA-AUTOML,SEMISUPERVISED,SEMI_1217_click_dataset,deepseek-r1:14b,Hierarchical_prompt,deepseek-r1:14b,zeroshot_judging,Accuracy,3,Good
HIERARCHICAL_PROMPTING,ALPHA-AUTOML,SEMISUPERVISED,SEMI_1217_click_dataset,deepseek-r1:14b,Hierarchical_prompt,deepseek-r1:14b,zeroshot_judging,Clarity,4,Excellent
HIERARCHICAL_PROMPTING,ALPHA-AUTOML,SEMISUPERVISED,SEMI_1217_click_dataset,deepseek-r1:14b,Hierarchical_prompt,deepseek-r1:14b,zeroshot_judging,Completeness,3,Good
HIERARCHICAL_PROMPTING,ALPHA-AUTOML,SEMISUPERVISED,SEMI_1217_click_dataset,deepseek-r1:14b,Hierarchical_prompt,deepseek-r1:14b,zeroshot_judging,Relevance,4,Excellent
HIERARCHICAL_PROMPTING,ALPHA-AUTOML,SEMISUPERVISED,SEMI_1459_artificial_characters_dataset,llama4,Hierarchical_prompt,llama4,zeroshot_judging,Accuracy,3,Good
HIERARCHICAL_PROMPTING,ALPHA-AUTOML,SEMISUPERVISED,SEMI_1459_artificial_characters_dataset,llama4,Hierarchical_prompt,llama4,zeroshot_judging,Clarity,3,Good
HIERARCHICAL_PROMPTING,ALPHA-AUTOML,SEMISUPERVISED,SEMI_1459_artificial_characters_dataset,llama4,Hierarchical_prompt,llama4,zeroshot_judging,Completeness,2,Average
HIERARCHICAL_PROMPTING,ALPHA-AUTOML,SEMISUPERVISED,SEMI_1459_artificial_characters_dataset,llama4,Hierarchical_prompt,llama4,zeroshot_judging,Relevance,3,Good
HIERARCHICAL_PROMPTING,ALPHA-AUTOML,SEMISUPERVISED,SEMI_1459_artificial_characters_dataset,llama4,Hierarchical_prompt,deepseek-r1:14b,zeroshot_judging,Accuracy,3,Good
HIERARCHICAL_PROMPTING,ALPHA-AUTOML,SEMISUPERVISED,SEMI_1459_artificial_characters_dataset,llama4,Hierarchical_prompt,deepseek-r1:14b,zeroshot_judging,Clarity,3,Good
HIERARCHICAL_PROMPTING,ALPHA-AUTOML,SEMISUPERVISED,SEMI_1459_artificial_characters_dataset,llama4,Hierarchical_prompt,deepseek-r1:14b,zeroshot_judging,Completeness,2,Average
HIERARCHICAL_PROMPTING,ALPHA-AUTOML,SEMISUPERVISED,SEMI_1459_artificial_characters_dataset,llama4,Hierarchical_prompt,deepseek-r1:14b,zeroshot_judging,Relevance,3,Good
HIERARCHICAL_PROMPTING,ALPHA-AUTOML,SEMISUPERVISED,SEMI_1459_artificial_characters_dataset,llama4,Hierarchical_prompt,llama4,zeroshot_judging,Accuracy,3,Good
HIERARCHICAL_PROMPTING,ALPHA-AUTOML,SEMISUPERVISED,SEMI_1459_artificial_characters_dataset,llama4,Hierarchical_prompt,llama4,zeroshot_judging,Clarity,3,Good
HIERARCHICAL_PROMPTING,ALPHA-AUTOML,SEMISUPERVISED,SEMI_1459_artificial_characters_dataset,llama4,Hierarchical_prompt,llama4,zeroshot_judging,Completeness,2,Average
HIERARCHICAL_PROMPTING,ALPHA-AUTOML,SEMISUPERVISED,SEMI_1459_artificial_characters_dataset,llama4,Hierarchical_prompt,llama4,zeroshot_judging,Relevance,3,Good
HIERARCHICAL_PROMPTING,ALPHA-AUTOML,SEMISUPERVISED,SEMI_1459_artificial_characters_dataset,llama4,Hierarchical_prompt,deepseek-r1:14b,zeroshot_judging,Accuracy,3,Good
HIERARCHICAL_PROMPTING,ALPHA-AUTOML,SEMISUPERVISED,SEMI_1459_artificial_characters_dataset,llama4,Hierarchical_prompt,deepseek-r1:14b,zeroshot_judging,Clarity,3,Good
HIERARCHICAL_PROMPTING,ALPHA-AUTOML,SEMISUPERVISED,SEMI_1459_artificial_characters_dataset,llama4,Hierarchical_prompt,deepseek-r1:14b,zeroshot_judging,Completeness,2,Average
HIERARCHICAL_PROMPTING,ALPHA-AUTOML,SEMISUPERVISED,SEMI_1459_artificial_characters_dataset,llama4,Hierarchical_prompt,deepseek-r1:14b,zeroshot_judging,Relevance,3,Good
HIERARCHICAL_PROMPTING,ALPHA-AUTOML,SEMISUPERVISED,SEMI_1459_artificial_characters_dataset,llama4,Hierarchical_prompt,llama4,zeroshot_judging,Accuracy,3,Good
HIERARCHICAL_PROMPTING,ALPHA-AUTOML,SEMISUPERVISED,SEMI_1459_artificial_characters_dataset,llama4,Hierarchical_prompt,llama4,zeroshot_judging,Clarity,3,Good
HIERARCHICAL_PROMPTING,ALPHA-AUTOML,SEMISUPERVISED,SEMI_1459_artificial_characters_dataset,llama4,Hierarchical_prompt,llama4,zeroshot_judging,Completeness,2,Average
HIERARCHICAL_PROMPTING,ALPHA-AUTOML,SEMISUPERVISED,SEMI_1459_artificial_characters_dataset,llama4,Hierarchical_prompt,llama4,zeroshot_judging,Relevance,3,Good
HIERARCHICAL_PROMPTING,ALPHA-AUTOML,SEMISUPERVISED,SEMI_1459_artificial_characters_dataset,llama4,Hierarchical_prompt,deepseek-r1:14b,zeroshot_judging,Accuracy,3,Good
HIERARCHICAL_PROMPTING,ALPHA-AUTOML,SEMISUPERVISED,SEMI_1459_artificial_characters_dataset,llama4,Hierarchical_prompt,deepseek-r1:14b,zeroshot_judging,Clarity,3,Good
HIERARCHICAL_PROMPTING,ALPHA-AUTOML,SEMISUPERVISED,SEMI_1459_artificial_characters_dataset,llama4,Hierarchical_prompt,deepseek-r1:14b,zeroshot_judging,Completeness,2,Average
HIERARCHICAL_PROMPTING,ALPHA-AUTOML,SEMISUPERVISED,SEMI_1459_artificial_characters_dataset,llama4,Hierarchical_prompt,deepseek-r1:14b,zeroshot_judging,Relevance,3,Good
HIERARCHICAL_PROMPTING,ALPHA-AUTOML,SEMISUPERVISED,SEMI_1459_artificial_characters_dataset,llama4,Hierarchical_prompt,llama4,zeroshot_judging,Accuracy,3,Good
HIERARCHICAL_PROMPTING,ALPHA-AUTOML,SEMISUPERVISED,SEMI_1459_artificial_characters_dataset,llama4,Hierarchical_prompt,llama4,zeroshot_judging,Clarity,3,Good
HIERARCHICAL_PROMPTING,ALPHA-AUTOML,SEMISUPERVISED,SEMI_1459_artificial_characters_dataset,llama4,Hierarchical_prompt,llama4,zeroshot_judging,Completeness,2,Average
HIERARCHICAL_PROMPTING,ALPHA-AUTOML,SEMISUPERVISED,SEMI_1459_artificial_characters_dataset,llama4,Hierarchical_prompt,llama4,zeroshot_judging,Relevance,3,Good
HIERARCHICAL_PROMPTING,ALPHA-AUTOML,SEMISUPERVISED,SEMI_1459_artificial_characters_dataset,llama4,Hierarchical_prompt,deepseek-r1:14b,zeroshot_judging,Accuracy,3,Good
HIERARCHICAL_PROMPTING,ALPHA-AUTOML,SEMISUPERVISED,SEMI_1459_artificial_characters_dataset,llama4,Hierarchical_prompt,deepseek-r1:14b,zeroshot_judging,Clarity,3,Good
HIERARCHICAL_PROMPTING,ALPHA-AUTOML,SEMISUPERVISED,SEMI_1459_artificial_characters_dataset,llama4,Hierarchical_prompt,deepseek-r1:14b,zeroshot_judging,Completeness,2,Average
HIERARCHICAL_PROMPTING,ALPHA-AUTOML,SEMISUPERVISED,SEMI_1459_artificial_characters_dataset,llama4,Hierarchical_prompt,deepseek-r1:14b,zeroshot_judging,Relevance,3,Good
HIERARCHICAL_PROMPTING,ALPHA-AUTOML,SEMISUPERVISED,SEMI_1459_artificial_characters_dataset,llama4,Hierarchical_prompt,llama4,zeroshot_judging,Accuracy,3,Good
HIERARCHICAL_PROMPTING,ALPHA-AUTOML,SEMISUPERVISED,SEMI_1459_artificial_characters_dataset,llama4,Hierarchical_prompt,llama4,zeroshot_judging,Clarity,3,Good
HIERARCHICAL_PROMPTING,ALPHA-AUTOML,SEMISUPERVISED,SEMI_1459_artificial_characters_dataset,llama4,Hierarchical_prompt,llama4,zeroshot_judging,Completeness,2,Average
HIERARCHICAL_PROMPTING,ALPHA-AUTOML,SEMISUPERVISED,SEMI_1459_artificial_characters_dataset,llama4,Hierarchical_prompt,llama4,zeroshot_judging,Relevance,3,Good
HIERARCHICAL_PROMPTING,ALPHA-AUTOML,SEMISUPERVISED,SEMI_1459_artificial_characters_dataset,llama4,Hierarchical_prompt,deepseek-r1:14b,zeroshot_judging,Accuracy,3,Good
HIERARCHICAL_PROMPTING,ALPHA-AUTOML,SEMISUPERVISED,SEMI_1459_artificial_characters_dataset,llama4,Hierarchical_prompt,deepseek-r1:14b,zeroshot_judging,Clarity,3,Good
HIERARCHICAL_PROMPTING,ALPHA-AUTOML,SEMISUPERVISED,SEMI_1459_artificial_characters_dataset,llama4,Hierarchical_prompt,deepseek-r1:14b,zeroshot_judging,Completeness,2,Average
HIERARCHICAL_PROMPTING,ALPHA-AUTOML,SEMISUPERVISED,SEMI_1459_artificial_characters_dataset,llama4,Hierarchical_prompt,deepseek-r1:14b,zeroshot_judging,Relevance,3,Good
HIERARCHICAL_PROMPTING,ALPHA-AUTOML,SEMISUPERVISED,SEMI_1459_artificial_characters_dataset,llama4,Hierarchical_prompt,llama4,zeroshot_judging,Accuracy,3,Good
HIERARCHICAL_PROMPTING,ALPHA-AUTOML,SEMISUPERVISED,SEMI_1459_artificial_characters_dataset,llama4,Hierarchical_prompt,llama4,zeroshot_judging,Clarity,3,Good
HIERARCHICAL_PROMPTING,ALPHA-AUTOML,SEMISUPERVISED,SEMI_1459_artificial_characters_dataset,llama4,Hierarchical_prompt,llama4,zeroshot_judging,Completeness,2,Average
HIERARCHICAL_PROMPTING,ALPHA-AUTOML,SEMISUPERVISED,SEMI_1459_artificial_characters_dataset,llama4,Hierarchical_prompt,llama4,zeroshot_judging,Relevance,3,Good
HIERARCHICAL_PROMPTING,ALPHA-AUTOML,SEMISUPERVISED,SEMI_1459_artificial_characters_dataset,llama4,Hierarchical_prompt,deepseek-r1:14b,zeroshot_judging,Accuracy,3,Good
HIERARCHICAL_PROMPTING,ALPHA-AUTOML,SEMISUPERVISED,SEMI_1459_artificial_characters_dataset,llama4,Hierarchical_prompt,deepseek-r1:14b,zeroshot_judging,Clarity,3,Good
HIERARCHICAL_PROMPTING,ALPHA-AUTOML,SEMISUPERVISED,SEMI_1459_artificial_characters_dataset,llama4,Hierarchical_prompt,deepseek-r1:14b,zeroshot_judging,Completeness,2,Average
HIERARCHICAL_PROMPTING,ALPHA-AUTOML,SEMISUPERVISED,SEMI_1459_artificial_characters_dataset,llama4,Hierarchical_prompt,deepseek-r1:14b,zeroshot_judging,Relevance,3,Good
HIERARCHICAL_PROMPTING,ALPHA-AUTOML,SEMISUPERVISED,SEMI_1459_artificial_characters_dataset,deepseek-r1:14b,Hierarchical_prompt,llama4,zeroshot_judging,Accuracy,4,Excellent
HIERARCHICAL_PROMPTING,ALPHA-AUTOML,SEMISUPERVISED,SEMI_1459_artificial_characters_dataset,deepseek-r1:14b,Hierarchical_prompt,llama4,zeroshot_judging,Clarity,4,Excellent
HIERARCHICAL_PROMPTING,ALPHA-AUTOML,SEMISUPERVISED,SEMI_1459_artificial_characters_dataset,deepseek-r1:14b,Hierarchical_prompt,llama4,zeroshot_judging,Completeness,3,Good
HIERARCHICAL_PROMPTING,ALPHA-AUTOML,SEMISUPERVISED,SEMI_1459_artificial_characters_dataset,deepseek-r1:14b,Hierarchical_prompt,llama4,zeroshot_judging,Relevance,4,Excellent
HIERARCHICAL_PROMPTING,ALPHA-AUTOML,SEMISUPERVISED,SEMI_1459_artificial_characters_dataset,deepseek-r1:14b,Hierarchical_prompt,deepseek-r1:14b,zeroshot_judging,Accuracy,3,Good
HIERARCHICAL_PROMPTING,ALPHA-AUTOML,SEMISUPERVISED,SEMI_1459_artificial_characters_dataset,deepseek-r1:14b,Hierarchical_prompt,deepseek-r1:14b,zeroshot_judging,Clarity,4,Excellent
HIERARCHICAL_PROMPTING,ALPHA-AUTOML,SEMISUPERVISED,SEMI_1459_artificial_characters_dataset,deepseek-r1:14b,Hierarchical_prompt,deepseek-r1:14b,zeroshot_judging,Completeness,3,Good
HIERARCHICAL_PROMPTING,ALPHA-AUTOML,SEMISUPERVISED,SEMI_1459_artificial_characters_dataset,deepseek-r1:14b,Hierarchical_prompt,deepseek-r1:14b,zeroshot_judging,Relevance,4,Excellent
HIERARCHICAL_PROMPTING,ALPHA-AUTOML,SEMISUPERVISED,SEMI_1459_artificial_characters_dataset,deepseek-r1:14b,Hierarchical_prompt,llama4,zeroshot_judging,Accuracy,4,Excellent
HIERARCHICAL_PROMPTING,ALPHA-AUTOML,SEMISUPERVISED,SEMI_1459_artificial_characters_dataset,deepseek-r1:14b,Hierarchical_prompt,llama4,zeroshot_judging,Clarity,4,Excellent
HIERARCHICAL_PROMPTING,ALPHA-AUTOML,SEMISUPERVISED,SEMI_1459_artificial_characters_dataset,deepseek-r1:14b,Hierarchical_prompt,llama4,zeroshot_judging,Completeness,3,Good
HIERARCHICAL_PROMPTING,ALPHA-AUTOML,SEMISUPERVISED,SEMI_1459_artificial_characters_dataset,deepseek-r1:14b,Hierarchical_prompt,llama4,zeroshot_judging,Relevance,4,Excellent
HIERARCHICAL_PROMPTING,ALPHA-AUTOML,SEMISUPERVISED,SEMI_1459_artificial_characters_dataset,deepseek-r1:14b,Hierarchical_prompt,deepseek-r1:14b,zeroshot_judging,Accuracy,3,Good
HIERARCHICAL_PROMPTING,ALPHA-AUTOML,SEMISUPERVISED,SEMI_1459_artificial_characters_dataset,deepseek-r1:14b,Hierarchical_prompt,deepseek-r1:14b,zeroshot_judging,Clarity,4,Excellent
HIERARCHICAL_PROMPTING,ALPHA-AUTOML,SEMISUPERVISED,SEMI_1459_artificial_characters_dataset,deepseek-r1:14b,Hierarchical_prompt,deepseek-r1:14b,zeroshot_judging,Completeness,3,Good
HIERARCHICAL_PROMPTING,ALPHA-AUTOML,SEMISUPERVISED,SEMI_1459_artificial_characters_dataset,deepseek-r1:14b,Hierarchical_prompt,deepseek-r1:14b,zeroshot_judging,Relevance,4,Excellent
HIERARCHICAL_PROMPTING,ALPHA-AUTOML,SEMISUPERVISED,SEMI_1459_artificial_characters_dataset,deepseek-r1:14b,Hierarchical_prompt,llama4,zeroshot_judging,Accuracy,4,Excellent
HIERARCHICAL_PROMPTING,ALPHA-AUTOML,SEMISUPERVISED,SEMI_1459_artificial_characters_dataset,deepseek-r1:14b,Hierarchical_prompt,llama4,zeroshot_judging,Clarity,4,Excellent
HIERARCHICAL_PROMPTING,ALPHA-AUTOML,SEMISUPERVISED,SEMI_1459_artificial_characters_dataset,deepseek-r1:14b,Hierarchical_prompt,llama4,zeroshot_judging,Completeness,3,Good
HIERARCHICAL_PROMPTING,ALPHA-AUTOML,SEMISUPERVISED,SEMI_1459_artificial_characters_dataset,deepseek-r1:14b,Hierarchical_prompt,llama4,zeroshot_judging,Relevance,4,Excellent
HIERARCHICAL_PROMPTING,ALPHA-AUTOML,SEMISUPERVISED,SEMI_1459_artificial_characters_dataset,deepseek-r1:14b,Hierarchical_prompt,deepseek-r1:14b,zeroshot_judging,Accuracy,3,Good
HIERARCHICAL_PROMPTING,ALPHA-AUTOML,SEMISUPERVISED,SEMI_1459_artificial_characters_dataset,deepseek-r1:14b,Hierarchical_prompt,deepseek-r1:14b,zeroshot_judging,Clarity,4,Excellent
HIERARCHICAL_PROMPTING,ALPHA-AUTOML,SEMISUPERVISED,SEMI_1459_artificial_characters_dataset,deepseek-r1:14b,Hierarchical_prompt,deepseek-r1:14b,zeroshot_judging,Completeness,3,Good
HIERARCHICAL_PROMPTING,ALPHA-AUTOML,SEMISUPERVISED,SEMI_1459_artificial_characters_dataset,deepseek-r1:14b,Hierarchical_prompt,deepseek-r1:14b,zeroshot_judging,Relevance,4,Excellent
HIERARCHICAL_PROMPTING,ALPHA-AUTOML,SEMISUPERVISED,SEMI_1459_artificial_characters_dataset,deepseek-r1:14b,Hierarchical_prompt,llama4,zeroshot_judging,Accuracy,4,Excellent
HIERARCHICAL_PROMPTING,ALPHA-AUTOML,SEMISUPERVISED,SEMI_1459_artificial_characters_dataset,deepseek-r1:14b,Hierarchical_prompt,llama4,zeroshot_judging,Clarity,4,Excellent
HIERARCHICAL_PROMPTING,ALPHA-AUTOML,SEMISUPERVISED,SEMI_1459_artificial_characters_dataset,deepseek-r1:14b,Hierarchical_prompt,llama4,zeroshot_judging,Completeness,3,Good
HIERARCHICAL_PROMPTING,ALPHA-AUTOML,SEMISUPERVISED,SEMI_1459_artificial_characters_dataset,deepseek-r1:14b,Hierarchical_prompt,llama4,zeroshot_judging,Relevance,4,Excellent
HIERARCHICAL_PROMPTING,ALPHA-AUTOML,SEMISUPERVISED,SEMI_1459_artificial_characters_dataset,deepseek-r1:14b,Hierarchical_prompt,deepseek-r1:14b,zeroshot_judging,Accuracy,3,Good
HIERARCHICAL_PROMPTING,ALPHA-AUTOML,SEMISUPERVISED,SEMI_1459_artificial_characters_dataset,deepseek-r1:14b,Hierarchical_prompt,deepseek-r1:14b,zeroshot_judging,Clarity,4,Excellent
HIERARCHICAL_PROMPTING,ALPHA-AUTOML,SEMISUPERVISED,SEMI_1459_artificial_characters_dataset,deepseek-r1:14b,Hierarchical_prompt,deepseek-r1:14b,zeroshot_judging,Completeness,3,Good
HIERARCHICAL_PROMPTING,ALPHA-AUTOML,SEMISUPERVISED,SEMI_1459_artificial_characters_dataset,deepseek-r1:14b,Hierarchical_prompt,deepseek-r1:14b,zeroshot_judging,Relevance,4,Excellent
HIERARCHICAL_PROMPTING,ALPHA-AUTOML,SEMISUPERVISED,SEMI_1459_artificial_characters_dataset,deepseek-r1:14b,Hierarchical_prompt,llama4,zeroshot_judging,Accuracy,4,Excellent
HIERARCHICAL_PROMPTING,ALPHA-AUTOML,SEMISUPERVISED,SEMI_1459_artificial_characters_dataset,deepseek-r1:14b,Hierarchical_prompt,llama4,zeroshot_judging,Clarity,4,Excellent
HIERARCHICAL_PROMPTING,ALPHA-AUTOML,SEMISUPERVISED,SEMI_1459_artificial_characters_dataset,deepseek-r1:14b,Hierarchical_prompt,llama4,zeroshot_judging,Completeness,3,Good
HIERARCHICAL_PROMPTING,ALPHA-AUTOML,SEMISUPERVISED,SEMI_1459_artificial_characters_dataset,deepseek-r1:14b,Hierarchical_prompt,llama4,zeroshot_judging,Relevance,4,Excellent
HIERARCHICAL_PROMPTING,ALPHA-AUTOML,SEMISUPERVISED,SEMI_1459_artificial_characters_dataset,deepseek-r1:14b,Hierarchical_prompt,deepseek-r1:14b,zeroshot_judging,Accuracy,3,Good
HIERARCHICAL_PROMPTING,ALPHA-AUTOML,SEMISUPERVISED,SEMI_1459_artificial_characters_dataset,deepseek-r1:14b,Hierarchical_prompt,deepseek-r1:14b,zeroshot_judging,Clarity,4,Excellent
HIERARCHICAL_PROMPTING,ALPHA-AUTOML,SEMISUPERVISED,SEMI_1459_artificial_characters_dataset,deepseek-r1:14b,Hierarchical_prompt,deepseek-r1:14b,zeroshot_judging,Completeness,3,Good
HIERARCHICAL_PROMPTING,ALPHA-AUTOML,SEMISUPERVISED,SEMI_1459_artificial_characters_dataset,deepseek-r1:14b,Hierarchical_prompt,deepseek-r1:14b,zeroshot_judging,Relevance,4,Excellent
HIERARCHICAL_PROMPTING,ALPHA-AUTOML,SEMISUPERVISED,SEMI_1459_artificial_characters_dataset,deepseek-r1:14b,Hierarchical_prompt,llama4,zeroshot_judging,Accuracy,4,Excellent
HIERARCHICAL_PROMPTING,ALPHA-AUTOML,SEMISUPERVISED,SEMI_1459_artificial_characters_dataset,deepseek-r1:14b,Hierarchical_prompt,llama4,zeroshot_judging,Clarity,4,Excellent
HIERARCHICAL_PROMPTING,ALPHA-AUTOML,SEMISUPERVISED,SEMI_1459_artificial_characters_dataset,deepseek-r1:14b,Hierarchical_prompt,llama4,zeroshot_judging,Completeness,3,Good
HIERARCHICAL_PROMPTING,ALPHA-AUTOML,SEMISUPERVISED,SEMI_1459_artificial_characters_dataset,deepseek-r1:14b,Hierarchical_prompt,llama4,zeroshot_judging,Relevance,4,Excellent
HIERARCHICAL_PROMPTING,ALPHA-AUTOML,SEMISUPERVISED,SEMI_1459_artificial_characters_dataset,deepseek-r1:14b,Hierarchical_prompt,deepseek-r1:14b,zeroshot_judging,Accuracy,3,Good
HIERARCHICAL_PROMPTING,ALPHA-AUTOML,SEMISUPERVISED,SEMI_1459_artificial_characters_dataset,deepseek-r1:14b,Hierarchical_prompt,deepseek-r1:14b,zeroshot_judging,Clarity,4,Excellent
HIERARCHICAL_PROMPTING,ALPHA-AUTOML,SEMISUPERVISED,SEMI_1459_artificial_characters_dataset,deepseek-r1:14b,Hierarchical_prompt,deepseek-r1:14b,zeroshot_judging,Completeness,3,Good
HIERARCHICAL_PROMPTING,ALPHA-AUTOML,SEMISUPERVISED,SEMI_1459_artificial_characters_dataset,deepseek-r1:14b,Hierarchical_prompt,deepseek-r1:14b,zeroshot_judging,Relevance,4,Excellent
HIERARCHICAL_PROMPTING,ALPHA-AUTOML,TIME_SERIES_FORECAST,stock_market,llama4,Hierarchical_prompt,llama4,zeroshot_judging,Accuracy,4,Excellent
HIERARCHICAL_PROMPTING,ALPHA-AUTOML,TIME_SERIES_FORECAST,stock_market,llama4,Hierarchical_prompt,llama4,zeroshot_judging,Clarity,4,Excellent
HIERARCHICAL_PROMPTING,ALPHA-AUTOML,TIME_SERIES_FORECAST,stock_market,llama4,Hierarchical_prompt,llama4,zeroshot_judging,Completeness,3,Good
HIERARCHICAL_PROMPTING,ALPHA-AUTOML,TIME_SERIES_FORECAST,stock_market,llama4,Hierarchical_prompt,llama4,zeroshot_judging,Relevance,4,Excellent
HIERARCHICAL_PROMPTING,ALPHA-AUTOML,TIME_SERIES_FORECAST,stock_market,llama4,Hierarchical_prompt,deepseek-r1:14b,zeroshot_judging,Accuracy,2,Average
HIERARCHICAL_PROMPTING,ALPHA-AUTOML,TIME_SERIES_FORECAST,stock_market,llama4,Hierarchical_prompt,deepseek-r1:14b,zeroshot_judging,Clarity,4,Excellent
HIERARCHICAL_PROMPTING,ALPHA-AUTOML,TIME_SERIES_FORECAST,stock_market,llama4,Hierarchical_prompt,deepseek-r1:14b,zeroshot_judging,Completeness,3,Good
HIERARCHICAL_PROMPTING,ALPHA-AUTOML,TIME_SERIES_FORECAST,stock_market,llama4,Hierarchical_prompt,deepseek-r1:14b,zeroshot_judging,Relevance,2,Average
HIERARCHICAL_PROMPTING,ALPHA-AUTOML,TIME_SERIES_FORECAST,stock_market,llama4,Hierarchical_prompt,llama4,zeroshot_judging,Accuracy,4,Excellent
HIERARCHICAL_PROMPTING,ALPHA-AUTOML,TIME_SERIES_FORECAST,stock_market,llama4,Hierarchical_prompt,llama4,zeroshot_judging,Clarity,4,Excellent
HIERARCHICAL_PROMPTING,ALPHA-AUTOML,TIME_SERIES_FORECAST,stock_market,llama4,Hierarchical_prompt,llama4,zeroshot_judging,Completeness,3,Good
HIERARCHICAL_PROMPTING,ALPHA-AUTOML,TIME_SERIES_FORECAST,stock_market,llama4,Hierarchical_prompt,llama4,zeroshot_judging,Relevance,4,Excellent
HIERARCHICAL_PROMPTING,ALPHA-AUTOML,TIME_SERIES_FORECAST,stock_market,llama4,Hierarchical_prompt,deepseek-r1:14b,zeroshot_judging,Accuracy,2,Average
HIERARCHICAL_PROMPTING,ALPHA-AUTOML,TIME_SERIES_FORECAST,stock_market,llama4,Hierarchical_prompt,deepseek-r1:14b,zeroshot_judging,Clarity,4,Excellent
HIERARCHICAL_PROMPTING,ALPHA-AUTOML,TIME_SERIES_FORECAST,stock_market,llama4,Hierarchical_prompt,deepseek-r1:14b,zeroshot_judging,Completeness,3,Good
HIERARCHICAL_PROMPTING,ALPHA-AUTOML,TIME_SERIES_FORECAST,stock_market,llama4,Hierarchical_prompt,deepseek-r1:14b,zeroshot_judging,Relevance,2,Average
HIERARCHICAL_PROMPTING,ALPHA-AUTOML,TIME_SERIES_FORECAST,stock_market,llama4,Hierarchical_prompt,llama4,zeroshot_judging,Accuracy,4,Excellent
HIERARCHICAL_PROMPTING,ALPHA-AUTOML,TIME_SERIES_FORECAST,stock_market,llama4,Hierarchical_prompt,llama4,zeroshot_judging,Clarity,4,Excellent
HIERARCHICAL_PROMPTING,ALPHA-AUTOML,TIME_SERIES_FORECAST,stock_market,llama4,Hierarchical_prompt,llama4,zeroshot_judging,Completeness,3,Good
HIERARCHICAL_PROMPTING,ALPHA-AUTOML,TIME_SERIES_FORECAST,stock_market,llama4,Hierarchical_prompt,llama4,zeroshot_judging,Relevance,4,Excellent
HIERARCHICAL_PROMPTING,ALPHA-AUTOML,TIME_SERIES_FORECAST,stock_market,llama4,Hierarchical_prompt,deepseek-r1:14b,zeroshot_judging,Accuracy,2,Average
HIERARCHICAL_PROMPTING,ALPHA-AUTOML,TIME_SERIES_FORECAST,stock_market,llama4,Hierarchical_prompt,deepseek-r1:14b,zeroshot_judging,Clarity,4,Excellent
HIERARCHICAL_PROMPTING,ALPHA-AUTOML,TIME_SERIES_FORECAST,stock_market,llama4,Hierarchical_prompt,deepseek-r1:14b,zeroshot_judging,Completeness,3,Good
HIERARCHICAL_PROMPTING,ALPHA-AUTOML,TIME_SERIES_FORECAST,stock_market,llama4,Hierarchical_prompt,deepseek-r1:14b,zeroshot_judging,Relevance,2,Average
HIERARCHICAL_PROMPTING,ALPHA-AUTOML,TIME_SERIES_FORECAST,stock_market,llama4,Hierarchical_prompt,llama4,zeroshot_judging,Accuracy,4,Excellent
HIERARCHICAL_PROMPTING,ALPHA-AUTOML,TIME_SERIES_FORECAST,stock_market,llama4,Hierarchical_prompt,llama4,zeroshot_judging,Clarity,4,Excellent
HIERARCHICAL_PROMPTING,ALPHA-AUTOML,TIME_SERIES_FORECAST,stock_market,llama4,Hierarchical_prompt,llama4,zeroshot_judging,Completeness,3,Good
HIERARCHICAL_PROMPTING,ALPHA-AUTOML,TIME_SERIES_FORECAST,stock_market,llama4,Hierarchical_prompt,llama4,zeroshot_judging,Relevance,4,Excellent
HIERARCHICAL_PROMPTING,ALPHA-AUTOML,TIME_SERIES_FORECAST,stock_market,llama4,Hierarchical_prompt,deepseek-r1:14b,zeroshot_judging,Accuracy,2,Average
HIERARCHICAL_PROMPTING,ALPHA-AUTOML,TIME_SERIES_FORECAST,stock_market,llama4,Hierarchical_prompt,deepseek-r1:14b,zeroshot_judging,Clarity,4,Excellent
HIERARCHICAL_PROMPTING,ALPHA-AUTOML,TIME_SERIES_FORECAST,stock_market,llama4,Hierarchical_prompt,deepseek-r1:14b,zeroshot_judging,Completeness,3,Good
HIERARCHICAL_PROMPTING,ALPHA-AUTOML,TIME_SERIES_FORECAST,stock_market,llama4,Hierarchical_prompt,deepseek-r1:14b,zeroshot_judging,Relevance,2,Average
HIERARCHICAL_PROMPTING,ALPHA-AUTOML,TIME_SERIES_FORECAST,stock_market,llama4,Hierarchical_prompt,llama4,zeroshot_judging,Accuracy,4,Excellent
HIERARCHICAL_PROMPTING,ALPHA-AUTOML,TIME_SERIES_FORECAST,stock_market,llama4,Hierarchical_prompt,llama4,zeroshot_judging,Clarity,4,Excellent
HIERARCHICAL_PROMPTING,ALPHA-AUTOML,TIME_SERIES_FORECAST,stock_market,llama4,Hierarchical_prompt,llama4,zeroshot_judging,Completeness,3,Good
HIERARCHICAL_PROMPTING,ALPHA-AUTOML,TIME_SERIES_FORECAST,stock_market,llama4,Hierarchical_prompt,llama4,zeroshot_judging,Relevance,4,Excellent
HIERARCHICAL_PROMPTING,ALPHA-AUTOML,TIME_SERIES_FORECAST,stock_market,llama4,Hierarchical_prompt,deepseek-r1:14b,zeroshot_judging,Accuracy,2,Average
HIERARCHICAL_PROMPTING,ALPHA-AUTOML,TIME_SERIES_FORECAST,stock_market,llama4,Hierarchical_prompt,deepseek-r1:14b,zeroshot_judging,Clarity,4,Excellent
HIERARCHICAL_PROMPTING,ALPHA-AUTOML,TIME_SERIES_FORECAST,stock_market,llama4,Hierarchical_prompt,deepseek-r1:14b,zeroshot_judging,Completeness,3,Good
HIERARCHICAL_PROMPTING,ALPHA-AUTOML,TIME_SERIES_FORECAST,stock_market,llama4,Hierarchical_prompt,deepseek-r1:14b,zeroshot_judging,Relevance,2,Average
HIERARCHICAL_PROMPTING,ALPHA-AUTOML,TIME_SERIES_FORECAST,stock_market,llama4,Hierarchical_prompt,llama4,zeroshot_judging,Accuracy,4,Excellent
HIERARCHICAL_PROMPTING,ALPHA-AUTOML,TIME_SERIES_FORECAST,stock_market,llama4,Hierarchical_prompt,llama4,zeroshot_judging,Clarity,4,Excellent
HIERARCHICAL_PROMPTING,ALPHA-AUTOML,TIME_SERIES_FORECAST,stock_market,llama4,Hierarchical_prompt,llama4,zeroshot_judging,Completeness,3,Good
HIERARCHICAL_PROMPTING,ALPHA-AUTOML,TIME_SERIES_FORECAST,stock_market,llama4,Hierarchical_prompt,llama4,zeroshot_judging,Relevance,4,Excellent
HIERARCHICAL_PROMPTING,ALPHA-AUTOML,TIME_SERIES_FORECAST,stock_market,llama4,Hierarchical_prompt,deepseek-r1:14b,zeroshot_judging,Accuracy,2,Average
HIERARCHICAL_PROMPTING,ALPHA-AUTOML,TIME_SERIES_FORECAST,stock_market,llama4,Hierarchical_prompt,deepseek-r1:14b,zeroshot_judging,Clarity,4,Excellent
HIERARCHICAL_PROMPTING,ALPHA-AUTOML,TIME_SERIES_FORECAST,stock_market,llama4,Hierarchical_prompt,deepseek-r1:14b,zeroshot_judging,Completeness,3,Good
HIERARCHICAL_PROMPTING,ALPHA-AUTOML,TIME_SERIES_FORECAST,stock_market,llama4,Hierarchical_prompt,deepseek-r1:14b,zeroshot_judging,Relevance,2,Average
HIERARCHICAL_PROMPTING,ALPHA-AUTOML,TIME_SERIES_FORECAST,stock_market,deepseek-r1:14b,Hierarchical_prompt,llama4,zeroshot_judging,Accuracy,4,Excellent
HIERARCHICAL_PROMPTING,ALPHA-AUTOML,TIME_SERIES_FORECAST,stock_market,deepseek-r1:14b,Hierarchical_prompt,llama4,zeroshot_judging,Clarity,4,Excellent
HIERARCHICAL_PROMPTING,ALPHA-AUTOML,TIME_SERIES_FORECAST,stock_market,deepseek-r1:14b,Hierarchical_prompt,llama4,zeroshot_judging,Completeness,4,Excellent
HIERARCHICAL_PROMPTING,ALPHA-AUTOML,TIME_SERIES_FORECAST,stock_market,deepseek-r1:14b,Hierarchical_prompt,llama4,zeroshot_judging,Relevance,4,Excellent
HIERARCHICAL_PROMPTING,ALPHA-AUTOML,TIME_SERIES_FORECAST,stock_market,deepseek-r1:14b,Hierarchical_prompt,deepseek-r1:14b,zeroshot_judging,Accuracy,3,Good
HIERARCHICAL_PROMPTING,ALPHA-AUTOML,TIME_SERIES_FORECAST,stock_market,deepseek-r1:14b,Hierarchical_prompt,deepseek-r1:14b,zeroshot_judging,Clarity,4,Excellent
HIERARCHICAL_PROMPTING,ALPHA-AUTOML,TIME_SERIES_FORECAST,stock_market,deepseek-r1:14b,Hierarchical_prompt,deepseek-r1:14b,zeroshot_judging,Completeness,2,Average
HIERARCHICAL_PROMPTING,ALPHA-AUTOML,TIME_SERIES_FORECAST,stock_market,deepseek-r1:14b,Hierarchical_prompt,deepseek-r1:14b,zeroshot_judging,Relevance,4,Excellent
HIERARCHICAL_PROMPTING,ALPHA-AUTOML,TIME_SERIES_FORECAST,stock_market,deepseek-r1:14b,Hierarchical_prompt,llama4,zeroshot_judging,Accuracy,4,Excellent
HIERARCHICAL_PROMPTING,ALPHA-AUTOML,TIME_SERIES_FORECAST,stock_market,deepseek-r1:14b,Hierarchical_prompt,llama4,zeroshot_judging,Clarity,4,Excellent
HIERARCHICAL_PROMPTING,ALPHA-AUTOML,TIME_SERIES_FORECAST,stock_market,deepseek-r1:14b,Hierarchical_prompt,llama4,zeroshot_judging,Completeness,4,Excellent
HIERARCHICAL_PROMPTING,ALPHA-AUTOML,TIME_SERIES_FORECAST,stock_market,deepseek-r1:14b,Hierarchical_prompt,llama4,zeroshot_judging,Relevance,4,Excellent
HIERARCHICAL_PROMPTING,ALPHA-AUTOML,TIME_SERIES_FORECAST,stock_market,deepseek-r1:14b,Hierarchical_prompt,deepseek-r1:14b,zeroshot_judging,Accuracy,3,Good
HIERARCHICAL_PROMPTING,ALPHA-AUTOML,TIME_SERIES_FORECAST,stock_market,deepseek-r1:14b,Hierarchical_prompt,deepseek-r1:14b,zeroshot_judging,Clarity,4,Excellent
HIERARCHICAL_PROMPTING,ALPHA-AUTOML,TIME_SERIES_FORECAST,stock_market,deepseek-r1:14b,Hierarchical_prompt,deepseek-r1:14b,zeroshot_judging,Completeness,2,Average
HIERARCHICAL_PROMPTING,ALPHA-AUTOML,TIME_SERIES_FORECAST,stock_market,deepseek-r1:14b,Hierarchical_prompt,deepseek-r1:14b,zeroshot_judging,Relevance,4,Excellent
HIERARCHICAL_PROMPTING,ALPHA-AUTOML,TIME_SERIES_FORECAST,stock_market,deepseek-r1:14b,Hierarchical_prompt,llama4,zeroshot_judging,Accuracy,4,Excellent
HIERARCHICAL_PROMPTING,ALPHA-AUTOML,TIME_SERIES_FORECAST,stock_market,deepseek-r1:14b,Hierarchical_prompt,llama4,zeroshot_judging,Clarity,4,Excellent
HIERARCHICAL_PROMPTING,ALPHA-AUTOML,TIME_SERIES_FORECAST,stock_market,deepseek-r1:14b,Hierarchical_prompt,llama4,zeroshot_judging,Completeness,4,Excellent
HIERARCHICAL_PROMPTING,ALPHA-AUTOML,TIME_SERIES_FORECAST,stock_market,deepseek-r1:14b,Hierarchical_prompt,llama4,zeroshot_judging,Relevance,4,Excellent
HIERARCHICAL_PROMPTING,ALPHA-AUTOML,TIME_SERIES_FORECAST,stock_market,deepseek-r1:14b,Hierarchical_prompt,deepseek-r1:14b,zeroshot_judging,Accuracy,3,Good
HIERARCHICAL_PROMPTING,ALPHA-AUTOML,TIME_SERIES_FORECAST,stock_market,deepseek-r1:14b,Hierarchical_prompt,deepseek-r1:14b,zeroshot_judging,Clarity,4,Excellent
HIERARCHICAL_PROMPTING,ALPHA-AUTOML,TIME_SERIES_FORECAST,stock_market,deepseek-r1:14b,Hierarchical_prompt,deepseek-r1:14b,zeroshot_judging,Completeness,2,Average
HIERARCHICAL_PROMPTING,ALPHA-AUTOML,TIME_SERIES_FORECAST,stock_market,deepseek-r1:14b,Hierarchical_prompt,deepseek-r1:14b,zeroshot_judging,Relevance,4,Excellent
HIERARCHICAL_PROMPTING,ALPHA-AUTOML,TIME_SERIES_FORECAST,stock_market,deepseek-r1:14b,Hierarchical_prompt,llama4,zeroshot_judging,Accuracy,4,Excellent
HIERARCHICAL_PROMPTING,ALPHA-AUTOML,TIME_SERIES_FORECAST,stock_market,deepseek-r1:14b,Hierarchical_prompt,llama4,zeroshot_judging,Clarity,4,Excellent
HIERARCHICAL_PROMPTING,ALPHA-AUTOML,TIME_SERIES_FORECAST,stock_market,deepseek-r1:14b,Hierarchical_prompt,llama4,zeroshot_judging,Completeness,4,Excellent
HIERARCHICAL_PROMPTING,ALPHA-AUTOML,TIME_SERIES_FORECAST,stock_market,deepseek-r1:14b,Hierarchical_prompt,llama4,zeroshot_judging,Relevance,4,Excellent
HIERARCHICAL_PROMPTING,ALPHA-AUTOML,TIME_SERIES_FORECAST,stock_market,deepseek-r1:14b,Hierarchical_prompt,deepseek-r1:14b,zeroshot_judging,Accuracy,3,Good
HIERARCHICAL_PROMPTING,ALPHA-AUTOML,TIME_SERIES_FORECAST,stock_market,deepseek-r1:14b,Hierarchical_prompt,deepseek-r1:14b,zeroshot_judging,Clarity,4,Excellent
HIERARCHICAL_PROMPTING,ALPHA-AUTOML,TIME_SERIES_FORECAST,stock_market,deepseek-r1:14b,Hierarchical_prompt,deepseek-r1:14b,zeroshot_judging,Completeness,2,Average
HIERARCHICAL_PROMPTING,ALPHA-AUTOML,TIME_SERIES_FORECAST,stock_market,deepseek-r1:14b,Hierarchical_prompt,deepseek-r1:14b,zeroshot_judging,Relevance,4,Excellent
HIERARCHICAL_PROMPTING,ALPHA-AUTOML,TIME_SERIES_FORECAST,stock_market,deepseek-r1:14b,Hierarchical_prompt,llama4,zeroshot_judging,Accuracy,4,Excellent
HIERARCHICAL_PROMPTING,ALPHA-AUTOML,TIME_SERIES_FORECAST,stock_market,deepseek-r1:14b,Hierarchical_prompt,llama4,zeroshot_judging,Clarity,4,Excellent
HIERARCHICAL_PROMPTING,ALPHA-AUTOML,TIME_SERIES_FORECAST,stock_market,deepseek-r1:14b,Hierarchical_prompt,llama4,zeroshot_judging,Completeness,4,Excellent
HIERARCHICAL_PROMPTING,ALPHA-AUTOML,TIME_SERIES_FORECAST,stock_market,deepseek-r1:14b,Hierarchical_prompt,llama4,zeroshot_judging,Relevance,4,Excellent
HIERARCHICAL_PROMPTING,ALPHA-AUTOML,TIME_SERIES_FORECAST,stock_market,deepseek-r1:14b,Hierarchical_prompt,deepseek-r1:14b,zeroshot_judging,Accuracy,3,Good
HIERARCHICAL_PROMPTING,ALPHA-AUTOML,TIME_SERIES_FORECAST,stock_market,deepseek-r1:14b,Hierarchical_prompt,deepseek-r1:14b,zeroshot_judging,Clarity,4,Excellent
HIERARCHICAL_PROMPTING,ALPHA-AUTOML,TIME_SERIES_FORECAST,stock_market,deepseek-r1:14b,Hierarchical_prompt,deepseek-r1:14b,zeroshot_judging,Completeness,2,Average
HIERARCHICAL_PROMPTING,ALPHA-AUTOML,TIME_SERIES_FORECAST,stock_market,deepseek-r1:14b,Hierarchical_prompt,deepseek-r1:14b,zeroshot_judging,Relevance,4,Excellent
HIERARCHICAL_PROMPTING,ALPHA-AUTOML,TIME_SERIES_FORECAST,stock_market,deepseek-r1:14b,Hierarchical_prompt,llama4,zeroshot_judging,Accuracy,4,Excellent
HIERARCHICAL_PROMPTING,ALPHA-AUTOML,TIME_SERIES_FORECAST,stock_market,deepseek-r1:14b,Hierarchical_prompt,llama4,zeroshot_judging,Clarity,4,Excellent
HIERARCHICAL_PROMPTING,ALPHA-AUTOML,TIME_SERIES_FORECAST,stock_market,deepseek-r1:14b,Hierarchical_prompt,llama4,zeroshot_judging,Completeness,4,Excellent
HIERARCHICAL_PROMPTING,ALPHA-AUTOML,TIME_SERIES_FORECAST,stock_market,deepseek-r1:14b,Hierarchical_prompt,llama4,zeroshot_judging,Relevance,4,Excellent
HIERARCHICAL_PROMPTING,ALPHA-AUTOML,TIME_SERIES_FORECAST,stock_market,deepseek-r1:14b,Hierarchical_prompt,deepseek-r1:14b,zeroshot_judging,Accuracy,3,Good
HIERARCHICAL_PROMPTING,ALPHA-AUTOML,TIME_SERIES_FORECAST,stock_market,deepseek-r1:14b,Hierarchical_prompt,deepseek-r1:14b,zeroshot_judging,Clarity,4,Excellent
HIERARCHICAL_PROMPTING,ALPHA-AUTOML,TIME_SERIES_FORECAST,stock_market,deepseek-r1:14b,Hierarchical_prompt,deepseek-r1:14b,zeroshot_judging,Completeness,2,Average
HIERARCHICAL_PROMPTING,ALPHA-AUTOML,TIME_SERIES_FORECAST,stock_market,deepseek-r1:14b,Hierarchical_prompt,deepseek-r1:14b,zeroshot_judging,Relevance,4,Excellent
HIERARCHICAL_PROMPTING,ALPHA-AUTOML,TIME_SERIES_FORECAST,56_sunspots_monthly,llama4,Hierarchical_prompt,llama4,zeroshot_judging,Accuracy,2,Average
HIERARCHICAL_PROMPTING,ALPHA-AUTOML,TIME_SERIES_FORECAST,56_sunspots_monthly,llama4,Hierarchical_prompt,llama4,zeroshot_judging,Clarity,3,Good
HIERARCHICAL_PROMPTING,ALPHA-AUTOML,TIME_SERIES_FORECAST,56_sunspots_monthly,llama4,Hierarchical_prompt,llama4,zeroshot_judging,Completeness,2,Average
HIERARCHICAL_PROMPTING,ALPHA-AUTOML,TIME_SERIES_FORECAST,56_sunspots_monthly,llama4,Hierarchical_prompt,llama4,zeroshot_judging,Relevance,3,Good
HIERARCHICAL_PROMPTING,ALPHA-AUTOML,TIME_SERIES_FORECAST,56_sunspots_monthly,llama4,Hierarchical_prompt,deepseek-r1:14b,zeroshot_judging,Accuracy,2,Average
HIERARCHICAL_PROMPTING,ALPHA-AUTOML,TIME_SERIES_FORECAST,56_sunspots_monthly,llama4,Hierarchical_prompt,deepseek-r1:14b,zeroshot_judging,Clarity,3,Good
HIERARCHICAL_PROMPTING,ALPHA-AUTOML,TIME_SERIES_FORECAST,56_sunspots_monthly,llama4,Hierarchical_prompt,deepseek-r1:14b,zeroshot_judging,Completeness,2,Average
HIERARCHICAL_PROMPTING,ALPHA-AUTOML,TIME_SERIES_FORECAST,56_sunspots_monthly,llama4,Hierarchical_prompt,deepseek-r1:14b,zeroshot_judging,Relevance,3,Good
HIERARCHICAL_PROMPTING,ALPHA-AUTOML,TIME_SERIES_FORECAST,56_sunspots_monthly,llama4,Hierarchical_prompt,llama4,zeroshot_judging,Accuracy,2,Average
HIERARCHICAL_PROMPTING,ALPHA-AUTOML,TIME_SERIES_FORECAST,56_sunspots_monthly,llama4,Hierarchical_prompt,llama4,zeroshot_judging,Clarity,3,Good
HIERARCHICAL_PROMPTING,ALPHA-AUTOML,TIME_SERIES_FORECAST,56_sunspots_monthly,llama4,Hierarchical_prompt,llama4,zeroshot_judging,Completeness,2,Average
HIERARCHICAL_PROMPTING,ALPHA-AUTOML,TIME_SERIES_FORECAST,56_sunspots_monthly,llama4,Hierarchical_prompt,llama4,zeroshot_judging,Relevance,3,Good
HIERARCHICAL_PROMPTING,ALPHA-AUTOML,TIME_SERIES_FORECAST,56_sunspots_monthly,llama4,Hierarchical_prompt,deepseek-r1:14b,zeroshot_judging,Accuracy,2,Average
HIERARCHICAL_PROMPTING,ALPHA-AUTOML,TIME_SERIES_FORECAST,56_sunspots_monthly,llama4,Hierarchical_prompt,deepseek-r1:14b,zeroshot_judging,Clarity,3,Good
HIERARCHICAL_PROMPTING,ALPHA-AUTOML,TIME_SERIES_FORECAST,56_sunspots_monthly,llama4,Hierarchical_prompt,deepseek-r1:14b,zeroshot_judging,Completeness,2,Average
HIERARCHICAL_PROMPTING,ALPHA-AUTOML,TIME_SERIES_FORECAST,56_sunspots_monthly,llama4,Hierarchical_prompt,deepseek-r1:14b,zeroshot_judging,Relevance,3,Good
HIERARCHICAL_PROMPTING,ALPHA-AUTOML,TIME_SERIES_FORECAST,56_sunspots_monthly,llama4,Hierarchical_prompt,llama4,zeroshot_judging,Accuracy,2,Average
HIERARCHICAL_PROMPTING,ALPHA-AUTOML,TIME_SERIES_FORECAST,56_sunspots_monthly,llama4,Hierarchical_prompt,llama4,zeroshot_judging,Clarity,3,Good
HIERARCHICAL_PROMPTING,ALPHA-AUTOML,TIME_SERIES_FORECAST,56_sunspots_monthly,llama4,Hierarchical_prompt,llama4,zeroshot_judging,Completeness,2,Average
HIERARCHICAL_PROMPTING,ALPHA-AUTOML,TIME_SERIES_FORECAST,56_sunspots_monthly,llama4,Hierarchical_prompt,llama4,zeroshot_judging,Relevance,3,Good
HIERARCHICAL_PROMPTING,ALPHA-AUTOML,TIME_SERIES_FORECAST,56_sunspots_monthly,llama4,Hierarchical_prompt,deepseek-r1:14b,zeroshot_judging,Accuracy,2,Average
HIERARCHICAL_PROMPTING,ALPHA-AUTOML,TIME_SERIES_FORECAST,56_sunspots_monthly,llama4,Hierarchical_prompt,deepseek-r1:14b,zeroshot_judging,Clarity,3,Good
HIERARCHICAL_PROMPTING,ALPHA-AUTOML,TIME_SERIES_FORECAST,56_sunspots_monthly,llama4,Hierarchical_prompt,deepseek-r1:14b,zeroshot_judging,Completeness,2,Average
HIERARCHICAL_PROMPTING,ALPHA-AUTOML,TIME_SERIES_FORECAST,56_sunspots_monthly,llama4,Hierarchical_prompt,deepseek-r1:14b,zeroshot_judging,Relevance,3,Good
HIERARCHICAL_PROMPTING,ALPHA-AUTOML,TIME_SERIES_FORECAST,56_sunspots_monthly,llama4,Hierarchical_prompt,llama4,zeroshot_judging,Accuracy,2,Average
HIERARCHICAL_PROMPTING,ALPHA-AUTOML,TIME_SERIES_FORECAST,56_sunspots_monthly,llama4,Hierarchical_prompt,llama4,zeroshot_judging,Clarity,3,Good
HIERARCHICAL_PROMPTING,ALPHA-AUTOML,TIME_SERIES_FORECAST,56_sunspots_monthly,llama4,Hierarchical_prompt,llama4,zeroshot_judging,Completeness,2,Average
HIERARCHICAL_PROMPTING,ALPHA-AUTOML,TIME_SERIES_FORECAST,56_sunspots_monthly,llama4,Hierarchical_prompt,llama4,zeroshot_judging,Relevance,3,Good
HIERARCHICAL_PROMPTING,ALPHA-AUTOML,TIME_SERIES_FORECAST,56_sunspots_monthly,llama4,Hierarchical_prompt,deepseek-r1:14b,zeroshot_judging,Accuracy,2,Average
HIERARCHICAL_PROMPTING,ALPHA-AUTOML,TIME_SERIES_FORECAST,56_sunspots_monthly,llama4,Hierarchical_prompt,deepseek-r1:14b,zeroshot_judging,Clarity,3,Good
HIERARCHICAL_PROMPTING,ALPHA-AUTOML,TIME_SERIES_FORECAST,56_sunspots_monthly,llama4,Hierarchical_prompt,deepseek-r1:14b,zeroshot_judging,Completeness,2,Average
HIERARCHICAL_PROMPTING,ALPHA-AUTOML,TIME_SERIES_FORECAST,56_sunspots_monthly,llama4,Hierarchical_prompt,deepseek-r1:14b,zeroshot_judging,Relevance,3,Good
HIERARCHICAL_PROMPTING,ALPHA-AUTOML,TIME_SERIES_FORECAST,56_sunspots_monthly,llama4,Hierarchical_prompt,llama4,zeroshot_judging,Accuracy,2,Average
HIERARCHICAL_PROMPTING,ALPHA-AUTOML,TIME_SERIES_FORECAST,56_sunspots_monthly,llama4,Hierarchical_prompt,llama4,zeroshot_judging,Clarity,3,Good
HIERARCHICAL_PROMPTING,ALPHA-AUTOML,TIME_SERIES_FORECAST,56_sunspots_monthly,llama4,Hierarchical_prompt,llama4,zeroshot_judging,Completeness,2,Average
HIERARCHICAL_PROMPTING,ALPHA-AUTOML,TIME_SERIES_FORECAST,56_sunspots_monthly,llama4,Hierarchical_prompt,llama4,zeroshot_judging,Relevance,3,Good
HIERARCHICAL_PROMPTING,ALPHA-AUTOML,TIME_SERIES_FORECAST,56_sunspots_monthly,llama4,Hierarchical_prompt,deepseek-r1:14b,zeroshot_judging,Accuracy,2,Average
HIERARCHICAL_PROMPTING,ALPHA-AUTOML,TIME_SERIES_FORECAST,56_sunspots_monthly,llama4,Hierarchical_prompt,deepseek-r1:14b,zeroshot_judging,Clarity,3,Good
HIERARCHICAL_PROMPTING,ALPHA-AUTOML,TIME_SERIES_FORECAST,56_sunspots_monthly,llama4,Hierarchical_prompt,deepseek-r1:14b,zeroshot_judging,Completeness,2,Average
HIERARCHICAL_PROMPTING,ALPHA-AUTOML,TIME_SERIES_FORECAST,56_sunspots_monthly,llama4,Hierarchical_prompt,deepseek-r1:14b,zeroshot_judging,Relevance,3,Good
HIERARCHICAL_PROMPTING,ALPHA-AUTOML,TIME_SERIES_FORECAST,56_sunspots_monthly,llama4,Hierarchical_prompt,llama4,zeroshot_judging,Accuracy,2,Average
HIERARCHICAL_PROMPTING,ALPHA-AUTOML,TIME_SERIES_FORECAST,56_sunspots_monthly,llama4,Hierarchical_prompt,llama4,zeroshot_judging,Clarity,3,Good
HIERARCHICAL_PROMPTING,ALPHA-AUTOML,TIME_SERIES_FORECAST,56_sunspots_monthly,llama4,Hierarchical_prompt,llama4,zeroshot_judging,Completeness,2,Average
HIERARCHICAL_PROMPTING,ALPHA-AUTOML,TIME_SERIES_FORECAST,56_sunspots_monthly,llama4,Hierarchical_prompt,llama4,zeroshot_judging,Relevance,3,Good
HIERARCHICAL_PROMPTING,ALPHA-AUTOML,TIME_SERIES_FORECAST,56_sunspots_monthly,llama4,Hierarchical_prompt,deepseek-r1:14b,zeroshot_judging,Accuracy,2,Average
HIERARCHICAL_PROMPTING,ALPHA-AUTOML,TIME_SERIES_FORECAST,56_sunspots_monthly,llama4,Hierarchical_prompt,deepseek-r1:14b,zeroshot_judging,Clarity,3,Good
HIERARCHICAL_PROMPTING,ALPHA-AUTOML,TIME_SERIES_FORECAST,56_sunspots_monthly,llama4,Hierarchical_prompt,deepseek-r1:14b,zeroshot_judging,Completeness,2,Average
HIERARCHICAL_PROMPTING,ALPHA-AUTOML,TIME_SERIES_FORECAST,56_sunspots_monthly,llama4,Hierarchical_prompt,deepseek-r1:14b,zeroshot_judging,Relevance,3,Good
HIERARCHICAL_PROMPTING,ALPHA-AUTOML,TIME_SERIES_FORECAST,56_sunspots_monthly,deepseek-r1:14b,Hierarchical_prompt,llama4,zeroshot_judging,Accuracy,4,Excellent
HIERARCHICAL_PROMPTING,ALPHA-AUTOML,TIME_SERIES_FORECAST,56_sunspots_monthly,deepseek-r1:14b,Hierarchical_prompt,llama4,zeroshot_judging,Clarity,4,Excellent
HIERARCHICAL_PROMPTING,ALPHA-AUTOML,TIME_SERIES_FORECAST,56_sunspots_monthly,deepseek-r1:14b,Hierarchical_prompt,llama4,zeroshot_judging,Completeness,3,Good
HIERARCHICAL_PROMPTING,ALPHA-AUTOML,TIME_SERIES_FORECAST,56_sunspots_monthly,deepseek-r1:14b,Hierarchical_prompt,llama4,zeroshot_judging,Relevance,4,Excellent
HIERARCHICAL_PROMPTING,ALPHA-AUTOML,TIME_SERIES_FORECAST,56_sunspots_monthly,deepseek-r1:14b,Hierarchical_prompt,deepseek-r1:14b,zeroshot_judging,Accuracy,4,Excellent
HIERARCHICAL_PROMPTING,ALPHA-AUTOML,TIME_SERIES_FORECAST,56_sunspots_monthly,deepseek-r1:14b,Hierarchical_prompt,deepseek-r1:14b,zeroshot_judging,Clarity,4,Excellent
HIERARCHICAL_PROMPTING,ALPHA-AUTOML,TIME_SERIES_FORECAST,56_sunspots_monthly,deepseek-r1:14b,Hierarchical_prompt,deepseek-r1:14b,zeroshot_judging,Completeness,3,Good
HIERARCHICAL_PROMPTING,ALPHA-AUTOML,TIME_SERIES_FORECAST,56_sunspots_monthly,deepseek-r1:14b,Hierarchical_prompt,deepseek-r1:14b,zeroshot_judging,Relevance,3,Good
HIERARCHICAL_PROMPTING,ALPHA-AUTOML,TIME_SERIES_FORECAST,56_sunspots_monthly,deepseek-r1:14b,Hierarchical_prompt,llama4,zeroshot_judging,Accuracy,4,Excellent
HIERARCHICAL_PROMPTING,ALPHA-AUTOML,TIME_SERIES_FORECAST,56_sunspots_monthly,deepseek-r1:14b,Hierarchical_prompt,llama4,zeroshot_judging,Clarity,4,Excellent
HIERARCHICAL_PROMPTING,ALPHA-AUTOML,TIME_SERIES_FORECAST,56_sunspots_monthly,deepseek-r1:14b,Hierarchical_prompt,llama4,zeroshot_judging,Completeness,3,Good
HIERARCHICAL_PROMPTING,ALPHA-AUTOML,TIME_SERIES_FORECAST,56_sunspots_monthly,deepseek-r1:14b,Hierarchical_prompt,llama4,zeroshot_judging,Relevance,4,Excellent
HIERARCHICAL_PROMPTING,ALPHA-AUTOML,TIME_SERIES_FORECAST,56_sunspots_monthly,deepseek-r1:14b,Hierarchical_prompt,deepseek-r1:14b,zeroshot_judging,Accuracy,4,Excellent
HIERARCHICAL_PROMPTING,ALPHA-AUTOML,TIME_SERIES_FORECAST,56_sunspots_monthly,deepseek-r1:14b,Hierarchical_prompt,deepseek-r1:14b,zeroshot_judging,Clarity,4,Excellent
HIERARCHICAL_PROMPTING,ALPHA-AUTOML,TIME_SERIES_FORECAST,56_sunspots_monthly,deepseek-r1:14b,Hierarchical_prompt,deepseek-r1:14b,zeroshot_judging,Completeness,3,Good
HIERARCHICAL_PROMPTING,ALPHA-AUTOML,TIME_SERIES_FORECAST,56_sunspots_monthly,deepseek-r1:14b,Hierarchical_prompt,deepseek-r1:14b,zeroshot_judging,Relevance,3,Good
HIERARCHICAL_PROMPTING,ALPHA-AUTOML,TIME_SERIES_FORECAST,56_sunspots_monthly,deepseek-r1:14b,Hierarchical_prompt,llama4,zeroshot_judging,Accuracy,4,Excellent
HIERARCHICAL_PROMPTING,ALPHA-AUTOML,TIME_SERIES_FORECAST,56_sunspots_monthly,deepseek-r1:14b,Hierarchical_prompt,llama4,zeroshot_judging,Clarity,4,Excellent
HIERARCHICAL_PROMPTING,ALPHA-AUTOML,TIME_SERIES_FORECAST,56_sunspots_monthly,deepseek-r1:14b,Hierarchical_prompt,llama4,zeroshot_judging,Completeness,3,Good
HIERARCHICAL_PROMPTING,ALPHA-AUTOML,TIME_SERIES_FORECAST,56_sunspots_monthly,deepseek-r1:14b,Hierarchical_prompt,llama4,zeroshot_judging,Relevance,4,Excellent
HIERARCHICAL_PROMPTING,ALPHA-AUTOML,TIME_SERIES_FORECAST,56_sunspots_monthly,deepseek-r1:14b,Hierarchical_prompt,deepseek-r1:14b,zeroshot_judging,Accuracy,4,Excellent
HIERARCHICAL_PROMPTING,ALPHA-AUTOML,TIME_SERIES_FORECAST,56_sunspots_monthly,deepseek-r1:14b,Hierarchical_prompt,deepseek-r1:14b,zeroshot_judging,Clarity,4,Excellent
HIERARCHICAL_PROMPTING,ALPHA-AUTOML,TIME_SERIES_FORECAST,56_sunspots_monthly,deepseek-r1:14b,Hierarchical_prompt,deepseek-r1:14b,zeroshot_judging,Completeness,3,Good
HIERARCHICAL_PROMPTING,ALPHA-AUTOML,TIME_SERIES_FORECAST,56_sunspots_monthly,deepseek-r1:14b,Hierarchical_prompt,deepseek-r1:14b,zeroshot_judging,Relevance,3,Good
HIERARCHICAL_PROMPTING,ALPHA-AUTOML,TIME_SERIES_FORECAST,56_sunspots_monthly,deepseek-r1:14b,Hierarchical_prompt,llama4,zeroshot_judging,Accuracy,4,Excellent
HIERARCHICAL_PROMPTING,ALPHA-AUTOML,TIME_SERIES_FORECAST,56_sunspots_monthly,deepseek-r1:14b,Hierarchical_prompt,llama4,zeroshot_judging,Clarity,4,Excellent
HIERARCHICAL_PROMPTING,ALPHA-AUTOML,TIME_SERIES_FORECAST,56_sunspots_monthly,deepseek-r1:14b,Hierarchical_prompt,llama4,zeroshot_judging,Completeness,3,Good
HIERARCHICAL_PROMPTING,ALPHA-AUTOML,TIME_SERIES_FORECAST,56_sunspots_monthly,deepseek-r1:14b,Hierarchical_prompt,llama4,zeroshot_judging,Relevance,4,Excellent
HIERARCHICAL_PROMPTING,ALPHA-AUTOML,TIME_SERIES_FORECAST,56_sunspots_monthly,deepseek-r1:14b,Hierarchical_prompt,deepseek-r1:14b,zeroshot_judging,Accuracy,4,Excellent
HIERARCHICAL_PROMPTING,ALPHA-AUTOML,TIME_SERIES_FORECAST,56_sunspots_monthly,deepseek-r1:14b,Hierarchical_prompt,deepseek-r1:14b,zeroshot_judging,Clarity,4,Excellent
HIERARCHICAL_PROMPTING,ALPHA-AUTOML,TIME_SERIES_FORECAST,56_sunspots_monthly,deepseek-r1:14b,Hierarchical_prompt,deepseek-r1:14b,zeroshot_judging,Completeness,3,Good
HIERARCHICAL_PROMPTING,ALPHA-AUTOML,TIME_SERIES_FORECAST,56_sunspots_monthly,deepseek-r1:14b,Hierarchical_prompt,deepseek-r1:14b,zeroshot_judging,Relevance,3,Good
HIERARCHICAL_PROMPTING,ALPHA-AUTOML,TIME_SERIES_FORECAST,56_sunspots_monthly,deepseek-r1:14b,Hierarchical_prompt,llama4,zeroshot_judging,Accuracy,4,Excellent
HIERARCHICAL_PROMPTING,ALPHA-AUTOML,TIME_SERIES_FORECAST,56_sunspots_monthly,deepseek-r1:14b,Hierarchical_prompt,llama4,zeroshot_judging,Clarity,4,Excellent
HIERARCHICAL_PROMPTING,ALPHA-AUTOML,TIME_SERIES_FORECAST,56_sunspots_monthly,deepseek-r1:14b,Hierarchical_prompt,llama4,zeroshot_judging,Completeness,3,Good
HIERARCHICAL_PROMPTING,ALPHA-AUTOML,TIME_SERIES_FORECAST,56_sunspots_monthly,deepseek-r1:14b,Hierarchical_prompt,llama4,zeroshot_judging,Relevance,4,Excellent
HIERARCHICAL_PROMPTING,ALPHA-AUTOML,TIME_SERIES_FORECAST,56_sunspots_monthly,deepseek-r1:14b,Hierarchical_prompt,deepseek-r1:14b,zeroshot_judging,Accuracy,4,Excellent
HIERARCHICAL_PROMPTING,ALPHA-AUTOML,TIME_SERIES_FORECAST,56_sunspots_monthly,deepseek-r1:14b,Hierarchical_prompt,deepseek-r1:14b,zeroshot_judging,Clarity,4,Excellent
HIERARCHICAL_PROMPTING,ALPHA-AUTOML,TIME_SERIES_FORECAST,56_sunspots_monthly,deepseek-r1:14b,Hierarchical_prompt,deepseek-r1:14b,zeroshot_judging,Completeness,3,Good
HIERARCHICAL_PROMPTING,ALPHA-AUTOML,TIME_SERIES_FORECAST,56_sunspots_monthly,deepseek-r1:14b,Hierarchical_prompt,deepseek-r1:14b,zeroshot_judging,Relevance,3,Good
HIERARCHICAL_PROMPTING,ALPHA-AUTOML,TIME_SERIES_FORECAST,56_sunspots_monthly,deepseek-r1:14b,Hierarchical_prompt,llama4,zeroshot_judging,Accuracy,4,Excellent
HIERARCHICAL_PROMPTING,ALPHA-AUTOML,TIME_SERIES_FORECAST,56_sunspots_monthly,deepseek-r1:14b,Hierarchical_prompt,llama4,zeroshot_judging,Clarity,4,Excellent
HIERARCHICAL_PROMPTING,ALPHA-AUTOML,TIME_SERIES_FORECAST,56_sunspots_monthly,deepseek-r1:14b,Hierarchical_prompt,llama4,zeroshot_judging,Completeness,3,Good
HIERARCHICAL_PROMPTING,ALPHA-AUTOML,TIME_SERIES_FORECAST,56_sunspots_monthly,deepseek-r1:14b,Hierarchical_prompt,llama4,zeroshot_judging,Relevance,4,Excellent
HIERARCHICAL_PROMPTING,ALPHA-AUTOML,TIME_SERIES_FORECAST,56_sunspots_monthly,deepseek-r1:14b,Hierarchical_prompt,deepseek-r1:14b,zeroshot_judging,Accuracy,4,Excellent
HIERARCHICAL_PROMPTING,ALPHA-AUTOML,TIME_SERIES_FORECAST,56_sunspots_monthly,deepseek-r1:14b,Hierarchical_prompt,deepseek-r1:14b,zeroshot_judging,Clarity,4,Excellent
HIERARCHICAL_PROMPTING,ALPHA-AUTOML,TIME_SERIES_FORECAST,56_sunspots_monthly,deepseek-r1:14b,Hierarchical_prompt,deepseek-r1:14b,zeroshot_judging,Completeness,3,Good
HIERARCHICAL_PROMPTING,ALPHA-AUTOML,TIME_SERIES_FORECAST,56_sunspots_monthly,deepseek-r1:14b,Hierarchical_prompt,deepseek-r1:14b,zeroshot_judging,Relevance,3,Good
HIERARCHICAL_PROMPTING,ALPHA-AUTOML,TIME_SERIES_FORECAST,LL1_crime_chicago,llama4,Hierarchical_prompt,llama4,zeroshot_judging,Accuracy,3,Good
HIERARCHICAL_PROMPTING,ALPHA-AUTOML,TIME_SERIES_FORECAST,LL1_crime_chicago,llama4,Hierarchical_prompt,llama4,zeroshot_judging,Clarity,3,Good
HIERARCHICAL_PROMPTING,ALPHA-AUTOML,TIME_SERIES_FORECAST,LL1_crime_chicago,llama4,Hierarchical_prompt,llama4,zeroshot_judging,Completeness,2,Average
HIERARCHICAL_PROMPTING,ALPHA-AUTOML,TIME_SERIES_FORECAST,LL1_crime_chicago,llama4,Hierarchical_prompt,llama4,zeroshot_judging,Relevance,3,Good
HIERARCHICAL_PROMPTING,ALPHA-AUTOML,TIME_SERIES_FORECAST,LL1_crime_chicago,llama4,Hierarchical_prompt,deepseek-r1:14b,zeroshot_judging,Accuracy,3,Good
HIERARCHICAL_PROMPTING,ALPHA-AUTOML,TIME_SERIES_FORECAST,LL1_crime_chicago,llama4,Hierarchical_prompt,deepseek-r1:14b,zeroshot_judging,Clarity,4,Excellent
HIERARCHICAL_PROMPTING,ALPHA-AUTOML,TIME_SERIES_FORECAST,LL1_crime_chicago,llama4,Hierarchical_prompt,deepseek-r1:14b,zeroshot_judging,Completeness,3,Good
HIERARCHICAL_PROMPTING,ALPHA-AUTOML,TIME_SERIES_FORECAST,LL1_crime_chicago,llama4,Hierarchical_prompt,deepseek-r1:14b,zeroshot_judging,Relevance,2,Average
HIERARCHICAL_PROMPTING,ALPHA-AUTOML,TIME_SERIES_FORECAST,LL1_crime_chicago,llama4,Hierarchical_prompt,llama4,zeroshot_judging,Accuracy,3,Good
HIERARCHICAL_PROMPTING,ALPHA-AUTOML,TIME_SERIES_FORECAST,LL1_crime_chicago,llama4,Hierarchical_prompt,llama4,zeroshot_judging,Clarity,3,Good
HIERARCHICAL_PROMPTING,ALPHA-AUTOML,TIME_SERIES_FORECAST,LL1_crime_chicago,llama4,Hierarchical_prompt,llama4,zeroshot_judging,Completeness,2,Average
HIERARCHICAL_PROMPTING,ALPHA-AUTOML,TIME_SERIES_FORECAST,LL1_crime_chicago,llama4,Hierarchical_prompt,llama4,zeroshot_judging,Relevance,3,Good
HIERARCHICAL_PROMPTING,ALPHA-AUTOML,TIME_SERIES_FORECAST,LL1_crime_chicago,llama4,Hierarchical_prompt,deepseek-r1:14b,zeroshot_judging,Accuracy,3,Good
HIERARCHICAL_PROMPTING,ALPHA-AUTOML,TIME_SERIES_FORECAST,LL1_crime_chicago,llama4,Hierarchical_prompt,deepseek-r1:14b,zeroshot_judging,Clarity,4,Excellent
HIERARCHICAL_PROMPTING,ALPHA-AUTOML,TIME_SERIES_FORECAST,LL1_crime_chicago,llama4,Hierarchical_prompt,deepseek-r1:14b,zeroshot_judging,Completeness,3,Good
HIERARCHICAL_PROMPTING,ALPHA-AUTOML,TIME_SERIES_FORECAST,LL1_crime_chicago,llama4,Hierarchical_prompt,deepseek-r1:14b,zeroshot_judging,Relevance,2,Average
HIERARCHICAL_PROMPTING,ALPHA-AUTOML,TIME_SERIES_FORECAST,LL1_crime_chicago,llama4,Hierarchical_prompt,llama4,zeroshot_judging,Accuracy,3,Good
HIERARCHICAL_PROMPTING,ALPHA-AUTOML,TIME_SERIES_FORECAST,LL1_crime_chicago,llama4,Hierarchical_prompt,llama4,zeroshot_judging,Clarity,3,Good
HIERARCHICAL_PROMPTING,ALPHA-AUTOML,TIME_SERIES_FORECAST,LL1_crime_chicago,llama4,Hierarchical_prompt,llama4,zeroshot_judging,Completeness,2,Average
HIERARCHICAL_PROMPTING,ALPHA-AUTOML,TIME_SERIES_FORECAST,LL1_crime_chicago,llama4,Hierarchical_prompt,llama4,zeroshot_judging,Relevance,3,Good
HIERARCHICAL_PROMPTING,ALPHA-AUTOML,TIME_SERIES_FORECAST,LL1_crime_chicago,llama4,Hierarchical_prompt,deepseek-r1:14b,zeroshot_judging,Accuracy,3,Good
HIERARCHICAL_PROMPTING,ALPHA-AUTOML,TIME_SERIES_FORECAST,LL1_crime_chicago,llama4,Hierarchical_prompt,deepseek-r1:14b,zeroshot_judging,Clarity,4,Excellent
HIERARCHICAL_PROMPTING,ALPHA-AUTOML,TIME_SERIES_FORECAST,LL1_crime_chicago,llama4,Hierarchical_prompt,deepseek-r1:14b,zeroshot_judging,Completeness,3,Good
HIERARCHICAL_PROMPTING,ALPHA-AUTOML,TIME_SERIES_FORECAST,LL1_crime_chicago,llama4,Hierarchical_prompt,deepseek-r1:14b,zeroshot_judging,Relevance,2,Average
HIERARCHICAL_PROMPTING,ALPHA-AUTOML,TIME_SERIES_FORECAST,LL1_crime_chicago,llama4,Hierarchical_prompt,llama4,zeroshot_judging,Accuracy,3,Good
HIERARCHICAL_PROMPTING,ALPHA-AUTOML,TIME_SERIES_FORECAST,LL1_crime_chicago,llama4,Hierarchical_prompt,llama4,zeroshot_judging,Clarity,3,Good
HIERARCHICAL_PROMPTING,ALPHA-AUTOML,TIME_SERIES_FORECAST,LL1_crime_chicago,llama4,Hierarchical_prompt,llama4,zeroshot_judging,Completeness,2,Average
HIERARCHICAL_PROMPTING,ALPHA-AUTOML,TIME_SERIES_FORECAST,LL1_crime_chicago,llama4,Hierarchical_prompt,llama4,zeroshot_judging,Relevance,3,Good
HIERARCHICAL_PROMPTING,ALPHA-AUTOML,TIME_SERIES_FORECAST,LL1_crime_chicago,llama4,Hierarchical_prompt,deepseek-r1:14b,zeroshot_judging,Accuracy,3,Good
HIERARCHICAL_PROMPTING,ALPHA-AUTOML,TIME_SERIES_FORECAST,LL1_crime_chicago,llama4,Hierarchical_prompt,deepseek-r1:14b,zeroshot_judging,Clarity,4,Excellent
HIERARCHICAL_PROMPTING,ALPHA-AUTOML,TIME_SERIES_FORECAST,LL1_crime_chicago,llama4,Hierarchical_prompt,deepseek-r1:14b,zeroshot_judging,Completeness,3,Good
HIERARCHICAL_PROMPTING,ALPHA-AUTOML,TIME_SERIES_FORECAST,LL1_crime_chicago,llama4,Hierarchical_prompt,deepseek-r1:14b,zeroshot_judging,Relevance,2,Average
HIERARCHICAL_PROMPTING,ALPHA-AUTOML,TIME_SERIES_FORECAST,LL1_crime_chicago,llama4,Hierarchical_prompt,llama4,zeroshot_judging,Accuracy,3,Good
HIERARCHICAL_PROMPTING,ALPHA-AUTOML,TIME_SERIES_FORECAST,LL1_crime_chicago,llama4,Hierarchical_prompt,llama4,zeroshot_judging,Clarity,3,Good
HIERARCHICAL_PROMPTING,ALPHA-AUTOML,TIME_SERIES_FORECAST,LL1_crime_chicago,llama4,Hierarchical_prompt,llama4,zeroshot_judging,Completeness,2,Average
HIERARCHICAL_PROMPTING,ALPHA-AUTOML,TIME_SERIES_FORECAST,LL1_crime_chicago,llama4,Hierarchical_prompt,llama4,zeroshot_judging,Relevance,3,Good
HIERARCHICAL_PROMPTING,ALPHA-AUTOML,TIME_SERIES_FORECAST,LL1_crime_chicago,llama4,Hierarchical_prompt,deepseek-r1:14b,zeroshot_judging,Accuracy,3,Good
HIERARCHICAL_PROMPTING,ALPHA-AUTOML,TIME_SERIES_FORECAST,LL1_crime_chicago,llama4,Hierarchical_prompt,deepseek-r1:14b,zeroshot_judging,Clarity,4,Excellent
HIERARCHICAL_PROMPTING,ALPHA-AUTOML,TIME_SERIES_FORECAST,LL1_crime_chicago,llama4,Hierarchical_prompt,deepseek-r1:14b,zeroshot_judging,Completeness,3,Good
HIERARCHICAL_PROMPTING,ALPHA-AUTOML,TIME_SERIES_FORECAST,LL1_crime_chicago,llama4,Hierarchical_prompt,deepseek-r1:14b,zeroshot_judging,Relevance,2,Average
HIERARCHICAL_PROMPTING,ALPHA-AUTOML,TIME_SERIES_FORECAST,LL1_crime_chicago,llama4,Hierarchical_prompt,llama4,zeroshot_judging,Accuracy,3,Good
HIERARCHICAL_PROMPTING,ALPHA-AUTOML,TIME_SERIES_FORECAST,LL1_crime_chicago,llama4,Hierarchical_prompt,llama4,zeroshot_judging,Clarity,3,Good
HIERARCHICAL_PROMPTING,ALPHA-AUTOML,TIME_SERIES_FORECAST,LL1_crime_chicago,llama4,Hierarchical_prompt,llama4,zeroshot_judging,Completeness,2,Average
HIERARCHICAL_PROMPTING,ALPHA-AUTOML,TIME_SERIES_FORECAST,LL1_crime_chicago,llama4,Hierarchical_prompt,llama4,zeroshot_judging,Relevance,3,Good
HIERARCHICAL_PROMPTING,ALPHA-AUTOML,TIME_SERIES_FORECAST,LL1_crime_chicago,llama4,Hierarchical_prompt,deepseek-r1:14b,zeroshot_judging,Accuracy,3,Good
HIERARCHICAL_PROMPTING,ALPHA-AUTOML,TIME_SERIES_FORECAST,LL1_crime_chicago,llama4,Hierarchical_prompt,deepseek-r1:14b,zeroshot_judging,Clarity,4,Excellent
HIERARCHICAL_PROMPTING,ALPHA-AUTOML,TIME_SERIES_FORECAST,LL1_crime_chicago,llama4,Hierarchical_prompt,deepseek-r1:14b,zeroshot_judging,Completeness,3,Good
HIERARCHICAL_PROMPTING,ALPHA-AUTOML,TIME_SERIES_FORECAST,LL1_crime_chicago,llama4,Hierarchical_prompt,deepseek-r1:14b,zeroshot_judging,Relevance,2,Average
HIERARCHICAL_PROMPTING,ALPHA-AUTOML,TIME_SERIES_FORECAST,LL1_crime_chicago,deepseek-r1:14b,Hierarchical_prompt,llama4,zeroshot_judging,Accuracy,4,Excellent
HIERARCHICAL_PROMPTING,ALPHA-AUTOML,TIME_SERIES_FORECAST,LL1_crime_chicago,deepseek-r1:14b,Hierarchical_prompt,llama4,zeroshot_judging,Clarity,4,Excellent
HIERARCHICAL_PROMPTING,ALPHA-AUTOML,TIME_SERIES_FORECAST,LL1_crime_chicago,deepseek-r1:14b,Hierarchical_prompt,llama4,zeroshot_judging,Completeness,4,Excellent
HIERARCHICAL_PROMPTING,ALPHA-AUTOML,TIME_SERIES_FORECAST,LL1_crime_chicago,deepseek-r1:14b,Hierarchical_prompt,llama4,zeroshot_judging,Relevance,4,Excellent
HIERARCHICAL_PROMPTING,ALPHA-AUTOML,TIME_SERIES_FORECAST,LL1_crime_chicago,deepseek-r1:14b,Hierarchical_prompt,deepseek-r1:14b,zeroshot_judging,Accuracy,3,Good
HIERARCHICAL_PROMPTING,ALPHA-AUTOML,TIME_SERIES_FORECAST,LL1_crime_chicago,deepseek-r1:14b,Hierarchical_prompt,deepseek-r1:14b,zeroshot_judging,Clarity,4,Excellent
HIERARCHICAL_PROMPTING,ALPHA-AUTOML,TIME_SERIES_FORECAST,LL1_crime_chicago,deepseek-r1:14b,Hierarchical_prompt,deepseek-r1:14b,zeroshot_judging,Completeness,3,Good
HIERARCHICAL_PROMPTING,ALPHA-AUTOML,TIME_SERIES_FORECAST,LL1_crime_chicago,deepseek-r1:14b,Hierarchical_prompt,deepseek-r1:14b,zeroshot_judging,Relevance,4,Excellent
HIERARCHICAL_PROMPTING,ALPHA-AUTOML,TIME_SERIES_FORECAST,LL1_crime_chicago,deepseek-r1:14b,Hierarchical_prompt,llama4,zeroshot_judging,Accuracy,4,Excellent
HIERARCHICAL_PROMPTING,ALPHA-AUTOML,TIME_SERIES_FORECAST,LL1_crime_chicago,deepseek-r1:14b,Hierarchical_prompt,llama4,zeroshot_judging,Clarity,4,Excellent
HIERARCHICAL_PROMPTING,ALPHA-AUTOML,TIME_SERIES_FORECAST,LL1_crime_chicago,deepseek-r1:14b,Hierarchical_prompt,llama4,zeroshot_judging,Completeness,4,Excellent
HIERARCHICAL_PROMPTING,ALPHA-AUTOML,TIME_SERIES_FORECAST,LL1_crime_chicago,deepseek-r1:14b,Hierarchical_prompt,llama4,zeroshot_judging,Relevance,4,Excellent
HIERARCHICAL_PROMPTING,ALPHA-AUTOML,TIME_SERIES_FORECAST,LL1_crime_chicago,deepseek-r1:14b,Hierarchical_prompt,deepseek-r1:14b,zeroshot_judging,Accuracy,3,Good
HIERARCHICAL_PROMPTING,ALPHA-AUTOML,TIME_SERIES_FORECAST,LL1_crime_chicago,deepseek-r1:14b,Hierarchical_prompt,deepseek-r1:14b,zeroshot_judging,Clarity,4,Excellent
HIERARCHICAL_PROMPTING,ALPHA-AUTOML,TIME_SERIES_FORECAST,LL1_crime_chicago,deepseek-r1:14b,Hierarchical_prompt,deepseek-r1:14b,zeroshot_judging,Completeness,3,Good
HIERARCHICAL_PROMPTING,ALPHA-AUTOML,TIME_SERIES_FORECAST,LL1_crime_chicago,deepseek-r1:14b,Hierarchical_prompt,deepseek-r1:14b,zeroshot_judging,Relevance,4,Excellent
HIERARCHICAL_PROMPTING,ALPHA-AUTOML,TIME_SERIES_FORECAST,LL1_crime_chicago,deepseek-r1:14b,Hierarchical_prompt,llama4,zeroshot_judging,Accuracy,4,Excellent
HIERARCHICAL_PROMPTING,ALPHA-AUTOML,TIME_SERIES_FORECAST,LL1_crime_chicago,deepseek-r1:14b,Hierarchical_prompt,llama4,zeroshot_judging,Clarity,4,Excellent
HIERARCHICAL_PROMPTING,ALPHA-AUTOML,TIME_SERIES_FORECAST,LL1_crime_chicago,deepseek-r1:14b,Hierarchical_prompt,llama4,zeroshot_judging,Completeness,4,Excellent
HIERARCHICAL_PROMPTING,ALPHA-AUTOML,TIME_SERIES_FORECAST,LL1_crime_chicago,deepseek-r1:14b,Hierarchical_prompt,llama4,zeroshot_judging,Relevance,4,Excellent
HIERARCHICAL_PROMPTING,ALPHA-AUTOML,TIME_SERIES_FORECAST,LL1_crime_chicago,deepseek-r1:14b,Hierarchical_prompt,deepseek-r1:14b,zeroshot_judging,Accuracy,3,Good
HIERARCHICAL_PROMPTING,ALPHA-AUTOML,TIME_SERIES_FORECAST,LL1_crime_chicago,deepseek-r1:14b,Hierarchical_prompt,deepseek-r1:14b,zeroshot_judging,Clarity,4,Excellent
HIERARCHICAL_PROMPTING,ALPHA-AUTOML,TIME_SERIES_FORECAST,LL1_crime_chicago,deepseek-r1:14b,Hierarchical_prompt,deepseek-r1:14b,zeroshot_judging,Completeness,3,Good
HIERARCHICAL_PROMPTING,ALPHA-AUTOML,TIME_SERIES_FORECAST,LL1_crime_chicago,deepseek-r1:14b,Hierarchical_prompt,deepseek-r1:14b,zeroshot_judging,Relevance,4,Excellent
HIERARCHICAL_PROMPTING,ALPHA-AUTOML,TIME_SERIES_FORECAST,LL1_crime_chicago,deepseek-r1:14b,Hierarchical_prompt,llama4,zeroshot_judging,Accuracy,4,Excellent
HIERARCHICAL_PROMPTING,ALPHA-AUTOML,TIME_SERIES_FORECAST,LL1_crime_chicago,deepseek-r1:14b,Hierarchical_prompt,llama4,zeroshot_judging,Clarity,4,Excellent
HIERARCHICAL_PROMPTING,ALPHA-AUTOML,TIME_SERIES_FORECAST,LL1_crime_chicago,deepseek-r1:14b,Hierarchical_prompt,llama4,zeroshot_judging,Completeness,4,Excellent
HIERARCHICAL_PROMPTING,ALPHA-AUTOML,TIME_SERIES_FORECAST,LL1_crime_chicago,deepseek-r1:14b,Hierarchical_prompt,llama4,zeroshot_judging,Relevance,4,Excellent
HIERARCHICAL_PROMPTING,ALPHA-AUTOML,TIME_SERIES_FORECAST,LL1_crime_chicago,deepseek-r1:14b,Hierarchical_prompt,deepseek-r1:14b,zeroshot_judging,Accuracy,3,Good
HIERARCHICAL_PROMPTING,ALPHA-AUTOML,TIME_SERIES_FORECAST,LL1_crime_chicago,deepseek-r1:14b,Hierarchical_prompt,deepseek-r1:14b,zeroshot_judging,Clarity,4,Excellent
HIERARCHICAL_PROMPTING,ALPHA-AUTOML,TIME_SERIES_FORECAST,LL1_crime_chicago,deepseek-r1:14b,Hierarchical_prompt,deepseek-r1:14b,zeroshot_judging,Completeness,3,Good
HIERARCHICAL_PROMPTING,ALPHA-AUTOML,TIME_SERIES_FORECAST,LL1_crime_chicago,deepseek-r1:14b,Hierarchical_prompt,deepseek-r1:14b,zeroshot_judging,Relevance,4,Excellent
HIERARCHICAL_PROMPTING,ALPHA-AUTOML,TIME_SERIES_FORECAST,LL1_crime_chicago,deepseek-r1:14b,Hierarchical_prompt,llama4,zeroshot_judging,Accuracy,4,Excellent
HIERARCHICAL_PROMPTING,ALPHA-AUTOML,TIME_SERIES_FORECAST,LL1_crime_chicago,deepseek-r1:14b,Hierarchical_prompt,llama4,zeroshot_judging,Clarity,4,Excellent
HIERARCHICAL_PROMPTING,ALPHA-AUTOML,TIME_SERIES_FORECAST,LL1_crime_chicago,deepseek-r1:14b,Hierarchical_prompt,llama4,zeroshot_judging,Completeness,4,Excellent
HIERARCHICAL_PROMPTING,ALPHA-AUTOML,TIME_SERIES_FORECAST,LL1_crime_chicago,deepseek-r1:14b,Hierarchical_prompt,llama4,zeroshot_judging,Relevance,4,Excellent
HIERARCHICAL_PROMPTING,ALPHA-AUTOML,TIME_SERIES_FORECAST,LL1_crime_chicago,deepseek-r1:14b,Hierarchical_prompt,deepseek-r1:14b,zeroshot_judging,Accuracy,3,Good
HIERARCHICAL_PROMPTING,ALPHA-AUTOML,TIME_SERIES_FORECAST,LL1_crime_chicago,deepseek-r1:14b,Hierarchical_prompt,deepseek-r1:14b,zeroshot_judging,Clarity,4,Excellent
HIERARCHICAL_PROMPTING,ALPHA-AUTOML,TIME_SERIES_FORECAST,LL1_crime_chicago,deepseek-r1:14b,Hierarchical_prompt,deepseek-r1:14b,zeroshot_judging,Completeness,3,Good
HIERARCHICAL_PROMPTING,ALPHA-AUTOML,TIME_SERIES_FORECAST,LL1_crime_chicago,deepseek-r1:14b,Hierarchical_prompt,deepseek-r1:14b,zeroshot_judging,Relevance,4,Excellent
HIERARCHICAL_PROMPTING,ALPHA-AUTOML,TIME_SERIES_FORECAST,LL1_crime_chicago,deepseek-r1:14b,Hierarchical_prompt,llama4,zeroshot_judging,Accuracy,4,Excellent
HIERARCHICAL_PROMPTING,ALPHA-AUTOML,TIME_SERIES_FORECAST,LL1_crime_chicago,deepseek-r1:14b,Hierarchical_prompt,llama4,zeroshot_judging,Clarity,4,Excellent
HIERARCHICAL_PROMPTING,ALPHA-AUTOML,TIME_SERIES_FORECAST,LL1_crime_chicago,deepseek-r1:14b,Hierarchical_prompt,llama4,zeroshot_judging,Completeness,4,Excellent
HIERARCHICAL_PROMPTING,ALPHA-AUTOML,TIME_SERIES_FORECAST,LL1_crime_chicago,deepseek-r1:14b,Hierarchical_prompt,llama4,zeroshot_judging,Relevance,4,Excellent
HIERARCHICAL_PROMPTING,ALPHA-AUTOML,TIME_SERIES_FORECAST,LL1_crime_chicago,deepseek-r1:14b,Hierarchical_prompt,deepseek-r1:14b,zeroshot_judging,Accuracy,3,Good
HIERARCHICAL_PROMPTING,ALPHA-AUTOML,TIME_SERIES_FORECAST,LL1_crime_chicago,deepseek-r1:14b,Hierarchical_prompt,deepseek-r1:14b,zeroshot_judging,Clarity,4,Excellent
HIERARCHICAL_PROMPTING,ALPHA-AUTOML,TIME_SERIES_FORECAST,LL1_crime_chicago,deepseek-r1:14b,Hierarchical_prompt,deepseek-r1:14b,zeroshot_judging,Completeness,3,Good
HIERARCHICAL_PROMPTING,ALPHA-AUTOML,TIME_SERIES_FORECAST,LL1_crime_chicago,deepseek-r1:14b,Hierarchical_prompt,deepseek-r1:14b,zeroshot_judging,Relevance,4,Excellent
HIERARCHICAL_PROMPTING,ALPHA-AUTOML,TIME_SERIES_FORECAST,57_sunspot,llama4,Hierarchical_prompt,llama4,zeroshot_judging,Accuracy,3,Good
HIERARCHICAL_PROMPTING,ALPHA-AUTOML,TIME_SERIES_FORECAST,57_sunspot,llama4,Hierarchical_prompt,llama4,zeroshot_judging,Clarity,4,Excellent
HIERARCHICAL_PROMPTING,ALPHA-AUTOML,TIME_SERIES_FORECAST,57_sunspot,llama4,Hierarchical_prompt,llama4,zeroshot_judging,Completeness,3,Good
HIERARCHICAL_PROMPTING,ALPHA-AUTOML,TIME_SERIES_FORECAST,57_sunspot,llama4,Hierarchical_prompt,llama4,zeroshot_judging,Relevance,4,Excellent
HIERARCHICAL_PROMPTING,ALPHA-AUTOML,TIME_SERIES_FORECAST,57_sunspot,llama4,Hierarchical_prompt,deepseek-r1:14b,zeroshot_judging,Accuracy,4,Excellent
HIERARCHICAL_PROMPTING,ALPHA-AUTOML,TIME_SERIES_FORECAST,57_sunspot,llama4,Hierarchical_prompt,deepseek-r1:14b,zeroshot_judging,Clarity,4,Excellent
HIERARCHICAL_PROMPTING,ALPHA-AUTOML,TIME_SERIES_FORECAST,57_sunspot,llama4,Hierarchical_prompt,deepseek-r1:14b,zeroshot_judging,Completeness,2,Average
HIERARCHICAL_PROMPTING,ALPHA-AUTOML,TIME_SERIES_FORECAST,57_sunspot,llama4,Hierarchical_prompt,deepseek-r1:14b,zeroshot_judging,Relevance,2,Average
HIERARCHICAL_PROMPTING,ALPHA-AUTOML,TIME_SERIES_FORECAST,57_sunspot,llama4,Hierarchical_prompt,llama4,zeroshot_judging,Accuracy,3,Good
HIERARCHICAL_PROMPTING,ALPHA-AUTOML,TIME_SERIES_FORECAST,57_sunspot,llama4,Hierarchical_prompt,llama4,zeroshot_judging,Clarity,4,Excellent
HIERARCHICAL_PROMPTING,ALPHA-AUTOML,TIME_SERIES_FORECAST,57_sunspot,llama4,Hierarchical_prompt,llama4,zeroshot_judging,Completeness,3,Good
HIERARCHICAL_PROMPTING,ALPHA-AUTOML,TIME_SERIES_FORECAST,57_sunspot,llama4,Hierarchical_prompt,llama4,zeroshot_judging,Relevance,4,Excellent
HIERARCHICAL_PROMPTING,ALPHA-AUTOML,TIME_SERIES_FORECAST,57_sunspot,llama4,Hierarchical_prompt,deepseek-r1:14b,zeroshot_judging,Accuracy,4,Excellent
HIERARCHICAL_PROMPTING,ALPHA-AUTOML,TIME_SERIES_FORECAST,57_sunspot,llama4,Hierarchical_prompt,deepseek-r1:14b,zeroshot_judging,Clarity,4,Excellent
HIERARCHICAL_PROMPTING,ALPHA-AUTOML,TIME_SERIES_FORECAST,57_sunspot,llama4,Hierarchical_prompt,deepseek-r1:14b,zeroshot_judging,Completeness,2,Average
HIERARCHICAL_PROMPTING,ALPHA-AUTOML,TIME_SERIES_FORECAST,57_sunspot,llama4,Hierarchical_prompt,deepseek-r1:14b,zeroshot_judging,Relevance,2,Average
HIERARCHICAL_PROMPTING,ALPHA-AUTOML,TIME_SERIES_FORECAST,57_sunspot,llama4,Hierarchical_prompt,llama4,zeroshot_judging,Accuracy,3,Good
HIERARCHICAL_PROMPTING,ALPHA-AUTOML,TIME_SERIES_FORECAST,57_sunspot,llama4,Hierarchical_prompt,llama4,zeroshot_judging,Clarity,4,Excellent
HIERARCHICAL_PROMPTING,ALPHA-AUTOML,TIME_SERIES_FORECAST,57_sunspot,llama4,Hierarchical_prompt,llama4,zeroshot_judging,Completeness,3,Good
HIERARCHICAL_PROMPTING,ALPHA-AUTOML,TIME_SERIES_FORECAST,57_sunspot,llama4,Hierarchical_prompt,llama4,zeroshot_judging,Relevance,4,Excellent
HIERARCHICAL_PROMPTING,ALPHA-AUTOML,TIME_SERIES_FORECAST,57_sunspot,llama4,Hierarchical_prompt,deepseek-r1:14b,zeroshot_judging,Accuracy,4,Excellent
HIERARCHICAL_PROMPTING,ALPHA-AUTOML,TIME_SERIES_FORECAST,57_sunspot,llama4,Hierarchical_prompt,deepseek-r1:14b,zeroshot_judging,Clarity,4,Excellent
HIERARCHICAL_PROMPTING,ALPHA-AUTOML,TIME_SERIES_FORECAST,57_sunspot,llama4,Hierarchical_prompt,deepseek-r1:14b,zeroshot_judging,Completeness,2,Average
HIERARCHICAL_PROMPTING,ALPHA-AUTOML,TIME_SERIES_FORECAST,57_sunspot,llama4,Hierarchical_prompt,deepseek-r1:14b,zeroshot_judging,Relevance,2,Average
HIERARCHICAL_PROMPTING,ALPHA-AUTOML,TIME_SERIES_FORECAST,57_sunspot,llama4,Hierarchical_prompt,llama4,zeroshot_judging,Accuracy,3,Good
HIERARCHICAL_PROMPTING,ALPHA-AUTOML,TIME_SERIES_FORECAST,57_sunspot,llama4,Hierarchical_prompt,llama4,zeroshot_judging,Clarity,4,Excellent
HIERARCHICAL_PROMPTING,ALPHA-AUTOML,TIME_SERIES_FORECAST,57_sunspot,llama4,Hierarchical_prompt,llama4,zeroshot_judging,Completeness,3,Good
HIERARCHICAL_PROMPTING,ALPHA-AUTOML,TIME_SERIES_FORECAST,57_sunspot,llama4,Hierarchical_prompt,llama4,zeroshot_judging,Relevance,4,Excellent
HIERARCHICAL_PROMPTING,ALPHA-AUTOML,TIME_SERIES_FORECAST,57_sunspot,llama4,Hierarchical_prompt,deepseek-r1:14b,zeroshot_judging,Accuracy,4,Excellent
HIERARCHICAL_PROMPTING,ALPHA-AUTOML,TIME_SERIES_FORECAST,57_sunspot,llama4,Hierarchical_prompt,deepseek-r1:14b,zeroshot_judging,Clarity,4,Excellent
HIERARCHICAL_PROMPTING,ALPHA-AUTOML,TIME_SERIES_FORECAST,57_sunspot,llama4,Hierarchical_prompt,deepseek-r1:14b,zeroshot_judging,Completeness,2,Average
HIERARCHICAL_PROMPTING,ALPHA-AUTOML,TIME_SERIES_FORECAST,57_sunspot,llama4,Hierarchical_prompt,deepseek-r1:14b,zeroshot_judging,Relevance,2,Average
HIERARCHICAL_PROMPTING,ALPHA-AUTOML,TIME_SERIES_FORECAST,57_sunspot,llama4,Hierarchical_prompt,llama4,zeroshot_judging,Accuracy,3,Good
HIERARCHICAL_PROMPTING,ALPHA-AUTOML,TIME_SERIES_FORECAST,57_sunspot,llama4,Hierarchical_prompt,llama4,zeroshot_judging,Clarity,4,Excellent
HIERARCHICAL_PROMPTING,ALPHA-AUTOML,TIME_SERIES_FORECAST,57_sunspot,llama4,Hierarchical_prompt,llama4,zeroshot_judging,Completeness,3,Good
HIERARCHICAL_PROMPTING,ALPHA-AUTOML,TIME_SERIES_FORECAST,57_sunspot,llama4,Hierarchical_prompt,llama4,zeroshot_judging,Relevance,4,Excellent
HIERARCHICAL_PROMPTING,ALPHA-AUTOML,TIME_SERIES_FORECAST,57_sunspot,llama4,Hierarchical_prompt,deepseek-r1:14b,zeroshot_judging,Accuracy,4,Excellent
HIERARCHICAL_PROMPTING,ALPHA-AUTOML,TIME_SERIES_FORECAST,57_sunspot,llama4,Hierarchical_prompt,deepseek-r1:14b,zeroshot_judging,Clarity,4,Excellent
HIERARCHICAL_PROMPTING,ALPHA-AUTOML,TIME_SERIES_FORECAST,57_sunspot,llama4,Hierarchical_prompt,deepseek-r1:14b,zeroshot_judging,Completeness,2,Average
HIERARCHICAL_PROMPTING,ALPHA-AUTOML,TIME_SERIES_FORECAST,57_sunspot,llama4,Hierarchical_prompt,deepseek-r1:14b,zeroshot_judging,Relevance,2,Average
HIERARCHICAL_PROMPTING,ALPHA-AUTOML,TIME_SERIES_FORECAST,57_sunspot,llama4,Hierarchical_prompt,llama4,zeroshot_judging,Accuracy,3,Good
HIERARCHICAL_PROMPTING,ALPHA-AUTOML,TIME_SERIES_FORECAST,57_sunspot,llama4,Hierarchical_prompt,llama4,zeroshot_judging,Clarity,4,Excellent
HIERARCHICAL_PROMPTING,ALPHA-AUTOML,TIME_SERIES_FORECAST,57_sunspot,llama4,Hierarchical_prompt,llama4,zeroshot_judging,Completeness,3,Good
HIERARCHICAL_PROMPTING,ALPHA-AUTOML,TIME_SERIES_FORECAST,57_sunspot,llama4,Hierarchical_prompt,llama4,zeroshot_judging,Relevance,4,Excellent
HIERARCHICAL_PROMPTING,ALPHA-AUTOML,TIME_SERIES_FORECAST,57_sunspot,llama4,Hierarchical_prompt,deepseek-r1:14b,zeroshot_judging,Accuracy,4,Excellent
HIERARCHICAL_PROMPTING,ALPHA-AUTOML,TIME_SERIES_FORECAST,57_sunspot,llama4,Hierarchical_prompt,deepseek-r1:14b,zeroshot_judging,Clarity,4,Excellent
HIERARCHICAL_PROMPTING,ALPHA-AUTOML,TIME_SERIES_FORECAST,57_sunspot,llama4,Hierarchical_prompt,deepseek-r1:14b,zeroshot_judging,Completeness,2,Average
HIERARCHICAL_PROMPTING,ALPHA-AUTOML,TIME_SERIES_FORECAST,57_sunspot,llama4,Hierarchical_prompt,deepseek-r1:14b,zeroshot_judging,Relevance,2,Average
HIERARCHICAL_PROMPTING,ALPHA-AUTOML,TIME_SERIES_FORECAST,57_sunspot,deepseek-r1:14b,Hierarchical_prompt,llama4,zeroshot_judging,Accuracy,4,Excellent
HIERARCHICAL_PROMPTING,ALPHA-AUTOML,TIME_SERIES_FORECAST,57_sunspot,deepseek-r1:14b,Hierarchical_prompt,llama4,zeroshot_judging,Clarity,4,Excellent
HIERARCHICAL_PROMPTING,ALPHA-AUTOML,TIME_SERIES_FORECAST,57_sunspot,deepseek-r1:14b,Hierarchical_prompt,llama4,zeroshot_judging,Completeness,3,Good
HIERARCHICAL_PROMPTING,ALPHA-AUTOML,TIME_SERIES_FORECAST,57_sunspot,deepseek-r1:14b,Hierarchical_prompt,llama4,zeroshot_judging,Relevance,4,Excellent
HIERARCHICAL_PROMPTING,ALPHA-AUTOML,TIME_SERIES_FORECAST,57_sunspot,deepseek-r1:14b,Hierarchical_prompt,deepseek-r1:14b,zeroshot_judging,Accuracy,4,Excellent
HIERARCHICAL_PROMPTING,ALPHA-AUTOML,TIME_SERIES_FORECAST,57_sunspot,deepseek-r1:14b,Hierarchical_prompt,deepseek-r1:14b,zeroshot_judging,Clarity,4,Excellent
HIERARCHICAL_PROMPTING,ALPHA-AUTOML,TIME_SERIES_FORECAST,57_sunspot,deepseek-r1:14b,Hierarchical_prompt,deepseek-r1:14b,zeroshot_judging,Completeness,4,Excellent
HIERARCHICAL_PROMPTING,ALPHA-AUTOML,TIME_SERIES_FORECAST,57_sunspot,deepseek-r1:14b,Hierarchical_prompt,deepseek-r1:14b,zeroshot_judging,Relevance,4,Excellent
HIERARCHICAL_PROMPTING,ALPHA-AUTOML,TIME_SERIES_FORECAST,57_sunspot,deepseek-r1:14b,Hierarchical_prompt,llama4,zeroshot_judging,Accuracy,4,Excellent
HIERARCHICAL_PROMPTING,ALPHA-AUTOML,TIME_SERIES_FORECAST,57_sunspot,deepseek-r1:14b,Hierarchical_prompt,llama4,zeroshot_judging,Clarity,4,Excellent
HIERARCHICAL_PROMPTING,ALPHA-AUTOML,TIME_SERIES_FORECAST,57_sunspot,deepseek-r1:14b,Hierarchical_prompt,llama4,zeroshot_judging,Completeness,3,Good
HIERARCHICAL_PROMPTING,ALPHA-AUTOML,TIME_SERIES_FORECAST,57_sunspot,deepseek-r1:14b,Hierarchical_prompt,llama4,zeroshot_judging,Relevance,4,Excellent
HIERARCHICAL_PROMPTING,ALPHA-AUTOML,TIME_SERIES_FORECAST,57_sunspot,deepseek-r1:14b,Hierarchical_prompt,deepseek-r1:14b,zeroshot_judging,Accuracy,4,Excellent
HIERARCHICAL_PROMPTING,ALPHA-AUTOML,TIME_SERIES_FORECAST,57_sunspot,deepseek-r1:14b,Hierarchical_prompt,deepseek-r1:14b,zeroshot_judging,Clarity,4,Excellent
HIERARCHICAL_PROMPTING,ALPHA-AUTOML,TIME_SERIES_FORECAST,57_sunspot,deepseek-r1:14b,Hierarchical_prompt,deepseek-r1:14b,zeroshot_judging,Completeness,4,Excellent
HIERARCHICAL_PROMPTING,ALPHA-AUTOML,TIME_SERIES_FORECAST,57_sunspot,deepseek-r1:14b,Hierarchical_prompt,deepseek-r1:14b,zeroshot_judging,Relevance,4,Excellent
HIERARCHICAL_PROMPTING,ALPHA-AUTOML,TIME_SERIES_FORECAST,57_sunspot,deepseek-r1:14b,Hierarchical_prompt,llama4,zeroshot_judging,Accuracy,4,Excellent
HIERARCHICAL_PROMPTING,ALPHA-AUTOML,TIME_SERIES_FORECAST,57_sunspot,deepseek-r1:14b,Hierarchical_prompt,llama4,zeroshot_judging,Clarity,4,Excellent
HIERARCHICAL_PROMPTING,ALPHA-AUTOML,TIME_SERIES_FORECAST,57_sunspot,deepseek-r1:14b,Hierarchical_prompt,llama4,zeroshot_judging,Completeness,3,Good
HIERARCHICAL_PROMPTING,ALPHA-AUTOML,TIME_SERIES_FORECAST,57_sunspot,deepseek-r1:14b,Hierarchical_prompt,llama4,zeroshot_judging,Relevance,4,Excellent
HIERARCHICAL_PROMPTING,ALPHA-AUTOML,TIME_SERIES_FORECAST,57_sunspot,deepseek-r1:14b,Hierarchical_prompt,deepseek-r1:14b,zeroshot_judging,Accuracy,4,Excellent
HIERARCHICAL_PROMPTING,ALPHA-AUTOML,TIME_SERIES_FORECAST,57_sunspot,deepseek-r1:14b,Hierarchical_prompt,deepseek-r1:14b,zeroshot_judging,Clarity,4,Excellent
HIERARCHICAL_PROMPTING,ALPHA-AUTOML,TIME_SERIES_FORECAST,57_sunspot,deepseek-r1:14b,Hierarchical_prompt,deepseek-r1:14b,zeroshot_judging,Completeness,4,Excellent
HIERARCHICAL_PROMPTING,ALPHA-AUTOML,TIME_SERIES_FORECAST,57_sunspot,deepseek-r1:14b,Hierarchical_prompt,deepseek-r1:14b,zeroshot_judging,Relevance,4,Excellent
HIERARCHICAL_PROMPTING,ALPHA-AUTOML,TIME_SERIES_FORECAST,57_sunspot,deepseek-r1:14b,Hierarchical_prompt,llama4,zeroshot_judging,Accuracy,4,Excellent
HIERARCHICAL_PROMPTING,ALPHA-AUTOML,TIME_SERIES_FORECAST,57_sunspot,deepseek-r1:14b,Hierarchical_prompt,llama4,zeroshot_judging,Clarity,4,Excellent
HIERARCHICAL_PROMPTING,ALPHA-AUTOML,TIME_SERIES_FORECAST,57_sunspot,deepseek-r1:14b,Hierarchical_prompt,llama4,zeroshot_judging,Completeness,3,Good
HIERARCHICAL_PROMPTING,ALPHA-AUTOML,TIME_SERIES_FORECAST,57_sunspot,deepseek-r1:14b,Hierarchical_prompt,llama4,zeroshot_judging,Relevance,4,Excellent
HIERARCHICAL_PROMPTING,ALPHA-AUTOML,TIME_SERIES_FORECAST,57_sunspot,deepseek-r1:14b,Hierarchical_prompt,deepseek-r1:14b,zeroshot_judging,Accuracy,4,Excellent
HIERARCHICAL_PROMPTING,ALPHA-AUTOML,TIME_SERIES_FORECAST,57_sunspot,deepseek-r1:14b,Hierarchical_prompt,deepseek-r1:14b,zeroshot_judging,Clarity,4,Excellent
HIERARCHICAL_PROMPTING,ALPHA-AUTOML,TIME_SERIES_FORECAST,57_sunspot,deepseek-r1:14b,Hierarchical_prompt,deepseek-r1:14b,zeroshot_judging,Completeness,4,Excellent
HIERARCHICAL_PROMPTING,ALPHA-AUTOML,TIME_SERIES_FORECAST,57_sunspot,deepseek-r1:14b,Hierarchical_prompt,deepseek-r1:14b,zeroshot_judging,Relevance,4,Excellent
HIERARCHICAL_PROMPTING,ALPHA-AUTOML,TIME_SERIES_FORECAST,57_sunspot,deepseek-r1:14b,Hierarchical_prompt,llama4,zeroshot_judging,Accuracy,4,Excellent
HIERARCHICAL_PROMPTING,ALPHA-AUTOML,TIME_SERIES_FORECAST,57_sunspot,deepseek-r1:14b,Hierarchical_prompt,llama4,zeroshot_judging,Clarity,4,Excellent
HIERARCHICAL_PROMPTING,ALPHA-AUTOML,TIME_SERIES_FORECAST,57_sunspot,deepseek-r1:14b,Hierarchical_prompt,llama4,zeroshot_judging,Completeness,3,Good
HIERARCHICAL_PROMPTING,ALPHA-AUTOML,TIME_SERIES_FORECAST,57_sunspot,deepseek-r1:14b,Hierarchical_prompt,llama4,zeroshot_judging,Relevance,4,Excellent
HIERARCHICAL_PROMPTING,ALPHA-AUTOML,TIME_SERIES_FORECAST,57_sunspot,deepseek-r1:14b,Hierarchical_prompt,deepseek-r1:14b,zeroshot_judging,Accuracy,4,Excellent
HIERARCHICAL_PROMPTING,ALPHA-AUTOML,TIME_SERIES_FORECAST,57_sunspot,deepseek-r1:14b,Hierarchical_prompt,deepseek-r1:14b,zeroshot_judging,Clarity,4,Excellent
HIERARCHICAL_PROMPTING,ALPHA-AUTOML,TIME_SERIES_FORECAST,57_sunspot,deepseek-r1:14b,Hierarchical_prompt,deepseek-r1:14b,zeroshot_judging,Completeness,4,Excellent
HIERARCHICAL_PROMPTING,ALPHA-AUTOML,TIME_SERIES_FORECAST,57_sunspot,deepseek-r1:14b,Hierarchical_prompt,deepseek-r1:14b,zeroshot_judging,Relevance,4,Excellent
HIERARCHICAL_PROMPTING,ALPHA-AUTOML,TIME_SERIES_FORECAST,57_sunspot,deepseek-r1:14b,Hierarchical_prompt,llama4,zeroshot_judging,Accuracy,4,Excellent
HIERARCHICAL_PROMPTING,ALPHA-AUTOML,TIME_SERIES_FORECAST,57_sunspot,deepseek-r1:14b,Hierarchical_prompt,llama4,zeroshot_judging,Clarity,4,Excellent
HIERARCHICAL_PROMPTING,ALPHA-AUTOML,TIME_SERIES_FORECAST,57_sunspot,deepseek-r1:14b,Hierarchical_prompt,llama4,zeroshot_judging,Completeness,3,Good
HIERARCHICAL_PROMPTING,ALPHA-AUTOML,TIME_SERIES_FORECAST,57_sunspot,deepseek-r1:14b,Hierarchical_prompt,llama4,zeroshot_judging,Relevance,4,Excellent
HIERARCHICAL_PROMPTING,ALPHA-AUTOML,TIME_SERIES_FORECAST,57_sunspot,deepseek-r1:14b,Hierarchical_prompt,deepseek-r1:14b,zeroshot_judging,Accuracy,4,Excellent
HIERARCHICAL_PROMPTING,ALPHA-AUTOML,TIME_SERIES_FORECAST,57_sunspot,deepseek-r1:14b,Hierarchical_prompt,deepseek-r1:14b,zeroshot_judging,Clarity,4,Excellent
HIERARCHICAL_PROMPTING,ALPHA-AUTOML,TIME_SERIES_FORECAST,57_sunspot,deepseek-r1:14b,Hierarchical_prompt,deepseek-r1:14b,zeroshot_judging,Completeness,4,Excellent
HIERARCHICAL_PROMPTING,ALPHA-AUTOML,TIME_SERIES_FORECAST,57_sunspot,deepseek-r1:14b,Hierarchical_prompt,deepseek-r1:14b,zeroshot_judging,Relevance,4,Excellent
FLAT_PROMPTING,ALPHA-AUTOML,REGRESSION,advertising_dataset,llama4,zeroshot,llama4,zeroshot_judging,Accuracy,4,Excellent
FLAT_PROMPTING,ALPHA-AUTOML,REGRESSION,advertising_dataset,llama4,zeroshot,llama4,zeroshot_judging,Clarity,4,Excellent
FLAT_PROMPTING,ALPHA-AUTOML,REGRESSION,advertising_dataset,llama4,zeroshot,llama4,zeroshot_judging,Completeness,3,Good
FLAT_PROMPTING,ALPHA-AUTOML,REGRESSION,advertising_dataset,llama4,zeroshot,llama4,zeroshot_judging,Relevance,4,Excellent
FLAT_PROMPTING,ALPHA-AUTOML,REGRESSION,advertising_dataset,llama4,zeroshot,deepseek-r1:14b,zeroshot_judging,Accuracy,3,Good
FLAT_PROMPTING,ALPHA-AUTOML,REGRESSION,advertising_dataset,llama4,zeroshot,deepseek-r1:14b,zeroshot_judging,Clarity,4,Excellent
FLAT_PROMPTING,ALPHA-AUTOML,REGRESSION,advertising_dataset,llama4,zeroshot,deepseek-r1:14b,zeroshot_judging,Completeness,3,Good
FLAT_PROMPTING,ALPHA-AUTOML,REGRESSION,advertising_dataset,llama4,zeroshot,deepseek-r1:14b,zeroshot_judging,Relevance,4,Excellent
FLAT_PROMPTING,ALPHA-AUTOML,REGRESSION,advertising_dataset,llama4,zeroshot_instruction,llama4,zeroshot_judging,Accuracy,4,Excellent
FLAT_PROMPTING,ALPHA-AUTOML,REGRESSION,advertising_dataset,llama4,zeroshot_instruction,llama4,zeroshot_judging,Clarity,4,Excellent
FLAT_PROMPTING,ALPHA-AUTOML,REGRESSION,advertising_dataset,llama4,zeroshot_instruction,llama4,zeroshot_judging,Completeness,4,Excellent
FLAT_PROMPTING,ALPHA-AUTOML,REGRESSION,advertising_dataset,llama4,zeroshot_instruction,llama4,zeroshot_judging,Relevance,4,Excellent
FLAT_PROMPTING,ALPHA-AUTOML,REGRESSION,advertising_dataset,llama4,zeroshot_instruction,deepseek-r1:14b,zeroshot_judging,Accuracy,2,Average
FLAT_PROMPTING,ALPHA-AUTOML,REGRESSION,advertising_dataset,llama4,zeroshot_instruction,deepseek-r1:14b,zeroshot_judging,Clarity,3,Good
FLAT_PROMPTING,ALPHA-AUTOML,REGRESSION,advertising_dataset,llama4,zeroshot_instruction,deepseek-r1:14b,zeroshot_judging,Completeness,2,Average
FLAT_PROMPTING,ALPHA-AUTOML,REGRESSION,advertising_dataset,llama4,zeroshot_instruction,deepseek-r1:14b,zeroshot_judging,Relevance,2,Average
FLAT_PROMPTING,ALPHA-AUTOML,REGRESSION,advertising_dataset,llama4,fewshot,llama4,zeroshot_judging,Accuracy,4,Excellent
FLAT_PROMPTING,ALPHA-AUTOML,REGRESSION,advertising_dataset,llama4,fewshot,llama4,zeroshot_judging,Clarity,4,Excellent
FLAT_PROMPTING,ALPHA-AUTOML,REGRESSION,advertising_dataset,llama4,fewshot,llama4,zeroshot_judging,Completeness,4,Excellent
FLAT_PROMPTING,ALPHA-AUTOML,REGRESSION,advertising_dataset,llama4,fewshot,llama4,zeroshot_judging,Relevance,4,Excellent
FLAT_PROMPTING,ALPHA-AUTOML,REGRESSION,advertising_dataset,llama4,fewshot,deepseek-r1:14b,zeroshot_judging,Accuracy,4,Excellent
FLAT_PROMPTING,ALPHA-AUTOML,REGRESSION,advertising_dataset,llama4,fewshot,deepseek-r1:14b,zeroshot_judging,Clarity,3,Good
FLAT_PROMPTING,ALPHA-AUTOML,REGRESSION,advertising_dataset,llama4,fewshot,deepseek-r1:14b,zeroshot_judging,Completeness,4,Excellent
FLAT_PROMPTING,ALPHA-AUTOML,REGRESSION,advertising_dataset,llama4,fewshot,deepseek-r1:14b,zeroshot_judging,Relevance,4,Excellent
FLAT_PROMPTING,ALPHA-AUTOML,REGRESSION,advertising_dataset,llama4,chain_of_thought,llama4,zeroshot_judging,Accuracy,4,Excellent
FLAT_PROMPTING,ALPHA-AUTOML,REGRESSION,advertising_dataset,llama4,chain_of_thought,llama4,zeroshot_judging,Clarity,4,Excellent
FLAT_PROMPTING,ALPHA-AUTOML,REGRESSION,advertising_dataset,llama4,chain_of_thought,llama4,zeroshot_judging,Completeness,4,Excellent
FLAT_PROMPTING,ALPHA-AUTOML,REGRESSION,advertising_dataset,llama4,chain_of_thought,llama4,zeroshot_judging,Relevance,4,Excellent
FLAT_PROMPTING,ALPHA-AUTOML,REGRESSION,advertising_dataset,llama4,chain_of_thought,deepseek-r1:14b,zeroshot_judging,Accuracy,4,Excellent
FLAT_PROMPTING,ALPHA-AUTOML,REGRESSION,advertising_dataset,llama4,chain_of_thought,deepseek-r1:14b,zeroshot_judging,Clarity,3,Good
FLAT_PROMPTING,ALPHA-AUTOML,REGRESSION,advertising_dataset,llama4,chain_of_thought,deepseek-r1:14b,zeroshot_judging,Completeness,3,Good
FLAT_PROMPTING,ALPHA-AUTOML,REGRESSION,advertising_dataset,llama4,chain_of_thought,deepseek-r1:14b,zeroshot_judging,Relevance,4,Excellent
FLAT_PROMPTING,ALPHA-AUTOML,REGRESSION,advertising_dataset,llama4,zeroshot_CoT,llama4,zeroshot_judging,Accuracy,4,Excellent
FLAT_PROMPTING,ALPHA-AUTOML,REGRESSION,advertising_dataset,llama4,zeroshot_CoT,llama4,zeroshot_judging,Clarity,4,Excellent
FLAT_PROMPTING,ALPHA-AUTOML,REGRESSION,advertising_dataset,llama4,zeroshot_CoT,llama4,zeroshot_judging,Completeness,3,Good
FLAT_PROMPTING,ALPHA-AUTOML,REGRESSION,advertising_dataset,llama4,zeroshot_CoT,llama4,zeroshot_judging,Relevance,4,Excellent
FLAT_PROMPTING,ALPHA-AUTOML,REGRESSION,advertising_dataset,llama4,zeroshot_CoT,deepseek-r1:14b,zeroshot_judging,Accuracy,4,Excellent
FLAT_PROMPTING,ALPHA-AUTOML,REGRESSION,advertising_dataset,llama4,zeroshot_CoT,deepseek-r1:14b,zeroshot_judging,Clarity,3,Good
FLAT_PROMPTING,ALPHA-AUTOML,REGRESSION,advertising_dataset,llama4,zeroshot_CoT,deepseek-r1:14b,zeroshot_judging,Completeness,4,Excellent
FLAT_PROMPTING,ALPHA-AUTOML,REGRESSION,advertising_dataset,llama4,zeroshot_CoT,deepseek-r1:14b,zeroshot_judging,Relevance,4,Excellent
FLAT_PROMPTING,ALPHA-AUTOML,REGRESSION,advertising_dataset,llama4,fewshot+instruction,llama4,zeroshot_judging,Accuracy,4,Excellent
FLAT_PROMPTING,ALPHA-AUTOML,REGRESSION,advertising_dataset,llama4,fewshot+instruction,llama4,zeroshot_judging,Clarity,4,Excellent
FLAT_PROMPTING,ALPHA-AUTOML,REGRESSION,advertising_dataset,llama4,fewshot+instruction,llama4,zeroshot_judging,Completeness,4,Excellent
FLAT_PROMPTING,ALPHA-AUTOML,REGRESSION,advertising_dataset,llama4,fewshot+instruction,llama4,zeroshot_judging,Relevance,4,Excellent
FLAT_PROMPTING,ALPHA-AUTOML,REGRESSION,advertising_dataset,llama4,fewshot+instruction,deepseek-r1:14b,zeroshot_judging,Accuracy,3,Good
FLAT_PROMPTING,ALPHA-AUTOML,REGRESSION,advertising_dataset,llama4,fewshot+instruction,deepseek-r1:14b,zeroshot_judging,Clarity,4,Excellent
FLAT_PROMPTING,ALPHA-AUTOML,REGRESSION,advertising_dataset,llama4,fewshot+instruction,deepseek-r1:14b,zeroshot_judging,Completeness,2,Average
FLAT_PROMPTING,ALPHA-AUTOML,REGRESSION,advertising_dataset,llama4,fewshot+instruction,deepseek-r1:14b,zeroshot_judging,Relevance,4,Excellent
FLAT_PROMPTING,ALPHA-AUTOML,REGRESSION,advertising_dataset,deepseek-r1:14b,zeroshot,llama4,zeroshot_judging,Accuracy,4,Excellent
FLAT_PROMPTING,ALPHA-AUTOML,REGRESSION,advertising_dataset,deepseek-r1:14b,zeroshot,llama4,zeroshot_judging,Clarity,4,Excellent
FLAT_PROMPTING,ALPHA-AUTOML,REGRESSION,advertising_dataset,deepseek-r1:14b,zeroshot,llama4,zeroshot_judging,Completeness,3,Good
FLAT_PROMPTING,ALPHA-AUTOML,REGRESSION,advertising_dataset,deepseek-r1:14b,zeroshot,llama4,zeroshot_judging,Relevance,4,Excellent
FLAT_PROMPTING,ALPHA-AUTOML,REGRESSION,advertising_dataset,deepseek-r1:14b,zeroshot,deepseek-r1:14b,zeroshot_judging,Accuracy,3,Good
FLAT_PROMPTING,ALPHA-AUTOML,REGRESSION,advertising_dataset,deepseek-r1:14b,zeroshot,deepseek-r1:14b,zeroshot_judging,Clarity,4,Excellent
FLAT_PROMPTING,ALPHA-AUTOML,REGRESSION,advertising_dataset,deepseek-r1:14b,zeroshot,deepseek-r1:14b,zeroshot_judging,Completeness,3,Good
FLAT_PROMPTING,ALPHA-AUTOML,REGRESSION,advertising_dataset,deepseek-r1:14b,zeroshot,deepseek-r1:14b,zeroshot_judging,Relevance,4,Excellent
FLAT_PROMPTING,ALPHA-AUTOML,REGRESSION,advertising_dataset,deepseek-r1:14b,zeroshot_instruction,llama4,zeroshot_judging,Accuracy,4,Excellent
FLAT_PROMPTING,ALPHA-AUTOML,REGRESSION,advertising_dataset,deepseek-r1:14b,zeroshot_instruction,llama4,zeroshot_judging,Clarity,4,Excellent
FLAT_PROMPTING,ALPHA-AUTOML,REGRESSION,advertising_dataset,deepseek-r1:14b,zeroshot_instruction,llama4,zeroshot_judging,Completeness,4,Excellent
FLAT_PROMPTING,ALPHA-AUTOML,REGRESSION,advertising_dataset,deepseek-r1:14b,zeroshot_instruction,llama4,zeroshot_judging,Relevance,4,Excellent
FLAT_PROMPTING,ALPHA-AUTOML,REGRESSION,advertising_dataset,deepseek-r1:14b,zeroshot_instruction,deepseek-r1:14b,zeroshot_judging,Accuracy,3,Good
FLAT_PROMPTING,ALPHA-AUTOML,REGRESSION,advertising_dataset,deepseek-r1:14b,zeroshot_instruction,deepseek-r1:14b,zeroshot_judging,Clarity,4,Excellent
FLAT_PROMPTING,ALPHA-AUTOML,REGRESSION,advertising_dataset,deepseek-r1:14b,zeroshot_instruction,deepseek-r1:14b,zeroshot_judging,Completeness,2,Average
FLAT_PROMPTING,ALPHA-AUTOML,REGRESSION,advertising_dataset,deepseek-r1:14b,zeroshot_instruction,deepseek-r1:14b,zeroshot_judging,Relevance,4,Excellent
FLAT_PROMPTING,ALPHA-AUTOML,REGRESSION,advertising_dataset,deepseek-r1:14b,fewshot,llama4,zeroshot_judging,Accuracy,4,Excellent
FLAT_PROMPTING,ALPHA-AUTOML,REGRESSION,advertising_dataset,deepseek-r1:14b,fewshot,llama4,zeroshot_judging,Clarity,4,Excellent
FLAT_PROMPTING,ALPHA-AUTOML,REGRESSION,advertising_dataset,deepseek-r1:14b,fewshot,llama4,zeroshot_judging,Completeness,3,Good
FLAT_PROMPTING,ALPHA-AUTOML,REGRESSION,advertising_dataset,deepseek-r1:14b,fewshot,llama4,zeroshot_judging,Relevance,4,Excellent
FLAT_PROMPTING,ALPHA-AUTOML,REGRESSION,advertising_dataset,deepseek-r1:14b,fewshot,deepseek-r1:14b,zeroshot_judging,Accuracy,4,Excellent
FLAT_PROMPTING,ALPHA-AUTOML,REGRESSION,advertising_dataset,deepseek-r1:14b,fewshot,deepseek-r1:14b,zeroshot_judging,Clarity,3,Good
FLAT_PROMPTING,ALPHA-AUTOML,REGRESSION,advertising_dataset,deepseek-r1:14b,fewshot,deepseek-r1:14b,zeroshot_judging,Completeness,2,Average
FLAT_PROMPTING,ALPHA-AUTOML,REGRESSION,advertising_dataset,deepseek-r1:14b,fewshot,deepseek-r1:14b,zeroshot_judging,Relevance,3,Good
FLAT_PROMPTING,ALPHA-AUTOML,REGRESSION,advertising_dataset,deepseek-r1:14b,chain_of_thought,llama4,zeroshot_judging,Accuracy,4,Excellent
FLAT_PROMPTING,ALPHA-AUTOML,REGRESSION,advertising_dataset,deepseek-r1:14b,chain_of_thought,llama4,zeroshot_judging,Clarity,4,Excellent
FLAT_PROMPTING,ALPHA-AUTOML,REGRESSION,advertising_dataset,deepseek-r1:14b,chain_of_thought,llama4,zeroshot_judging,Completeness,3,Good
FLAT_PROMPTING,ALPHA-AUTOML,REGRESSION,advertising_dataset,deepseek-r1:14b,chain_of_thought,llama4,zeroshot_judging,Relevance,4,Excellent
FLAT_PROMPTING,ALPHA-AUTOML,REGRESSION,advertising_dataset,deepseek-r1:14b,chain_of_thought,deepseek-r1:14b,zeroshot_judging,Accuracy,4,Excellent
FLAT_PROMPTING,ALPHA-AUTOML,REGRESSION,advertising_dataset,deepseek-r1:14b,chain_of_thought,deepseek-r1:14b,zeroshot_judging,Clarity,3,Good
FLAT_PROMPTING,ALPHA-AUTOML,REGRESSION,advertising_dataset,deepseek-r1:14b,chain_of_thought,deepseek-r1:14b,zeroshot_judging,Completeness,4,Excellent
FLAT_PROMPTING,ALPHA-AUTOML,REGRESSION,advertising_dataset,deepseek-r1:14b,chain_of_thought,deepseek-r1:14b,zeroshot_judging,Relevance,4,Excellent
FLAT_PROMPTING,ALPHA-AUTOML,REGRESSION,advertising_dataset,deepseek-r1:14b,zeroshot_CoT,llama4,zeroshot_judging,Accuracy,4,Excellent
FLAT_PROMPTING,ALPHA-AUTOML,REGRESSION,advertising_dataset,deepseek-r1:14b,zeroshot_CoT,llama4,zeroshot_judging,Clarity,4,Excellent
FLAT_PROMPTING,ALPHA-AUTOML,REGRESSION,advertising_dataset,deepseek-r1:14b,zeroshot_CoT,llama4,zeroshot_judging,Completeness,4,Excellent
FLAT_PROMPTING,ALPHA-AUTOML,REGRESSION,advertising_dataset,deepseek-r1:14b,zeroshot_CoT,llama4,zeroshot_judging,Relevance,4,Excellent
FLAT_PROMPTING,ALPHA-AUTOML,REGRESSION,advertising_dataset,deepseek-r1:14b,zeroshot_CoT,deepseek-r1:14b,zeroshot_judging,Accuracy,4,Excellent
FLAT_PROMPTING,ALPHA-AUTOML,REGRESSION,advertising_dataset,deepseek-r1:14b,zeroshot_CoT,deepseek-r1:14b,zeroshot_judging,Clarity,4,Excellent
FLAT_PROMPTING,ALPHA-AUTOML,REGRESSION,advertising_dataset,deepseek-r1:14b,zeroshot_CoT,deepseek-r1:14b,zeroshot_judging,Completeness,4,Excellent
FLAT_PROMPTING,ALPHA-AUTOML,REGRESSION,advertising_dataset,deepseek-r1:14b,zeroshot_CoT,deepseek-r1:14b,zeroshot_judging,Relevance,4,Excellent
FLAT_PROMPTING,ALPHA-AUTOML,REGRESSION,advertising_dataset,deepseek-r1:14b,fewshot+instruction,llama4,zeroshot_judging,Accuracy,4,Excellent
FLAT_PROMPTING,ALPHA-AUTOML,REGRESSION,advertising_dataset,deepseek-r1:14b,fewshot+instruction,llama4,zeroshot_judging,Clarity,4,Excellent
FLAT_PROMPTING,ALPHA-AUTOML,REGRESSION,advertising_dataset,deepseek-r1:14b,fewshot+instruction,llama4,zeroshot_judging,Completeness,4,Excellent
FLAT_PROMPTING,ALPHA-AUTOML,REGRESSION,advertising_dataset,deepseek-r1:14b,fewshot+instruction,llama4,zeroshot_judging,Relevance,4,Excellent
FLAT_PROMPTING,ALPHA-AUTOML,REGRESSION,advertising_dataset,deepseek-r1:14b,fewshot+instruction,deepseek-r1:14b,zeroshot_judging,Accuracy,4,Excellent
FLAT_PROMPTING,ALPHA-AUTOML,REGRESSION,advertising_dataset,deepseek-r1:14b,fewshot+instruction,deepseek-r1:14b,zeroshot_judging,Clarity,4,Excellent
FLAT_PROMPTING,ALPHA-AUTOML,REGRESSION,advertising_dataset,deepseek-r1:14b,fewshot+instruction,deepseek-r1:14b,zeroshot_judging,Completeness,4,Excellent
FLAT_PROMPTING,ALPHA-AUTOML,REGRESSION,advertising_dataset,deepseek-r1:14b,fewshot+instruction,deepseek-r1:14b,zeroshot_judging,Relevance,4,Excellent
FLAT_PROMPTING,ALPHA-AUTOML,REGRESSION,534_cps_85_wages,llama4,zeroshot,llama4,zeroshot_judging,Accuracy,4,Excellent
FLAT_PROMPTING,ALPHA-AUTOML,REGRESSION,534_cps_85_wages,llama4,zeroshot,llama4,zeroshot_judging,Clarity,4,Excellent
FLAT_PROMPTING,ALPHA-AUTOML,REGRESSION,534_cps_85_wages,llama4,zeroshot,llama4,zeroshot_judging,Completeness,4,Excellent
FLAT_PROMPTING,ALPHA-AUTOML,REGRESSION,534_cps_85_wages,llama4,zeroshot,llama4,zeroshot_judging,Relevance,4,Excellent
FLAT_PROMPTING,ALPHA-AUTOML,REGRESSION,534_cps_85_wages,llama4,zeroshot,deepseek-r1:14b,zeroshot_judging,Accuracy,3,Good
FLAT_PROMPTING,ALPHA-AUTOML,REGRESSION,534_cps_85_wages,llama4,zeroshot,deepseek-r1:14b,zeroshot_judging,Clarity,4,Excellent
FLAT_PROMPTING,ALPHA-AUTOML,REGRESSION,534_cps_85_wages,llama4,zeroshot,deepseek-r1:14b,zeroshot_judging,Completeness,3,Good
FLAT_PROMPTING,ALPHA-AUTOML,REGRESSION,534_cps_85_wages,llama4,zeroshot,deepseek-r1:14b,zeroshot_judging,Relevance,4,Excellent
FLAT_PROMPTING,ALPHA-AUTOML,REGRESSION,534_cps_85_wages,llama4,zeroshot_instruction,llama4,zeroshot_judging,Accuracy,4,Excellent
FLAT_PROMPTING,ALPHA-AUTOML,REGRESSION,534_cps_85_wages,llama4,zeroshot_instruction,llama4,zeroshot_judging,Clarity,4,Excellent
FLAT_PROMPTING,ALPHA-AUTOML,REGRESSION,534_cps_85_wages,llama4,zeroshot_instruction,llama4,zeroshot_judging,Completeness,4,Excellent
FLAT_PROMPTING,ALPHA-AUTOML,REGRESSION,534_cps_85_wages,llama4,zeroshot_instruction,llama4,zeroshot_judging,Relevance,4,Excellent
FLAT_PROMPTING,ALPHA-AUTOML,REGRESSION,534_cps_85_wages,llama4,zeroshot_instruction,deepseek-r1:14b,zeroshot_judging,Accuracy,3,Good
FLAT_PROMPTING,ALPHA-AUTOML,REGRESSION,534_cps_85_wages,llama4,zeroshot_instruction,deepseek-r1:14b,zeroshot_judging,Clarity,4,Excellent
FLAT_PROMPTING,ALPHA-AUTOML,REGRESSION,534_cps_85_wages,llama4,zeroshot_instruction,deepseek-r1:14b,zeroshot_judging,Completeness,3,Good
FLAT_PROMPTING,ALPHA-AUTOML,REGRESSION,534_cps_85_wages,llama4,zeroshot_instruction,deepseek-r1:14b,zeroshot_judging,Relevance,4,Excellent
FLAT_PROMPTING,ALPHA-AUTOML,REGRESSION,534_cps_85_wages,llama4,fewshot,llama4,zeroshot_judging,Accuracy,4,Excellent
FLAT_PROMPTING,ALPHA-AUTOML,REGRESSION,534_cps_85_wages,llama4,fewshot,llama4,zeroshot_judging,Clarity,4,Excellent
FLAT_PROMPTING,ALPHA-AUTOML,REGRESSION,534_cps_85_wages,llama4,fewshot,llama4,zeroshot_judging,Completeness,4,Excellent
FLAT_PROMPTING,ALPHA-AUTOML,REGRESSION,534_cps_85_wages,llama4,fewshot,llama4,zeroshot_judging,Relevance,4,Excellent
FLAT_PROMPTING,ALPHA-AUTOML,REGRESSION,534_cps_85_wages,llama4,fewshot,deepseek-r1:14b,zeroshot_judging,Accuracy,2,Average
FLAT_PROMPTING,ALPHA-AUTOML,REGRESSION,534_cps_85_wages,llama4,fewshot,deepseek-r1:14b,zeroshot_judging,Clarity,4,Excellent
FLAT_PROMPTING,ALPHA-AUTOML,REGRESSION,534_cps_85_wages,llama4,fewshot,deepseek-r1:14b,zeroshot_judging,Completeness,4,Excellent
FLAT_PROMPTING,ALPHA-AUTOML,REGRESSION,534_cps_85_wages,llama4,fewshot,deepseek-r1:14b,zeroshot_judging,Relevance,3,Good
FLAT_PROMPTING,ALPHA-AUTOML,REGRESSION,534_cps_85_wages,llama4,chain_of_thought,llama4,zeroshot_judging,Accuracy,4,Excellent
FLAT_PROMPTING,ALPHA-AUTOML,REGRESSION,534_cps_85_wages,llama4,chain_of_thought,llama4,zeroshot_judging,Clarity,4,Excellent
FLAT_PROMPTING,ALPHA-AUTOML,REGRESSION,534_cps_85_wages,llama4,chain_of_thought,llama4,zeroshot_judging,Completeness,4,Excellent
FLAT_PROMPTING,ALPHA-AUTOML,REGRESSION,534_cps_85_wages,llama4,chain_of_thought,llama4,zeroshot_judging,Relevance,4,Excellent
FLAT_PROMPTING,ALPHA-AUTOML,REGRESSION,534_cps_85_wages,llama4,chain_of_thought,deepseek-r1:14b,zeroshot_judging,Accuracy,3,Good
FLAT_PROMPTING,ALPHA-AUTOML,REGRESSION,534_cps_85_wages,llama4,chain_of_thought,deepseek-r1:14b,zeroshot_judging,Clarity,4,Excellent
FLAT_PROMPTING,ALPHA-AUTOML,REGRESSION,534_cps_85_wages,llama4,chain_of_thought,deepseek-r1:14b,zeroshot_judging,Completeness,4,Excellent
FLAT_PROMPTING,ALPHA-AUTOML,REGRESSION,534_cps_85_wages,llama4,chain_of_thought,deepseek-r1:14b,zeroshot_judging,Relevance,2,Average
FLAT_PROMPTING,ALPHA-AUTOML,REGRESSION,534_cps_85_wages,llama4,zeroshot_CoT,llama4,zeroshot_judging,Accuracy,4,Excellent
FLAT_PROMPTING,ALPHA-AUTOML,REGRESSION,534_cps_85_wages,llama4,zeroshot_CoT,llama4,zeroshot_judging,Clarity,4,Excellent
FLAT_PROMPTING,ALPHA-AUTOML,REGRESSION,534_cps_85_wages,llama4,zeroshot_CoT,llama4,zeroshot_judging,Completeness,4,Excellent
FLAT_PROMPTING,ALPHA-AUTOML,REGRESSION,534_cps_85_wages,llama4,zeroshot_CoT,llama4,zeroshot_judging,Relevance,4,Excellent
FLAT_PROMPTING,ALPHA-AUTOML,REGRESSION,534_cps_85_wages,llama4,zeroshot_CoT,deepseek-r1:14b,zeroshot_judging,Accuracy,3,Good
FLAT_PROMPTING,ALPHA-AUTOML,REGRESSION,534_cps_85_wages,llama4,zeroshot_CoT,deepseek-r1:14b,zeroshot_judging,Clarity,4,Excellent
FLAT_PROMPTING,ALPHA-AUTOML,REGRESSION,534_cps_85_wages,llama4,zeroshot_CoT,deepseek-r1:14b,zeroshot_judging,Completeness,3,Good
FLAT_PROMPTING,ALPHA-AUTOML,REGRESSION,534_cps_85_wages,llama4,zeroshot_CoT,deepseek-r1:14b,zeroshot_judging,Relevance,4,Excellent
FLAT_PROMPTING,ALPHA-AUTOML,REGRESSION,534_cps_85_wages,llama4,fewshot+instruction,llama4,zeroshot_judging,Accuracy,1,Poor
FLAT_PROMPTING,ALPHA-AUTOML,REGRESSION,534_cps_85_wages,llama4,fewshot+instruction,llama4,zeroshot_judging,Clarity,2,Average
FLAT_PROMPTING,ALPHA-AUTOML,REGRESSION,534_cps_85_wages,llama4,fewshot+instruction,llama4,zeroshot_judging,Completeness,1,Poor
FLAT_PROMPTING,ALPHA-AUTOML,REGRESSION,534_cps_85_wages,llama4,fewshot+instruction,llama4,zeroshot_judging,Relevance,1,Poor
FLAT_PROMPTING,ALPHA-AUTOML,REGRESSION,534_cps_85_wages,llama4,fewshot+instruction,deepseek-r1:14b,zeroshot_judging,Accuracy,3,Good
FLAT_PROMPTING,ALPHA-AUTOML,REGRESSION,534_cps_85_wages,llama4,fewshot+instruction,deepseek-r1:14b,zeroshot_judging,Clarity,2,Average
FLAT_PROMPTING,ALPHA-AUTOML,REGRESSION,534_cps_85_wages,llama4,fewshot+instruction,deepseek-r1:14b,zeroshot_judging,Completeness,2,Average
FLAT_PROMPTING,ALPHA-AUTOML,REGRESSION,534_cps_85_wages,llama4,fewshot+instruction,deepseek-r1:14b,zeroshot_judging,Relevance,3,Good
FLAT_PROMPTING,ALPHA-AUTOML,REGRESSION,534_cps_85_wages,deepseek-r1:14b,zeroshot,llama4,zeroshot_judging,Accuracy,4,Excellent
FLAT_PROMPTING,ALPHA-AUTOML,REGRESSION,534_cps_85_wages,deepseek-r1:14b,zeroshot,llama4,zeroshot_judging,Clarity,4,Excellent
FLAT_PROMPTING,ALPHA-AUTOML,REGRESSION,534_cps_85_wages,deepseek-r1:14b,zeroshot,llama4,zeroshot_judging,Completeness,4,Excellent
FLAT_PROMPTING,ALPHA-AUTOML,REGRESSION,534_cps_85_wages,deepseek-r1:14b,zeroshot,llama4,zeroshot_judging,Relevance,4,Excellent
FLAT_PROMPTING,ALPHA-AUTOML,REGRESSION,534_cps_85_wages,deepseek-r1:14b,zeroshot,deepseek-r1:14b,zeroshot_judging,Accuracy,3,Good
FLAT_PROMPTING,ALPHA-AUTOML,REGRESSION,534_cps_85_wages,deepseek-r1:14b,zeroshot,deepseek-r1:14b,zeroshot_judging,Clarity,4,Excellent
FLAT_PROMPTING,ALPHA-AUTOML,REGRESSION,534_cps_85_wages,deepseek-r1:14b,zeroshot,deepseek-r1:14b,zeroshot_judging,Completeness,3,Good
FLAT_PROMPTING,ALPHA-AUTOML,REGRESSION,534_cps_85_wages,deepseek-r1:14b,zeroshot,deepseek-r1:14b,zeroshot_judging,Relevance,4,Excellent
FLAT_PROMPTING,ALPHA-AUTOML,REGRESSION,534_cps_85_wages,deepseek-r1:14b,zeroshot_instruction,llama4,zeroshot_judging,Accuracy,4,Excellent
FLAT_PROMPTING,ALPHA-AUTOML,REGRESSION,534_cps_85_wages,deepseek-r1:14b,zeroshot_instruction,llama4,zeroshot_judging,Clarity,4,Excellent
FLAT_PROMPTING,ALPHA-AUTOML,REGRESSION,534_cps_85_wages,deepseek-r1:14b,zeroshot_instruction,llama4,zeroshot_judging,Completeness,4,Excellent
FLAT_PROMPTING,ALPHA-AUTOML,REGRESSION,534_cps_85_wages,deepseek-r1:14b,zeroshot_instruction,llama4,zeroshot_judging,Relevance,4,Excellent
FLAT_PROMPTING,ALPHA-AUTOML,REGRESSION,534_cps_85_wages,deepseek-r1:14b,zeroshot_instruction,deepseek-r1:14b,zeroshot_judging,Accuracy,4,Excellent
FLAT_PROMPTING,ALPHA-AUTOML,REGRESSION,534_cps_85_wages,deepseek-r1:14b,zeroshot_instruction,deepseek-r1:14b,zeroshot_judging,Clarity,4,Excellent
FLAT_PROMPTING,ALPHA-AUTOML,REGRESSION,534_cps_85_wages,deepseek-r1:14b,zeroshot_instruction,deepseek-r1:14b,zeroshot_judging,Completeness,3,Good
FLAT_PROMPTING,ALPHA-AUTOML,REGRESSION,534_cps_85_wages,deepseek-r1:14b,zeroshot_instruction,deepseek-r1:14b,zeroshot_judging,Relevance,4,Excellent
FLAT_PROMPTING,ALPHA-AUTOML,REGRESSION,534_cps_85_wages,deepseek-r1:14b,fewshot,llama4,zeroshot_judging,Accuracy,4,Excellent
FLAT_PROMPTING,ALPHA-AUTOML,REGRESSION,534_cps_85_wages,deepseek-r1:14b,fewshot,llama4,zeroshot_judging,Clarity,4,Excellent
FLAT_PROMPTING,ALPHA-AUTOML,REGRESSION,534_cps_85_wages,deepseek-r1:14b,fewshot,llama4,zeroshot_judging,Completeness,4,Excellent
FLAT_PROMPTING,ALPHA-AUTOML,REGRESSION,534_cps_85_wages,deepseek-r1:14b,fewshot,llama4,zeroshot_judging,Relevance,4,Excellent
FLAT_PROMPTING,ALPHA-AUTOML,REGRESSION,534_cps_85_wages,deepseek-r1:14b,fewshot,deepseek-r1:14b,zeroshot_judging,Accuracy,3,Good
FLAT_PROMPTING,ALPHA-AUTOML,REGRESSION,534_cps_85_wages,deepseek-r1:14b,fewshot,deepseek-r1:14b,zeroshot_judging,Clarity,4,Excellent
FLAT_PROMPTING,ALPHA-AUTOML,REGRESSION,534_cps_85_wages,deepseek-r1:14b,fewshot,deepseek-r1:14b,zeroshot_judging,Completeness,3,Good
FLAT_PROMPTING,ALPHA-AUTOML,REGRESSION,534_cps_85_wages,deepseek-r1:14b,fewshot,deepseek-r1:14b,zeroshot_judging,Relevance,4,Excellent
FLAT_PROMPTING,ALPHA-AUTOML,REGRESSION,534_cps_85_wages,deepseek-r1:14b,chain_of_thought,llama4,zeroshot_judging,Accuracy,4,Excellent
FLAT_PROMPTING,ALPHA-AUTOML,REGRESSION,534_cps_85_wages,deepseek-r1:14b,chain_of_thought,llama4,zeroshot_judging,Clarity,4,Excellent
FLAT_PROMPTING,ALPHA-AUTOML,REGRESSION,534_cps_85_wages,deepseek-r1:14b,chain_of_thought,llama4,zeroshot_judging,Completeness,4,Excellent
FLAT_PROMPTING,ALPHA-AUTOML,REGRESSION,534_cps_85_wages,deepseek-r1:14b,chain_of_thought,llama4,zeroshot_judging,Relevance,4,Excellent
FLAT_PROMPTING,ALPHA-AUTOML,REGRESSION,534_cps_85_wages,deepseek-r1:14b,chain_of_thought,deepseek-r1:14b,zeroshot_judging,Accuracy,4,Excellent
FLAT_PROMPTING,ALPHA-AUTOML,REGRESSION,534_cps_85_wages,deepseek-r1:14b,chain_of_thought,deepseek-r1:14b,zeroshot_judging,Clarity,4,Excellent
FLAT_PROMPTING,ALPHA-AUTOML,REGRESSION,534_cps_85_wages,deepseek-r1:14b,chain_of_thought,deepseek-r1:14b,zeroshot_judging,Completeness,3,Good
FLAT_PROMPTING,ALPHA-AUTOML,REGRESSION,534_cps_85_wages,deepseek-r1:14b,chain_of_thought,deepseek-r1:14b,zeroshot_judging,Relevance,4,Excellent
FLAT_PROMPTING,ALPHA-AUTOML,REGRESSION,534_cps_85_wages,deepseek-r1:14b,zeroshot_CoT,llama4,zeroshot_judging,Accuracy,4,Excellent
FLAT_PROMPTING,ALPHA-AUTOML,REGRESSION,534_cps_85_wages,deepseek-r1:14b,zeroshot_CoT,llama4,zeroshot_judging,Clarity,4,Excellent
FLAT_PROMPTING,ALPHA-AUTOML,REGRESSION,534_cps_85_wages,deepseek-r1:14b,zeroshot_CoT,llama4,zeroshot_judging,Completeness,3,Good
FLAT_PROMPTING,ALPHA-AUTOML,REGRESSION,534_cps_85_wages,deepseek-r1:14b,zeroshot_CoT,llama4,zeroshot_judging,Relevance,4,Excellent
FLAT_PROMPTING,ALPHA-AUTOML,REGRESSION,534_cps_85_wages,deepseek-r1:14b,zeroshot_CoT,deepseek-r1:14b,zeroshot_judging,Accuracy,3,Good
FLAT_PROMPTING,ALPHA-AUTOML,REGRESSION,534_cps_85_wages,deepseek-r1:14b,zeroshot_CoT,deepseek-r1:14b,zeroshot_judging,Clarity,4,Excellent
FLAT_PROMPTING,ALPHA-AUTOML,REGRESSION,534_cps_85_wages,deepseek-r1:14b,zeroshot_CoT,deepseek-r1:14b,zeroshot_judging,Completeness,3,Good
FLAT_PROMPTING,ALPHA-AUTOML,REGRESSION,534_cps_85_wages,deepseek-r1:14b,zeroshot_CoT,deepseek-r1:14b,zeroshot_judging,Relevance,4,Excellent
FLAT_PROMPTING,ALPHA-AUTOML,REGRESSION,534_cps_85_wages,deepseek-r1:14b,fewshot+instruction,llama4,zeroshot_judging,Accuracy,4,Excellent
FLAT_PROMPTING,ALPHA-AUTOML,REGRESSION,534_cps_85_wages,deepseek-r1:14b,fewshot+instruction,llama4,zeroshot_judging,Clarity,4,Excellent
FLAT_PROMPTING,ALPHA-AUTOML,REGRESSION,534_cps_85_wages,deepseek-r1:14b,fewshot+instruction,llama4,zeroshot_judging,Completeness,4,Excellent
FLAT_PROMPTING,ALPHA-AUTOML,REGRESSION,534_cps_85_wages,deepseek-r1:14b,fewshot+instruction,llama4,zeroshot_judging,Relevance,4,Excellent
FLAT_PROMPTING,ALPHA-AUTOML,REGRESSION,534_cps_85_wages,deepseek-r1:14b,fewshot+instruction,deepseek-r1:14b,zeroshot_judging,Accuracy,4,Excellent
FLAT_PROMPTING,ALPHA-AUTOML,REGRESSION,534_cps_85_wages,deepseek-r1:14b,fewshot+instruction,deepseek-r1:14b,zeroshot_judging,Clarity,4,Excellent
FLAT_PROMPTING,ALPHA-AUTOML,REGRESSION,534_cps_85_wages,deepseek-r1:14b,fewshot+instruction,deepseek-r1:14b,zeroshot_judging,Completeness,3,Good
FLAT_PROMPTING,ALPHA-AUTOML,REGRESSION,534_cps_85_wages,deepseek-r1:14b,fewshot+instruction,deepseek-r1:14b,zeroshot_judging,Relevance,4,Excellent
FLAT_PROMPTING,ALPHA-AUTOML,REGRESSION,196_autoMpg,llama4,zeroshot,llama4,zeroshot_judging,Accuracy,4,Excellent
FLAT_PROMPTING,ALPHA-AUTOML,REGRESSION,196_autoMpg,llama4,zeroshot,llama4,zeroshot_judging,Clarity,4,Excellent
FLAT_PROMPTING,ALPHA-AUTOML,REGRESSION,196_autoMpg,llama4,zeroshot,llama4,zeroshot_judging,Completeness,4,Excellent
FLAT_PROMPTING,ALPHA-AUTOML,REGRESSION,196_autoMpg,llama4,zeroshot,llama4,zeroshot_judging,Relevance,4,Excellent
FLAT_PROMPTING,ALPHA-AUTOML,REGRESSION,196_autoMpg,llama4,zeroshot,deepseek-r1:14b,zeroshot_judging,Accuracy,3,Good
FLAT_PROMPTING,ALPHA-AUTOML,REGRESSION,196_autoMpg,llama4,zeroshot,deepseek-r1:14b,zeroshot_judging,Clarity,2,Average
FLAT_PROMPTING,ALPHA-AUTOML,REGRESSION,196_autoMpg,llama4,zeroshot,deepseek-r1:14b,zeroshot_judging,Completeness,2,Average
FLAT_PROMPTING,ALPHA-AUTOML,REGRESSION,196_autoMpg,llama4,zeroshot,deepseek-r1:14b,zeroshot_judging,Relevance,4,Excellent
FLAT_PROMPTING,ALPHA-AUTOML,REGRESSION,196_autoMpg,llama4,zeroshot_instruction,llama4,zeroshot_judging,Accuracy,4,Excellent
FLAT_PROMPTING,ALPHA-AUTOML,REGRESSION,196_autoMpg,llama4,zeroshot_instruction,llama4,zeroshot_judging,Clarity,4,Excellent
FLAT_PROMPTING,ALPHA-AUTOML,REGRESSION,196_autoMpg,llama4,zeroshot_instruction,llama4,zeroshot_judging,Completeness,4,Excellent
FLAT_PROMPTING,ALPHA-AUTOML,REGRESSION,196_autoMpg,llama4,zeroshot_instruction,llama4,zeroshot_judging,Relevance,4,Excellent
FLAT_PROMPTING,ALPHA-AUTOML,REGRESSION,196_autoMpg,llama4,zeroshot_instruction,deepseek-r1:14b,zeroshot_judging,Accuracy,4,Excellent
FLAT_PROMPTING,ALPHA-AUTOML,REGRESSION,196_autoMpg,llama4,zeroshot_instruction,deepseek-r1:14b,zeroshot_judging,Clarity,4,Excellent
FLAT_PROMPTING,ALPHA-AUTOML,REGRESSION,196_autoMpg,llama4,zeroshot_instruction,deepseek-r1:14b,zeroshot_judging,Completeness,4,Excellent
FLAT_PROMPTING,ALPHA-AUTOML,REGRESSION,196_autoMpg,llama4,zeroshot_instruction,deepseek-r1:14b,zeroshot_judging,Relevance,4,Excellent
FLAT_PROMPTING,ALPHA-AUTOML,REGRESSION,196_autoMpg,llama4,fewshot,llama4,zeroshot_judging,Accuracy,4,Excellent
FLAT_PROMPTING,ALPHA-AUTOML,REGRESSION,196_autoMpg,llama4,fewshot,llama4,zeroshot_judging,Clarity,4,Excellent
FLAT_PROMPTING,ALPHA-AUTOML,REGRESSION,196_autoMpg,llama4,fewshot,llama4,zeroshot_judging,Completeness,4,Excellent
FLAT_PROMPTING,ALPHA-AUTOML,REGRESSION,196_autoMpg,llama4,fewshot,llama4,zeroshot_judging,Relevance,4,Excellent
FLAT_PROMPTING,ALPHA-AUTOML,REGRESSION,196_autoMpg,llama4,fewshot,deepseek-r1:14b,zeroshot_judging,Accuracy,4,Excellent
FLAT_PROMPTING,ALPHA-AUTOML,REGRESSION,196_autoMpg,llama4,fewshot,deepseek-r1:14b,zeroshot_judging,Clarity,4,Excellent
FLAT_PROMPTING,ALPHA-AUTOML,REGRESSION,196_autoMpg,llama4,fewshot,deepseek-r1:14b,zeroshot_judging,Completeness,4,Excellent
FLAT_PROMPTING,ALPHA-AUTOML,REGRESSION,196_autoMpg,llama4,fewshot,deepseek-r1:14b,zeroshot_judging,Relevance,4,Excellent
FLAT_PROMPTING,ALPHA-AUTOML,REGRESSION,196_autoMpg,llama4,chain_of_thought,llama4,zeroshot_judging,Accuracy,4,Excellent
FLAT_PROMPTING,ALPHA-AUTOML,REGRESSION,196_autoMpg,llama4,chain_of_thought,llama4,zeroshot_judging,Clarity,4,Excellent
FLAT_PROMPTING,ALPHA-AUTOML,REGRESSION,196_autoMpg,llama4,chain_of_thought,llama4,zeroshot_judging,Completeness,4,Excellent
FLAT_PROMPTING,ALPHA-AUTOML,REGRESSION,196_autoMpg,llama4,chain_of_thought,llama4,zeroshot_judging,Relevance,4,Excellent
FLAT_PROMPTING,ALPHA-AUTOML,REGRESSION,196_autoMpg,llama4,chain_of_thought,deepseek-r1:14b,zeroshot_judging,Accuracy,3,Good
FLAT_PROMPTING,ALPHA-AUTOML,REGRESSION,196_autoMpg,llama4,chain_of_thought,deepseek-r1:14b,zeroshot_judging,Clarity,4,Excellent
FLAT_PROMPTING,ALPHA-AUTOML,REGRESSION,196_autoMpg,llama4,chain_of_thought,deepseek-r1:14b,zeroshot_judging,Completeness,2,Average
FLAT_PROMPTING,ALPHA-AUTOML,REGRESSION,196_autoMpg,llama4,chain_of_thought,deepseek-r1:14b,zeroshot_judging,Relevance,3,Good
FLAT_PROMPTING,ALPHA-AUTOML,REGRESSION,196_autoMpg,llama4,zeroshot_CoT,llama4,zeroshot_judging,Accuracy,4,Excellent
FLAT_PROMPTING,ALPHA-AUTOML,REGRESSION,196_autoMpg,llama4,zeroshot_CoT,llama4,zeroshot_judging,Clarity,3,Good
FLAT_PROMPTING,ALPHA-AUTOML,REGRESSION,196_autoMpg,llama4,zeroshot_CoT,llama4,zeroshot_judging,Completeness,4,Excellent
FLAT_PROMPTING,ALPHA-AUTOML,REGRESSION,196_autoMpg,llama4,zeroshot_CoT,llama4,zeroshot_judging,Relevance,4,Excellent
FLAT_PROMPTING,ALPHA-AUTOML,REGRESSION,196_autoMpg,llama4,zeroshot_CoT,deepseek-r1:14b,zeroshot_judging,Accuracy,3,Good
FLAT_PROMPTING,ALPHA-AUTOML,REGRESSION,196_autoMpg,llama4,zeroshot_CoT,deepseek-r1:14b,zeroshot_judging,Clarity,3,Good
FLAT_PROMPTING,ALPHA-AUTOML,REGRESSION,196_autoMpg,llama4,zeroshot_CoT,deepseek-r1:14b,zeroshot_judging,Completeness,2,Average
FLAT_PROMPTING,ALPHA-AUTOML,REGRESSION,196_autoMpg,llama4,zeroshot_CoT,deepseek-r1:14b,zeroshot_judging,Relevance,4,Excellent
FLAT_PROMPTING,ALPHA-AUTOML,REGRESSION,196_autoMpg,llama4,fewshot+instruction,llama4,zeroshot_judging,Accuracy,4,Excellent
FLAT_PROMPTING,ALPHA-AUTOML,REGRESSION,196_autoMpg,llama4,fewshot+instruction,llama4,zeroshot_judging,Clarity,4,Excellent
FLAT_PROMPTING,ALPHA-AUTOML,REGRESSION,196_autoMpg,llama4,fewshot+instruction,llama4,zeroshot_judging,Completeness,4,Excellent
FLAT_PROMPTING,ALPHA-AUTOML,REGRESSION,196_autoMpg,llama4,fewshot+instruction,llama4,zeroshot_judging,Relevance,4,Excellent
FLAT_PROMPTING,ALPHA-AUTOML,REGRESSION,196_autoMpg,llama4,fewshot+instruction,deepseek-r1:14b,zeroshot_judging,Accuracy,4,Excellent
FLAT_PROMPTING,ALPHA-AUTOML,REGRESSION,196_autoMpg,llama4,fewshot+instruction,deepseek-r1:14b,zeroshot_judging,Clarity,3,Good
FLAT_PROMPTING,ALPHA-AUTOML,REGRESSION,196_autoMpg,llama4,fewshot+instruction,deepseek-r1:14b,zeroshot_judging,Completeness,4,Excellent
FLAT_PROMPTING,ALPHA-AUTOML,REGRESSION,196_autoMpg,llama4,fewshot+instruction,deepseek-r1:14b,zeroshot_judging,Relevance,4,Excellent
FLAT_PROMPTING,ALPHA-AUTOML,REGRESSION,196_autoMpg,deepseek-r1:14b,zeroshot,llama4,zeroshot_judging,Accuracy,4,Excellent
FLAT_PROMPTING,ALPHA-AUTOML,REGRESSION,196_autoMpg,deepseek-r1:14b,zeroshot,llama4,zeroshot_judging,Clarity,3,Good
FLAT_PROMPTING,ALPHA-AUTOML,REGRESSION,196_autoMpg,deepseek-r1:14b,zeroshot,llama4,zeroshot_judging,Completeness,4,Excellent
FLAT_PROMPTING,ALPHA-AUTOML,REGRESSION,196_autoMpg,deepseek-r1:14b,zeroshot,llama4,zeroshot_judging,Relevance,4,Excellent
FLAT_PROMPTING,ALPHA-AUTOML,REGRESSION,196_autoMpg,deepseek-r1:14b,zeroshot,deepseek-r1:14b,zeroshot_judging,Accuracy,3,Good
FLAT_PROMPTING,ALPHA-AUTOML,REGRESSION,196_autoMpg,deepseek-r1:14b,zeroshot,deepseek-r1:14b,zeroshot_judging,Clarity,3,Good
FLAT_PROMPTING,ALPHA-AUTOML,REGRESSION,196_autoMpg,deepseek-r1:14b,zeroshot,deepseek-r1:14b,zeroshot_judging,Completeness,3,Good
FLAT_PROMPTING,ALPHA-AUTOML,REGRESSION,196_autoMpg,deepseek-r1:14b,zeroshot,deepseek-r1:14b,zeroshot_judging,Relevance,4,Excellent
FLAT_PROMPTING,ALPHA-AUTOML,REGRESSION,196_autoMpg,deepseek-r1:14b,zeroshot_instruction,llama4,zeroshot_judging,Accuracy,4,Excellent
FLAT_PROMPTING,ALPHA-AUTOML,REGRESSION,196_autoMpg,deepseek-r1:14b,zeroshot_instruction,llama4,zeroshot_judging,Clarity,4,Excellent
FLAT_PROMPTING,ALPHA-AUTOML,REGRESSION,196_autoMpg,deepseek-r1:14b,zeroshot_instruction,llama4,zeroshot_judging,Completeness,4,Excellent
FLAT_PROMPTING,ALPHA-AUTOML,REGRESSION,196_autoMpg,deepseek-r1:14b,zeroshot_instruction,llama4,zeroshot_judging,Relevance,4,Excellent
FLAT_PROMPTING,ALPHA-AUTOML,REGRESSION,196_autoMpg,deepseek-r1:14b,zeroshot_instruction,deepseek-r1:14b,zeroshot_judging,Accuracy,4,Excellent
FLAT_PROMPTING,ALPHA-AUTOML,REGRESSION,196_autoMpg,deepseek-r1:14b,zeroshot_instruction,deepseek-r1:14b,zeroshot_judging,Clarity,4,Excellent
FLAT_PROMPTING,ALPHA-AUTOML,REGRESSION,196_autoMpg,deepseek-r1:14b,zeroshot_instruction,deepseek-r1:14b,zeroshot_judging,Completeness,4,Excellent
FLAT_PROMPTING,ALPHA-AUTOML,REGRESSION,196_autoMpg,deepseek-r1:14b,zeroshot_instruction,deepseek-r1:14b,zeroshot_judging,Relevance,4,Excellent
FLAT_PROMPTING,ALPHA-AUTOML,REGRESSION,196_autoMpg,deepseek-r1:14b,fewshot,llama4,zeroshot_judging,Accuracy,4,Excellent
FLAT_PROMPTING,ALPHA-AUTOML,REGRESSION,196_autoMpg,deepseek-r1:14b,fewshot,llama4,zeroshot_judging,Clarity,4,Excellent
FLAT_PROMPTING,ALPHA-AUTOML,REGRESSION,196_autoMpg,deepseek-r1:14b,fewshot,llama4,zeroshot_judging,Completeness,4,Excellent
FLAT_PROMPTING,ALPHA-AUTOML,REGRESSION,196_autoMpg,deepseek-r1:14b,fewshot,llama4,zeroshot_judging,Relevance,4,Excellent
FLAT_PROMPTING,ALPHA-AUTOML,REGRESSION,196_autoMpg,deepseek-r1:14b,fewshot,deepseek-r1:14b,zeroshot_judging,Accuracy,4,Excellent
FLAT_PROMPTING,ALPHA-AUTOML,REGRESSION,196_autoMpg,deepseek-r1:14b,fewshot,deepseek-r1:14b,zeroshot_judging,Clarity,4,Excellent
FLAT_PROMPTING,ALPHA-AUTOML,REGRESSION,196_autoMpg,deepseek-r1:14b,fewshot,deepseek-r1:14b,zeroshot_judging,Completeness,4,Excellent
FLAT_PROMPTING,ALPHA-AUTOML,REGRESSION,196_autoMpg,deepseek-r1:14b,fewshot,deepseek-r1:14b,zeroshot_judging,Relevance,4,Excellent
FLAT_PROMPTING,ALPHA-AUTOML,REGRESSION,196_autoMpg,deepseek-r1:14b,chain_of_thought,llama4,zeroshot_judging,Accuracy,4,Excellent
FLAT_PROMPTING,ALPHA-AUTOML,REGRESSION,196_autoMpg,deepseek-r1:14b,chain_of_thought,llama4,zeroshot_judging,Clarity,4,Excellent
FLAT_PROMPTING,ALPHA-AUTOML,REGRESSION,196_autoMpg,deepseek-r1:14b,chain_of_thought,llama4,zeroshot_judging,Completeness,4,Excellent
FLAT_PROMPTING,ALPHA-AUTOML,REGRESSION,196_autoMpg,deepseek-r1:14b,chain_of_thought,llama4,zeroshot_judging,Relevance,4,Excellent
FLAT_PROMPTING,ALPHA-AUTOML,REGRESSION,196_autoMpg,deepseek-r1:14b,chain_of_thought,deepseek-r1:14b,zeroshot_judging,Accuracy,3,Good
FLAT_PROMPTING,ALPHA-AUTOML,REGRESSION,196_autoMpg,deepseek-r1:14b,chain_of_thought,deepseek-r1:14b,zeroshot_judging,Clarity,4,Excellent
FLAT_PROMPTING,ALPHA-AUTOML,REGRESSION,196_autoMpg,deepseek-r1:14b,chain_of_thought,deepseek-r1:14b,zeroshot_judging,Completeness,3,Good
FLAT_PROMPTING,ALPHA-AUTOML,REGRESSION,196_autoMpg,deepseek-r1:14b,chain_of_thought,deepseek-r1:14b,zeroshot_judging,Relevance,4,Excellent
FLAT_PROMPTING,ALPHA-AUTOML,REGRESSION,196_autoMpg,deepseek-r1:14b,zeroshot_CoT,llama4,zeroshot_judging,Accuracy,4,Excellent
FLAT_PROMPTING,ALPHA-AUTOML,REGRESSION,196_autoMpg,deepseek-r1:14b,zeroshot_CoT,llama4,zeroshot_judging,Clarity,4,Excellent
FLAT_PROMPTING,ALPHA-AUTOML,REGRESSION,196_autoMpg,deepseek-r1:14b,zeroshot_CoT,llama4,zeroshot_judging,Completeness,4,Excellent
FLAT_PROMPTING,ALPHA-AUTOML,REGRESSION,196_autoMpg,deepseek-r1:14b,zeroshot_CoT,llama4,zeroshot_judging,Relevance,4,Excellent
FLAT_PROMPTING,ALPHA-AUTOML,REGRESSION,196_autoMpg,deepseek-r1:14b,zeroshot_CoT,deepseek-r1:14b,zeroshot_judging,Accuracy,3,Good
FLAT_PROMPTING,ALPHA-AUTOML,REGRESSION,196_autoMpg,deepseek-r1:14b,zeroshot_CoT,deepseek-r1:14b,zeroshot_judging,Clarity,4,Excellent
FLAT_PROMPTING,ALPHA-AUTOML,REGRESSION,196_autoMpg,deepseek-r1:14b,zeroshot_CoT,deepseek-r1:14b,zeroshot_judging,Completeness,4,Excellent
FLAT_PROMPTING,ALPHA-AUTOML,REGRESSION,196_autoMpg,deepseek-r1:14b,zeroshot_CoT,deepseek-r1:14b,zeroshot_judging,Relevance,4,Excellent
FLAT_PROMPTING,ALPHA-AUTOML,REGRESSION,196_autoMpg,deepseek-r1:14b,fewshot+instruction,llama4,zeroshot_judging,Accuracy,4,Excellent
FLAT_PROMPTING,ALPHA-AUTOML,REGRESSION,196_autoMpg,deepseek-r1:14b,fewshot+instruction,llama4,zeroshot_judging,Clarity,4,Excellent
FLAT_PROMPTING,ALPHA-AUTOML,REGRESSION,196_autoMpg,deepseek-r1:14b,fewshot+instruction,llama4,zeroshot_judging,Completeness,4,Excellent
FLAT_PROMPTING,ALPHA-AUTOML,REGRESSION,196_autoMpg,deepseek-r1:14b,fewshot+instruction,llama4,zeroshot_judging,Relevance,4,Excellent
FLAT_PROMPTING,ALPHA-AUTOML,REGRESSION,196_autoMpg,deepseek-r1:14b,fewshot+instruction,deepseek-r1:14b,zeroshot_judging,Accuracy,3,Good
FLAT_PROMPTING,ALPHA-AUTOML,REGRESSION,196_autoMpg,deepseek-r1:14b,fewshot+instruction,deepseek-r1:14b,zeroshot_judging,Clarity,4,Excellent
FLAT_PROMPTING,ALPHA-AUTOML,REGRESSION,196_autoMpg,deepseek-r1:14b,fewshot+instruction,deepseek-r1:14b,zeroshot_judging,Completeness,3,Good
FLAT_PROMPTING,ALPHA-AUTOML,REGRESSION,196_autoMpg,deepseek-r1:14b,fewshot+instruction,deepseek-r1:14b,zeroshot_judging,Relevance,4,Excellent
FLAT_PROMPTING,ALPHA-AUTOML,REGRESSION,26_radon_seed_dataset,llama4,zeroshot,llama4,zeroshot_judging,Accuracy,4,Excellent
FLAT_PROMPTING,ALPHA-AUTOML,REGRESSION,26_radon_seed_dataset,llama4,zeroshot,llama4,zeroshot_judging,Clarity,4,Excellent
FLAT_PROMPTING,ALPHA-AUTOML,REGRESSION,26_radon_seed_dataset,llama4,zeroshot,llama4,zeroshot_judging,Completeness,4,Excellent
FLAT_PROMPTING,ALPHA-AUTOML,REGRESSION,26_radon_seed_dataset,llama4,zeroshot,llama4,zeroshot_judging,Relevance,4,Excellent
FLAT_PROMPTING,ALPHA-AUTOML,REGRESSION,26_radon_seed_dataset,llama4,zeroshot,deepseek-r1:14b,zeroshot_judging,Accuracy,3,Good
FLAT_PROMPTING,ALPHA-AUTOML,REGRESSION,26_radon_seed_dataset,llama4,zeroshot,deepseek-r1:14b,zeroshot_judging,Clarity,4,Excellent
FLAT_PROMPTING,ALPHA-AUTOML,REGRESSION,26_radon_seed_dataset,llama4,zeroshot,deepseek-r1:14b,zeroshot_judging,Completeness,3,Good
FLAT_PROMPTING,ALPHA-AUTOML,REGRESSION,26_radon_seed_dataset,llama4,zeroshot,deepseek-r1:14b,zeroshot_judging,Relevance,4,Excellent
FLAT_PROMPTING,ALPHA-AUTOML,REGRESSION,26_radon_seed_dataset,llama4,zeroshot_instruction,llama4,zeroshot_judging,Accuracy,4,Excellent
FLAT_PROMPTING,ALPHA-AUTOML,REGRESSION,26_radon_seed_dataset,llama4,zeroshot_instruction,llama4,zeroshot_judging,Clarity,4,Excellent
FLAT_PROMPTING,ALPHA-AUTOML,REGRESSION,26_radon_seed_dataset,llama4,zeroshot_instruction,llama4,zeroshot_judging,Completeness,4,Excellent
FLAT_PROMPTING,ALPHA-AUTOML,REGRESSION,26_radon_seed_dataset,llama4,zeroshot_instruction,llama4,zeroshot_judging,Relevance,4,Excellent
FLAT_PROMPTING,ALPHA-AUTOML,REGRESSION,26_radon_seed_dataset,llama4,zeroshot_instruction,deepseek-r1:14b,zeroshot_judging,Accuracy,3,Good
FLAT_PROMPTING,ALPHA-AUTOML,REGRESSION,26_radon_seed_dataset,llama4,zeroshot_instruction,deepseek-r1:14b,zeroshot_judging,Clarity,4,Excellent
FLAT_PROMPTING,ALPHA-AUTOML,REGRESSION,26_radon_seed_dataset,llama4,zeroshot_instruction,deepseek-r1:14b,zeroshot_judging,Completeness,3,Good
FLAT_PROMPTING,ALPHA-AUTOML,REGRESSION,26_radon_seed_dataset,llama4,zeroshot_instruction,deepseek-r1:14b,zeroshot_judging,Relevance,4,Excellent
FLAT_PROMPTING,ALPHA-AUTOML,REGRESSION,26_radon_seed_dataset,llama4,fewshot,llama4,zeroshot_judging,Accuracy,4,Excellent
FLAT_PROMPTING,ALPHA-AUTOML,REGRESSION,26_radon_seed_dataset,llama4,fewshot,llama4,zeroshot_judging,Clarity,4,Excellent
FLAT_PROMPTING,ALPHA-AUTOML,REGRESSION,26_radon_seed_dataset,llama4,fewshot,llama4,zeroshot_judging,Completeness,4,Excellent
FLAT_PROMPTING,ALPHA-AUTOML,REGRESSION,26_radon_seed_dataset,llama4,fewshot,llama4,zeroshot_judging,Relevance,4,Excellent
FLAT_PROMPTING,ALPHA-AUTOML,REGRESSION,26_radon_seed_dataset,llama4,fewshot,deepseek-r1:14b,zeroshot_judging,Accuracy,4,Excellent
FLAT_PROMPTING,ALPHA-AUTOML,REGRESSION,26_radon_seed_dataset,llama4,fewshot,deepseek-r1:14b,zeroshot_judging,Clarity,4,Excellent
FLAT_PROMPTING,ALPHA-AUTOML,REGRESSION,26_radon_seed_dataset,llama4,fewshot,deepseek-r1:14b,zeroshot_judging,Completeness,4,Excellent
FLAT_PROMPTING,ALPHA-AUTOML,REGRESSION,26_radon_seed_dataset,llama4,fewshot,deepseek-r1:14b,zeroshot_judging,Relevance,4,Excellent
FLAT_PROMPTING,ALPHA-AUTOML,REGRESSION,26_radon_seed_dataset,llama4,chain_of_thought,llama4,zeroshot_judging,Accuracy,4,Excellent
FLAT_PROMPTING,ALPHA-AUTOML,REGRESSION,26_radon_seed_dataset,llama4,chain_of_thought,llama4,zeroshot_judging,Clarity,4,Excellent
FLAT_PROMPTING,ALPHA-AUTOML,REGRESSION,26_radon_seed_dataset,llama4,chain_of_thought,llama4,zeroshot_judging,Completeness,4,Excellent
FLAT_PROMPTING,ALPHA-AUTOML,REGRESSION,26_radon_seed_dataset,llama4,chain_of_thought,llama4,zeroshot_judging,Relevance,4,Excellent
FLAT_PROMPTING,ALPHA-AUTOML,REGRESSION,26_radon_seed_dataset,llama4,chain_of_thought,deepseek-r1:14b,zeroshot_judging,Accuracy,4,Excellent
FLAT_PROMPTING,ALPHA-AUTOML,REGRESSION,26_radon_seed_dataset,llama4,chain_of_thought,deepseek-r1:14b,zeroshot_judging,Clarity,4,Excellent
FLAT_PROMPTING,ALPHA-AUTOML,REGRESSION,26_radon_seed_dataset,llama4,chain_of_thought,deepseek-r1:14b,zeroshot_judging,Completeness,4,Excellent
FLAT_PROMPTING,ALPHA-AUTOML,REGRESSION,26_radon_seed_dataset,llama4,chain_of_thought,deepseek-r1:14b,zeroshot_judging,Relevance,4,Excellent
FLAT_PROMPTING,ALPHA-AUTOML,REGRESSION,26_radon_seed_dataset,llama4,zeroshot_CoT,llama4,zeroshot_judging,Accuracy,4,Excellent
FLAT_PROMPTING,ALPHA-AUTOML,REGRESSION,26_radon_seed_dataset,llama4,zeroshot_CoT,llama4,zeroshot_judging,Clarity,4,Excellent
FLAT_PROMPTING,ALPHA-AUTOML,REGRESSION,26_radon_seed_dataset,llama4,zeroshot_CoT,llama4,zeroshot_judging,Completeness,4,Excellent
FLAT_PROMPTING,ALPHA-AUTOML,REGRESSION,26_radon_seed_dataset,llama4,zeroshot_CoT,llama4,zeroshot_judging,Relevance,4,Excellent
FLAT_PROMPTING,ALPHA-AUTOML,REGRESSION,26_radon_seed_dataset,llama4,zeroshot_CoT,deepseek-r1:14b,zeroshot_judging,Accuracy,3,Good
FLAT_PROMPTING,ALPHA-AUTOML,REGRESSION,26_radon_seed_dataset,llama4,zeroshot_CoT,deepseek-r1:14b,zeroshot_judging,Clarity,4,Excellent
FLAT_PROMPTING,ALPHA-AUTOML,REGRESSION,26_radon_seed_dataset,llama4,zeroshot_CoT,deepseek-r1:14b,zeroshot_judging,Completeness,3,Good
FLAT_PROMPTING,ALPHA-AUTOML,REGRESSION,26_radon_seed_dataset,llama4,zeroshot_CoT,deepseek-r1:14b,zeroshot_judging,Relevance,4,Excellent
FLAT_PROMPTING,ALPHA-AUTOML,REGRESSION,26_radon_seed_dataset,llama4,fewshot+instruction,llama4,zeroshot_judging,Accuracy,4,Excellent
FLAT_PROMPTING,ALPHA-AUTOML,REGRESSION,26_radon_seed_dataset,llama4,fewshot+instruction,llama4,zeroshot_judging,Clarity,4,Excellent
FLAT_PROMPTING,ALPHA-AUTOML,REGRESSION,26_radon_seed_dataset,llama4,fewshot+instruction,llama4,zeroshot_judging,Completeness,4,Excellent
FLAT_PROMPTING,ALPHA-AUTOML,REGRESSION,26_radon_seed_dataset,llama4,fewshot+instruction,llama4,zeroshot_judging,Relevance,4,Excellent
FLAT_PROMPTING,ALPHA-AUTOML,REGRESSION,26_radon_seed_dataset,llama4,fewshot+instruction,deepseek-r1:14b,zeroshot_judging,Accuracy,3,Good
FLAT_PROMPTING,ALPHA-AUTOML,REGRESSION,26_radon_seed_dataset,llama4,fewshot+instruction,deepseek-r1:14b,zeroshot_judging,Clarity,4,Excellent
FLAT_PROMPTING,ALPHA-AUTOML,REGRESSION,26_radon_seed_dataset,llama4,fewshot+instruction,deepseek-r1:14b,zeroshot_judging,Completeness,3,Good
FLAT_PROMPTING,ALPHA-AUTOML,REGRESSION,26_radon_seed_dataset,llama4,fewshot+instruction,deepseek-r1:14b,zeroshot_judging,Relevance,4,Excellent
FLAT_PROMPTING,ALPHA-AUTOML,REGRESSION,26_radon_seed_dataset,deepseek-r1:14b,zeroshot,llama4,zeroshot_judging,Accuracy,4,Excellent
FLAT_PROMPTING,ALPHA-AUTOML,REGRESSION,26_radon_seed_dataset,deepseek-r1:14b,zeroshot,llama4,zeroshot_judging,Clarity,4,Excellent
FLAT_PROMPTING,ALPHA-AUTOML,REGRESSION,26_radon_seed_dataset,deepseek-r1:14b,zeroshot,llama4,zeroshot_judging,Completeness,3,Good
FLAT_PROMPTING,ALPHA-AUTOML,REGRESSION,26_radon_seed_dataset,deepseek-r1:14b,zeroshot,llama4,zeroshot_judging,Relevance,4,Excellent
FLAT_PROMPTING,ALPHA-AUTOML,REGRESSION,26_radon_seed_dataset,deepseek-r1:14b,zeroshot,deepseek-r1:14b,zeroshot_judging,Accuracy,4,Excellent
FLAT_PROMPTING,ALPHA-AUTOML,REGRESSION,26_radon_seed_dataset,deepseek-r1:14b,zeroshot,deepseek-r1:14b,zeroshot_judging,Clarity,3,Good
FLAT_PROMPTING,ALPHA-AUTOML,REGRESSION,26_radon_seed_dataset,deepseek-r1:14b,zeroshot,deepseek-r1:14b,zeroshot_judging,Completeness,4,Excellent
FLAT_PROMPTING,ALPHA-AUTOML,REGRESSION,26_radon_seed_dataset,deepseek-r1:14b,zeroshot,deepseek-r1:14b,zeroshot_judging,Relevance,4,Excellent
FLAT_PROMPTING,ALPHA-AUTOML,REGRESSION,26_radon_seed_dataset,deepseek-r1:14b,zeroshot_instruction,llama4,zeroshot_judging,Accuracy,4,Excellent
FLAT_PROMPTING,ALPHA-AUTOML,REGRESSION,26_radon_seed_dataset,deepseek-r1:14b,zeroshot_instruction,llama4,zeroshot_judging,Clarity,4,Excellent
FLAT_PROMPTING,ALPHA-AUTOML,REGRESSION,26_radon_seed_dataset,deepseek-r1:14b,zeroshot_instruction,llama4,zeroshot_judging,Completeness,3,Good
FLAT_PROMPTING,ALPHA-AUTOML,REGRESSION,26_radon_seed_dataset,deepseek-r1:14b,zeroshot_instruction,llama4,zeroshot_judging,Relevance,4,Excellent
FLAT_PROMPTING,ALPHA-AUTOML,REGRESSION,26_radon_seed_dataset,deepseek-r1:14b,zeroshot_instruction,deepseek-r1:14b,zeroshot_judging,Accuracy,4,Excellent
FLAT_PROMPTING,ALPHA-AUTOML,REGRESSION,26_radon_seed_dataset,deepseek-r1:14b,zeroshot_instruction,deepseek-r1:14b,zeroshot_judging,Clarity,3,Good
FLAT_PROMPTING,ALPHA-AUTOML,REGRESSION,26_radon_seed_dataset,deepseek-r1:14b,zeroshot_instruction,deepseek-r1:14b,zeroshot_judging,Completeness,4,Excellent
FLAT_PROMPTING,ALPHA-AUTOML,REGRESSION,26_radon_seed_dataset,deepseek-r1:14b,zeroshot_instruction,deepseek-r1:14b,zeroshot_judging,Relevance,4,Excellent
FLAT_PROMPTING,ALPHA-AUTOML,REGRESSION,26_radon_seed_dataset,deepseek-r1:14b,fewshot,llama4,zeroshot_judging,Accuracy,4,Excellent
FLAT_PROMPTING,ALPHA-AUTOML,REGRESSION,26_radon_seed_dataset,deepseek-r1:14b,fewshot,llama4,zeroshot_judging,Clarity,4,Excellent
FLAT_PROMPTING,ALPHA-AUTOML,REGRESSION,26_radon_seed_dataset,deepseek-r1:14b,fewshot,llama4,zeroshot_judging,Completeness,4,Excellent
FLAT_PROMPTING,ALPHA-AUTOML,REGRESSION,26_radon_seed_dataset,deepseek-r1:14b,fewshot,llama4,zeroshot_judging,Relevance,4,Excellent
FLAT_PROMPTING,ALPHA-AUTOML,REGRESSION,26_radon_seed_dataset,deepseek-r1:14b,fewshot,deepseek-r1:14b,zeroshot_judging,Accuracy,4,Excellent
FLAT_PROMPTING,ALPHA-AUTOML,REGRESSION,26_radon_seed_dataset,deepseek-r1:14b,fewshot,deepseek-r1:14b,zeroshot_judging,Clarity,4,Excellent
FLAT_PROMPTING,ALPHA-AUTOML,REGRESSION,26_radon_seed_dataset,deepseek-r1:14b,fewshot,deepseek-r1:14b,zeroshot_judging,Completeness,4,Excellent
FLAT_PROMPTING,ALPHA-AUTOML,REGRESSION,26_radon_seed_dataset,deepseek-r1:14b,fewshot,deepseek-r1:14b,zeroshot_judging,Relevance,4,Excellent
FLAT_PROMPTING,ALPHA-AUTOML,REGRESSION,26_radon_seed_dataset,deepseek-r1:14b,chain_of_thought,llama4,zeroshot_judging,Accuracy,4,Excellent
FLAT_PROMPTING,ALPHA-AUTOML,REGRESSION,26_radon_seed_dataset,deepseek-r1:14b,chain_of_thought,llama4,zeroshot_judging,Clarity,4,Excellent
FLAT_PROMPTING,ALPHA-AUTOML,REGRESSION,26_radon_seed_dataset,deepseek-r1:14b,chain_of_thought,llama4,zeroshot_judging,Completeness,3,Good
FLAT_PROMPTING,ALPHA-AUTOML,REGRESSION,26_radon_seed_dataset,deepseek-r1:14b,chain_of_thought,llama4,zeroshot_judging,Relevance,4,Excellent
FLAT_PROMPTING,ALPHA-AUTOML,REGRESSION,26_radon_seed_dataset,deepseek-r1:14b,chain_of_thought,deepseek-r1:14b,zeroshot_judging,Accuracy,2,Average
FLAT_PROMPTING,ALPHA-AUTOML,REGRESSION,26_radon_seed_dataset,deepseek-r1:14b,chain_of_thought,deepseek-r1:14b,zeroshot_judging,Clarity,3,Good
FLAT_PROMPTING,ALPHA-AUTOML,REGRESSION,26_radon_seed_dataset,deepseek-r1:14b,chain_of_thought,deepseek-r1:14b,zeroshot_judging,Completeness,2,Average
FLAT_PROMPTING,ALPHA-AUTOML,REGRESSION,26_radon_seed_dataset,deepseek-r1:14b,chain_of_thought,deepseek-r1:14b,zeroshot_judging,Relevance,3,Good
FLAT_PROMPTING,ALPHA-AUTOML,REGRESSION,26_radon_seed_dataset,deepseek-r1:14b,zeroshot_CoT,llama4,zeroshot_judging,Accuracy,4,Excellent
FLAT_PROMPTING,ALPHA-AUTOML,REGRESSION,26_radon_seed_dataset,deepseek-r1:14b,zeroshot_CoT,llama4,zeroshot_judging,Clarity,4,Excellent
FLAT_PROMPTING,ALPHA-AUTOML,REGRESSION,26_radon_seed_dataset,deepseek-r1:14b,zeroshot_CoT,llama4,zeroshot_judging,Completeness,3,Good
FLAT_PROMPTING,ALPHA-AUTOML,REGRESSION,26_radon_seed_dataset,deepseek-r1:14b,zeroshot_CoT,llama4,zeroshot_judging,Relevance,4,Excellent
FLAT_PROMPTING,ALPHA-AUTOML,REGRESSION,26_radon_seed_dataset,deepseek-r1:14b,zeroshot_CoT,deepseek-r1:14b,zeroshot_judging,Accuracy,3,Good
FLAT_PROMPTING,ALPHA-AUTOML,REGRESSION,26_radon_seed_dataset,deepseek-r1:14b,zeroshot_CoT,deepseek-r1:14b,zeroshot_judging,Clarity,4,Excellent
FLAT_PROMPTING,ALPHA-AUTOML,REGRESSION,26_radon_seed_dataset,deepseek-r1:14b,zeroshot_CoT,deepseek-r1:14b,zeroshot_judging,Completeness,4,Excellent
FLAT_PROMPTING,ALPHA-AUTOML,REGRESSION,26_radon_seed_dataset,deepseek-r1:14b,zeroshot_CoT,deepseek-r1:14b,zeroshot_judging,Relevance,3,Good
FLAT_PROMPTING,ALPHA-AUTOML,REGRESSION,26_radon_seed_dataset,deepseek-r1:14b,fewshot+instruction,llama4,zeroshot_judging,Accuracy,4,Excellent
FLAT_PROMPTING,ALPHA-AUTOML,REGRESSION,26_radon_seed_dataset,deepseek-r1:14b,fewshot+instruction,llama4,zeroshot_judging,Clarity,4,Excellent
FLAT_PROMPTING,ALPHA-AUTOML,REGRESSION,26_radon_seed_dataset,deepseek-r1:14b,fewshot+instruction,llama4,zeroshot_judging,Completeness,4,Excellent
FLAT_PROMPTING,ALPHA-AUTOML,REGRESSION,26_radon_seed_dataset,deepseek-r1:14b,fewshot+instruction,llama4,zeroshot_judging,Relevance,4,Excellent
FLAT_PROMPTING,ALPHA-AUTOML,REGRESSION,26_radon_seed_dataset,deepseek-r1:14b,fewshot+instruction,deepseek-r1:14b,zeroshot_judging,Accuracy,2,Average
FLAT_PROMPTING,ALPHA-AUTOML,REGRESSION,26_radon_seed_dataset,deepseek-r1:14b,fewshot+instruction,deepseek-r1:14b,zeroshot_judging,Clarity,4,Excellent
FLAT_PROMPTING,ALPHA-AUTOML,REGRESSION,26_radon_seed_dataset,deepseek-r1:14b,fewshot+instruction,deepseek-r1:14b,zeroshot_judging,Completeness,3,Good
FLAT_PROMPTING,ALPHA-AUTOML,REGRESSION,26_radon_seed_dataset,deepseek-r1:14b,fewshot+instruction,deepseek-r1:14b,zeroshot_judging,Relevance,4,Excellent
FLAT_PROMPTING,ALPHA-AUTOML,CLASSIFICATION,299_libras_move,llama4,zeroshot,llama4,zeroshot_judging,Accuracy,4,Excellent
FLAT_PROMPTING,ALPHA-AUTOML,CLASSIFICATION,299_libras_move,llama4,zeroshot,llama4,zeroshot_judging,Clarity,4,Excellent
FLAT_PROMPTING,ALPHA-AUTOML,CLASSIFICATION,299_libras_move,llama4,zeroshot,llama4,zeroshot_judging,Completeness,4,Excellent
FLAT_PROMPTING,ALPHA-AUTOML,CLASSIFICATION,299_libras_move,llama4,zeroshot,llama4,zeroshot_judging,Relevance,4,Excellent
FLAT_PROMPTING,ALPHA-AUTOML,CLASSIFICATION,299_libras_move,llama4,zeroshot,deepseek-r1:14b,zeroshot_judging,Accuracy,2,Average
FLAT_PROMPTING,ALPHA-AUTOML,CLASSIFICATION,299_libras_move,llama4,zeroshot,deepseek-r1:14b,zeroshot_judging,Clarity,4,Excellent
FLAT_PROMPTING,ALPHA-AUTOML,CLASSIFICATION,299_libras_move,llama4,zeroshot,deepseek-r1:14b,zeroshot_judging,Completeness,3,Good
FLAT_PROMPTING,ALPHA-AUTOML,CLASSIFICATION,299_libras_move,llama4,zeroshot,deepseek-r1:14b,zeroshot_judging,Relevance,4,Excellent
FLAT_PROMPTING,ALPHA-AUTOML,CLASSIFICATION,299_libras_move,llama4,zeroshot_instruction,llama4,zeroshot_judging,Accuracy,4,Excellent
FLAT_PROMPTING,ALPHA-AUTOML,CLASSIFICATION,299_libras_move,llama4,zeroshot_instruction,llama4,zeroshot_judging,Clarity,4,Excellent
FLAT_PROMPTING,ALPHA-AUTOML,CLASSIFICATION,299_libras_move,llama4,zeroshot_instruction,llama4,zeroshot_judging,Completeness,4,Excellent
FLAT_PROMPTING,ALPHA-AUTOML,CLASSIFICATION,299_libras_move,llama4,zeroshot_instruction,llama4,zeroshot_judging,Relevance,4,Excellent
FLAT_PROMPTING,ALPHA-AUTOML,CLASSIFICATION,299_libras_move,llama4,zeroshot_instruction,deepseek-r1:14b,zeroshot_judging,Accuracy,3,Good
FLAT_PROMPTING,ALPHA-AUTOML,CLASSIFICATION,299_libras_move,llama4,zeroshot_instruction,deepseek-r1:14b,zeroshot_judging,Clarity,4,Excellent
FLAT_PROMPTING,ALPHA-AUTOML,CLASSIFICATION,299_libras_move,llama4,zeroshot_instruction,deepseek-r1:14b,zeroshot_judging,Completeness,3,Good
FLAT_PROMPTING,ALPHA-AUTOML,CLASSIFICATION,299_libras_move,llama4,zeroshot_instruction,deepseek-r1:14b,zeroshot_judging,Relevance,4,Excellent
FLAT_PROMPTING,ALPHA-AUTOML,CLASSIFICATION,299_libras_move,llama4,fewshot,llama4,zeroshot_judging,Accuracy,4,Excellent
FLAT_PROMPTING,ALPHA-AUTOML,CLASSIFICATION,299_libras_move,llama4,fewshot,llama4,zeroshot_judging,Clarity,4,Excellent
FLAT_PROMPTING,ALPHA-AUTOML,CLASSIFICATION,299_libras_move,llama4,fewshot,llama4,zeroshot_judging,Completeness,4,Excellent
FLAT_PROMPTING,ALPHA-AUTOML,CLASSIFICATION,299_libras_move,llama4,fewshot,llama4,zeroshot_judging,Relevance,4,Excellent
FLAT_PROMPTING,ALPHA-AUTOML,CLASSIFICATION,299_libras_move,llama4,fewshot,deepseek-r1:14b,zeroshot_judging,Accuracy,4,Excellent
FLAT_PROMPTING,ALPHA-AUTOML,CLASSIFICATION,299_libras_move,llama4,fewshot,deepseek-r1:14b,zeroshot_judging,Clarity,3,Good
FLAT_PROMPTING,ALPHA-AUTOML,CLASSIFICATION,299_libras_move,llama4,fewshot,deepseek-r1:14b,zeroshot_judging,Completeness,3,Good
FLAT_PROMPTING,ALPHA-AUTOML,CLASSIFICATION,299_libras_move,llama4,fewshot,deepseek-r1:14b,zeroshot_judging,Relevance,4,Excellent
FLAT_PROMPTING,ALPHA-AUTOML,CLASSIFICATION,299_libras_move,llama4,chain_of_thought,llama4,zeroshot_judging,Accuracy,4,Excellent
FLAT_PROMPTING,ALPHA-AUTOML,CLASSIFICATION,299_libras_move,llama4,chain_of_thought,llama4,zeroshot_judging,Clarity,4,Excellent
FLAT_PROMPTING,ALPHA-AUTOML,CLASSIFICATION,299_libras_move,llama4,chain_of_thought,llama4,zeroshot_judging,Completeness,4,Excellent
FLAT_PROMPTING,ALPHA-AUTOML,CLASSIFICATION,299_libras_move,llama4,chain_of_thought,llama4,zeroshot_judging,Relevance,4,Excellent
FLAT_PROMPTING,ALPHA-AUTOML,CLASSIFICATION,299_libras_move,llama4,chain_of_thought,deepseek-r1:14b,zeroshot_judging,Accuracy,4,Excellent
FLAT_PROMPTING,ALPHA-AUTOML,CLASSIFICATION,299_libras_move,llama4,chain_of_thought,deepseek-r1:14b,zeroshot_judging,Clarity,4,Excellent
FLAT_PROMPTING,ALPHA-AUTOML,CLASSIFICATION,299_libras_move,llama4,chain_of_thought,deepseek-r1:14b,zeroshot_judging,Completeness,4,Excellent
FLAT_PROMPTING,ALPHA-AUTOML,CLASSIFICATION,299_libras_move,llama4,chain_of_thought,deepseek-r1:14b,zeroshot_judging,Relevance,4,Excellent
FLAT_PROMPTING,ALPHA-AUTOML,CLASSIFICATION,299_libras_move,llama4,zeroshot_CoT,llama4,zeroshot_judging,Accuracy,4,Excellent
FLAT_PROMPTING,ALPHA-AUTOML,CLASSIFICATION,299_libras_move,llama4,zeroshot_CoT,llama4,zeroshot_judging,Clarity,3,Good
FLAT_PROMPTING,ALPHA-AUTOML,CLASSIFICATION,299_libras_move,llama4,zeroshot_CoT,llama4,zeroshot_judging,Completeness,4,Excellent
FLAT_PROMPTING,ALPHA-AUTOML,CLASSIFICATION,299_libras_move,llama4,zeroshot_CoT,llama4,zeroshot_judging,Relevance,4,Excellent
FLAT_PROMPTING,ALPHA-AUTOML,CLASSIFICATION,299_libras_move,llama4,zeroshot_CoT,deepseek-r1:14b,zeroshot_judging,Accuracy,3,Good
FLAT_PROMPTING,ALPHA-AUTOML,CLASSIFICATION,299_libras_move,llama4,zeroshot_CoT,deepseek-r1:14b,zeroshot_judging,Clarity,4,Excellent
FLAT_PROMPTING,ALPHA-AUTOML,CLASSIFICATION,299_libras_move,llama4,zeroshot_CoT,deepseek-r1:14b,zeroshot_judging,Completeness,3,Good
FLAT_PROMPTING,ALPHA-AUTOML,CLASSIFICATION,299_libras_move,llama4,zeroshot_CoT,deepseek-r1:14b,zeroshot_judging,Relevance,4,Excellent
FLAT_PROMPTING,ALPHA-AUTOML,CLASSIFICATION,299_libras_move,llama4,fewshot+instruction,llama4,zeroshot_judging,Accuracy,4,Excellent
FLAT_PROMPTING,ALPHA-AUTOML,CLASSIFICATION,299_libras_move,llama4,fewshot+instruction,llama4,zeroshot_judging,Clarity,4,Excellent
FLAT_PROMPTING,ALPHA-AUTOML,CLASSIFICATION,299_libras_move,llama4,fewshot+instruction,llama4,zeroshot_judging,Completeness,4,Excellent
FLAT_PROMPTING,ALPHA-AUTOML,CLASSIFICATION,299_libras_move,llama4,fewshot+instruction,llama4,zeroshot_judging,Relevance,4,Excellent
FLAT_PROMPTING,ALPHA-AUTOML,CLASSIFICATION,299_libras_move,llama4,fewshot+instruction,deepseek-r1:14b,zeroshot_judging,Accuracy,4,Excellent
FLAT_PROMPTING,ALPHA-AUTOML,CLASSIFICATION,299_libras_move,llama4,fewshot+instruction,deepseek-r1:14b,zeroshot_judging,Clarity,4,Excellent
FLAT_PROMPTING,ALPHA-AUTOML,CLASSIFICATION,299_libras_move,llama4,fewshot+instruction,deepseek-r1:14b,zeroshot_judging,Completeness,4,Excellent
FLAT_PROMPTING,ALPHA-AUTOML,CLASSIFICATION,299_libras_move,llama4,fewshot+instruction,deepseek-r1:14b,zeroshot_judging,Relevance,4,Excellent
FLAT_PROMPTING,ALPHA-AUTOML,CLASSIFICATION,299_libras_move,deepseek-r1:14b,zeroshot,llama4,zeroshot_judging,Accuracy,4,Excellent
FLAT_PROMPTING,ALPHA-AUTOML,CLASSIFICATION,299_libras_move,deepseek-r1:14b,zeroshot,llama4,zeroshot_judging,Clarity,4,Excellent
FLAT_PROMPTING,ALPHA-AUTOML,CLASSIFICATION,299_libras_move,deepseek-r1:14b,zeroshot,llama4,zeroshot_judging,Completeness,3,Good
FLAT_PROMPTING,ALPHA-AUTOML,CLASSIFICATION,299_libras_move,deepseek-r1:14b,zeroshot,llama4,zeroshot_judging,Relevance,4,Excellent
FLAT_PROMPTING,ALPHA-AUTOML,CLASSIFICATION,299_libras_move,deepseek-r1:14b,zeroshot,deepseek-r1:14b,zeroshot_judging,Accuracy,3,Good
FLAT_PROMPTING,ALPHA-AUTOML,CLASSIFICATION,299_libras_move,deepseek-r1:14b,zeroshot,deepseek-r1:14b,zeroshot_judging,Clarity,3,Good
FLAT_PROMPTING,ALPHA-AUTOML,CLASSIFICATION,299_libras_move,deepseek-r1:14b,zeroshot,deepseek-r1:14b,zeroshot_judging,Completeness,3,Good
FLAT_PROMPTING,ALPHA-AUTOML,CLASSIFICATION,299_libras_move,deepseek-r1:14b,zeroshot,deepseek-r1:14b,zeroshot_judging,Relevance,4,Excellent
FLAT_PROMPTING,ALPHA-AUTOML,CLASSIFICATION,299_libras_move,deepseek-r1:14b,zeroshot_instruction,llama4,zeroshot_judging,Accuracy,4,Excellent
FLAT_PROMPTING,ALPHA-AUTOML,CLASSIFICATION,299_libras_move,deepseek-r1:14b,zeroshot_instruction,llama4,zeroshot_judging,Clarity,4,Excellent
FLAT_PROMPTING,ALPHA-AUTOML,CLASSIFICATION,299_libras_move,deepseek-r1:14b,zeroshot_instruction,llama4,zeroshot_judging,Completeness,3,Good
FLAT_PROMPTING,ALPHA-AUTOML,CLASSIFICATION,299_libras_move,deepseek-r1:14b,zeroshot_instruction,llama4,zeroshot_judging,Relevance,4,Excellent
FLAT_PROMPTING,ALPHA-AUTOML,CLASSIFICATION,299_libras_move,deepseek-r1:14b,zeroshot_instruction,deepseek-r1:14b,zeroshot_judging,Accuracy,3,Good
FLAT_PROMPTING,ALPHA-AUTOML,CLASSIFICATION,299_libras_move,deepseek-r1:14b,zeroshot_instruction,deepseek-r1:14b,zeroshot_judging,Clarity,3,Good
FLAT_PROMPTING,ALPHA-AUTOML,CLASSIFICATION,299_libras_move,deepseek-r1:14b,zeroshot_instruction,deepseek-r1:14b,zeroshot_judging,Completeness,4,Excellent
FLAT_PROMPTING,ALPHA-AUTOML,CLASSIFICATION,299_libras_move,deepseek-r1:14b,zeroshot_instruction,deepseek-r1:14b,zeroshot_judging,Relevance,3,Good
FLAT_PROMPTING,ALPHA-AUTOML,CLASSIFICATION,299_libras_move,deepseek-r1:14b,fewshot,llama4,zeroshot_judging,Accuracy,4,Excellent
FLAT_PROMPTING,ALPHA-AUTOML,CLASSIFICATION,299_libras_move,deepseek-r1:14b,fewshot,llama4,zeroshot_judging,Clarity,3,Good
FLAT_PROMPTING,ALPHA-AUTOML,CLASSIFICATION,299_libras_move,deepseek-r1:14b,fewshot,llama4,zeroshot_judging,Completeness,3,Good
FLAT_PROMPTING,ALPHA-AUTOML,CLASSIFICATION,299_libras_move,deepseek-r1:14b,fewshot,llama4,zeroshot_judging,Relevance,4,Excellent
FLAT_PROMPTING,ALPHA-AUTOML,CLASSIFICATION,299_libras_move,deepseek-r1:14b,fewshot,deepseek-r1:14b,zeroshot_judging,Accuracy,3,Good
FLAT_PROMPTING,ALPHA-AUTOML,CLASSIFICATION,299_libras_move,deepseek-r1:14b,fewshot,deepseek-r1:14b,zeroshot_judging,Clarity,4,Excellent
FLAT_PROMPTING,ALPHA-AUTOML,CLASSIFICATION,299_libras_move,deepseek-r1:14b,fewshot,deepseek-r1:14b,zeroshot_judging,Completeness,4,Excellent
FLAT_PROMPTING,ALPHA-AUTOML,CLASSIFICATION,299_libras_move,deepseek-r1:14b,fewshot,deepseek-r1:14b,zeroshot_judging,Relevance,4,Excellent
FLAT_PROMPTING,ALPHA-AUTOML,CLASSIFICATION,299_libras_move,deepseek-r1:14b,chain_of_thought,llama4,zeroshot_judging,Accuracy,3,Good
FLAT_PROMPTING,ALPHA-AUTOML,CLASSIFICATION,299_libras_move,deepseek-r1:14b,chain_of_thought,llama4,zeroshot_judging,Clarity,3,Good
FLAT_PROMPTING,ALPHA-AUTOML,CLASSIFICATION,299_libras_move,deepseek-r1:14b,chain_of_thought,llama4,zeroshot_judging,Completeness,2,Average
FLAT_PROMPTING,ALPHA-AUTOML,CLASSIFICATION,299_libras_move,deepseek-r1:14b,chain_of_thought,llama4,zeroshot_judging,Relevance,4,Excellent
FLAT_PROMPTING,ALPHA-AUTOML,CLASSIFICATION,299_libras_move,deepseek-r1:14b,chain_of_thought,deepseek-r1:14b,zeroshot_judging,Accuracy,4,Excellent
FLAT_PROMPTING,ALPHA-AUTOML,CLASSIFICATION,299_libras_move,deepseek-r1:14b,chain_of_thought,deepseek-r1:14b,zeroshot_judging,Clarity,4,Excellent
FLAT_PROMPTING,ALPHA-AUTOML,CLASSIFICATION,299_libras_move,deepseek-r1:14b,chain_of_thought,deepseek-r1:14b,zeroshot_judging,Completeness,4,Excellent
FLAT_PROMPTING,ALPHA-AUTOML,CLASSIFICATION,299_libras_move,deepseek-r1:14b,chain_of_thought,deepseek-r1:14b,zeroshot_judging,Relevance,4,Excellent
FLAT_PROMPTING,ALPHA-AUTOML,CLASSIFICATION,299_libras_move,deepseek-r1:14b,zeroshot_CoT,llama4,zeroshot_judging,Accuracy,4,Excellent
FLAT_PROMPTING,ALPHA-AUTOML,CLASSIFICATION,299_libras_move,deepseek-r1:14b,zeroshot_CoT,llama4,zeroshot_judging,Clarity,4,Excellent
FLAT_PROMPTING,ALPHA-AUTOML,CLASSIFICATION,299_libras_move,deepseek-r1:14b,zeroshot_CoT,llama4,zeroshot_judging,Completeness,4,Excellent
FLAT_PROMPTING,ALPHA-AUTOML,CLASSIFICATION,299_libras_move,deepseek-r1:14b,zeroshot_CoT,llama4,zeroshot_judging,Relevance,4,Excellent
FLAT_PROMPTING,ALPHA-AUTOML,CLASSIFICATION,299_libras_move,deepseek-r1:14b,zeroshot_CoT,deepseek-r1:14b,zeroshot_judging,Accuracy,2,Average
FLAT_PROMPTING,ALPHA-AUTOML,CLASSIFICATION,299_libras_move,deepseek-r1:14b,zeroshot_CoT,deepseek-r1:14b,zeroshot_judging,Clarity,3,Good
FLAT_PROMPTING,ALPHA-AUTOML,CLASSIFICATION,299_libras_move,deepseek-r1:14b,zeroshot_CoT,deepseek-r1:14b,zeroshot_judging,Completeness,3,Good
FLAT_PROMPTING,ALPHA-AUTOML,CLASSIFICATION,299_libras_move,deepseek-r1:14b,zeroshot_CoT,deepseek-r1:14b,zeroshot_judging,Relevance,3,Good
FLAT_PROMPTING,ALPHA-AUTOML,CLASSIFICATION,299_libras_move,deepseek-r1:14b,fewshot+instruction,llama4,zeroshot_judging,Accuracy,4,Excellent
FLAT_PROMPTING,ALPHA-AUTOML,CLASSIFICATION,299_libras_move,deepseek-r1:14b,fewshot+instruction,llama4,zeroshot_judging,Clarity,4,Excellent
FLAT_PROMPTING,ALPHA-AUTOML,CLASSIFICATION,299_libras_move,deepseek-r1:14b,fewshot+instruction,llama4,zeroshot_judging,Completeness,4,Excellent
FLAT_PROMPTING,ALPHA-AUTOML,CLASSIFICATION,299_libras_move,deepseek-r1:14b,fewshot+instruction,llama4,zeroshot_judging,Relevance,4,Excellent
FLAT_PROMPTING,ALPHA-AUTOML,CLASSIFICATION,299_libras_move,deepseek-r1:14b,fewshot+instruction,deepseek-r1:14b,zeroshot_judging,Accuracy,2,Average
FLAT_PROMPTING,ALPHA-AUTOML,CLASSIFICATION,299_libras_move,deepseek-r1:14b,fewshot+instruction,deepseek-r1:14b,zeroshot_judging,Clarity,3,Good
FLAT_PROMPTING,ALPHA-AUTOML,CLASSIFICATION,299_libras_move,deepseek-r1:14b,fewshot+instruction,deepseek-r1:14b,zeroshot_judging,Completeness,3,Good
FLAT_PROMPTING,ALPHA-AUTOML,CLASSIFICATION,299_libras_move,deepseek-r1:14b,fewshot+instruction,deepseek-r1:14b,zeroshot_judging,Relevance,3,Good
FLAT_PROMPTING,ALPHA-AUTOML,CLASSIFICATION,185_baseball_dataset,llama4,zeroshot,llama4,zeroshot_judging,Accuracy,4,Excellent
FLAT_PROMPTING,ALPHA-AUTOML,CLASSIFICATION,185_baseball_dataset,llama4,zeroshot,llama4,zeroshot_judging,Clarity,3,Good
FLAT_PROMPTING,ALPHA-AUTOML,CLASSIFICATION,185_baseball_dataset,llama4,zeroshot,llama4,zeroshot_judging,Completeness,4,Excellent
FLAT_PROMPTING,ALPHA-AUTOML,CLASSIFICATION,185_baseball_dataset,llama4,zeroshot,llama4,zeroshot_judging,Relevance,4,Excellent
FLAT_PROMPTING,ALPHA-AUTOML,CLASSIFICATION,185_baseball_dataset,llama4,zeroshot,deepseek-r1:14b,zeroshot_judging,Accuracy,3,Good
FLAT_PROMPTING,ALPHA-AUTOML,CLASSIFICATION,185_baseball_dataset,llama4,zeroshot,deepseek-r1:14b,zeroshot_judging,Clarity,4,Excellent
FLAT_PROMPTING,ALPHA-AUTOML,CLASSIFICATION,185_baseball_dataset,llama4,zeroshot,deepseek-r1:14b,zeroshot_judging,Completeness,3,Good
FLAT_PROMPTING,ALPHA-AUTOML,CLASSIFICATION,185_baseball_dataset,llama4,zeroshot,deepseek-r1:14b,zeroshot_judging,Relevance,3,Good
FLAT_PROMPTING,ALPHA-AUTOML,CLASSIFICATION,185_baseball_dataset,llama4,zeroshot_instruction,llama4,zeroshot_judging,Accuracy,3,Good
FLAT_PROMPTING,ALPHA-AUTOML,CLASSIFICATION,185_baseball_dataset,llama4,zeroshot_instruction,llama4,zeroshot_judging,Clarity,3,Good
FLAT_PROMPTING,ALPHA-AUTOML,CLASSIFICATION,185_baseball_dataset,llama4,zeroshot_instruction,llama4,zeroshot_judging,Completeness,2,Average
FLAT_PROMPTING,ALPHA-AUTOML,CLASSIFICATION,185_baseball_dataset,llama4,zeroshot_instruction,llama4,zeroshot_judging,Relevance,3,Good
FLAT_PROMPTING,ALPHA-AUTOML,CLASSIFICATION,185_baseball_dataset,llama4,zeroshot_instruction,deepseek-r1:14b,zeroshot_judging,Accuracy,3,Good
FLAT_PROMPTING,ALPHA-AUTOML,CLASSIFICATION,185_baseball_dataset,llama4,zeroshot_instruction,deepseek-r1:14b,zeroshot_judging,Clarity,4,Excellent
FLAT_PROMPTING,ALPHA-AUTOML,CLASSIFICATION,185_baseball_dataset,llama4,zeroshot_instruction,deepseek-r1:14b,zeroshot_judging,Completeness,3,Good
FLAT_PROMPTING,ALPHA-AUTOML,CLASSIFICATION,185_baseball_dataset,llama4,zeroshot_instruction,deepseek-r1:14b,zeroshot_judging,Relevance,4,Excellent
FLAT_PROMPTING,ALPHA-AUTOML,CLASSIFICATION,185_baseball_dataset,llama4,fewshot,llama4,zeroshot_judging,Accuracy,4,Excellent
FLAT_PROMPTING,ALPHA-AUTOML,CLASSIFICATION,185_baseball_dataset,llama4,fewshot,llama4,zeroshot_judging,Clarity,4,Excellent
FLAT_PROMPTING,ALPHA-AUTOML,CLASSIFICATION,185_baseball_dataset,llama4,fewshot,llama4,zeroshot_judging,Completeness,4,Excellent
FLAT_PROMPTING,ALPHA-AUTOML,CLASSIFICATION,185_baseball_dataset,llama4,fewshot,llama4,zeroshot_judging,Relevance,4,Excellent
FLAT_PROMPTING,ALPHA-AUTOML,CLASSIFICATION,185_baseball_dataset,llama4,fewshot,deepseek-r1:14b,zeroshot_judging,Accuracy,3,Good
FLAT_PROMPTING,ALPHA-AUTOML,CLASSIFICATION,185_baseball_dataset,llama4,fewshot,deepseek-r1:14b,zeroshot_judging,Clarity,4,Excellent
FLAT_PROMPTING,ALPHA-AUTOML,CLASSIFICATION,185_baseball_dataset,llama4,fewshot,deepseek-r1:14b,zeroshot_judging,Completeness,3,Good
FLAT_PROMPTING,ALPHA-AUTOML,CLASSIFICATION,185_baseball_dataset,llama4,fewshot,deepseek-r1:14b,zeroshot_judging,Relevance,4,Excellent
FLAT_PROMPTING,ALPHA-AUTOML,CLASSIFICATION,185_baseball_dataset,llama4,chain_of_thought,llama4,zeroshot_judging,Accuracy,4,Excellent
FLAT_PROMPTING,ALPHA-AUTOML,CLASSIFICATION,185_baseball_dataset,llama4,chain_of_thought,llama4,zeroshot_judging,Clarity,3,Good
FLAT_PROMPTING,ALPHA-AUTOML,CLASSIFICATION,185_baseball_dataset,llama4,chain_of_thought,llama4,zeroshot_judging,Completeness,4,Excellent
FLAT_PROMPTING,ALPHA-AUTOML,CLASSIFICATION,185_baseball_dataset,llama4,chain_of_thought,llama4,zeroshot_judging,Relevance,4,Excellent
FLAT_PROMPTING,ALPHA-AUTOML,CLASSIFICATION,185_baseball_dataset,llama4,chain_of_thought,deepseek-r1:14b,zeroshot_judging,Accuracy,3,Good
FLAT_PROMPTING,ALPHA-AUTOML,CLASSIFICATION,185_baseball_dataset,llama4,chain_of_thought,deepseek-r1:14b,zeroshot_judging,Clarity,4,Excellent
FLAT_PROMPTING,ALPHA-AUTOML,CLASSIFICATION,185_baseball_dataset,llama4,chain_of_thought,deepseek-r1:14b,zeroshot_judging,Completeness,3,Good
FLAT_PROMPTING,ALPHA-AUTOML,CLASSIFICATION,185_baseball_dataset,llama4,chain_of_thought,deepseek-r1:14b,zeroshot_judging,Relevance,4,Excellent
FLAT_PROMPTING,ALPHA-AUTOML,CLASSIFICATION,185_baseball_dataset,llama4,zeroshot_CoT,llama4,zeroshot_judging,Accuracy,4,Excellent
FLAT_PROMPTING,ALPHA-AUTOML,CLASSIFICATION,185_baseball_dataset,llama4,zeroshot_CoT,llama4,zeroshot_judging,Clarity,3,Good
FLAT_PROMPTING,ALPHA-AUTOML,CLASSIFICATION,185_baseball_dataset,llama4,zeroshot_CoT,llama4,zeroshot_judging,Completeness,4,Excellent
FLAT_PROMPTING,ALPHA-AUTOML,CLASSIFICATION,185_baseball_dataset,llama4,zeroshot_CoT,llama4,zeroshot_judging,Relevance,4,Excellent
FLAT_PROMPTING,ALPHA-AUTOML,CLASSIFICATION,185_baseball_dataset,llama4,zeroshot_CoT,deepseek-r1:14b,zeroshot_judging,Accuracy,4,Excellent
FLAT_PROMPTING,ALPHA-AUTOML,CLASSIFICATION,185_baseball_dataset,llama4,zeroshot_CoT,deepseek-r1:14b,zeroshot_judging,Clarity,3,Good
FLAT_PROMPTING,ALPHA-AUTOML,CLASSIFICATION,185_baseball_dataset,llama4,zeroshot_CoT,deepseek-r1:14b,zeroshot_judging,Completeness,4,Excellent
FLAT_PROMPTING,ALPHA-AUTOML,CLASSIFICATION,185_baseball_dataset,llama4,zeroshot_CoT,deepseek-r1:14b,zeroshot_judging,Relevance,4,Excellent
FLAT_PROMPTING,ALPHA-AUTOML,CLASSIFICATION,185_baseball_dataset,llama4,fewshot+instruction,llama4,zeroshot_judging,Accuracy,4,Excellent
FLAT_PROMPTING,ALPHA-AUTOML,CLASSIFICATION,185_baseball_dataset,llama4,fewshot+instruction,llama4,zeroshot_judging,Clarity,3,Good
FLAT_PROMPTING,ALPHA-AUTOML,CLASSIFICATION,185_baseball_dataset,llama4,fewshot+instruction,llama4,zeroshot_judging,Completeness,4,Excellent
FLAT_PROMPTING,ALPHA-AUTOML,CLASSIFICATION,185_baseball_dataset,llama4,fewshot+instruction,llama4,zeroshot_judging,Relevance,4,Excellent
FLAT_PROMPTING,ALPHA-AUTOML,CLASSIFICATION,185_baseball_dataset,llama4,fewshot+instruction,deepseek-r1:14b,zeroshot_judging,Accuracy,4,Excellent
FLAT_PROMPTING,ALPHA-AUTOML,CLASSIFICATION,185_baseball_dataset,llama4,fewshot+instruction,deepseek-r1:14b,zeroshot_judging,Clarity,4,Excellent
FLAT_PROMPTING,ALPHA-AUTOML,CLASSIFICATION,185_baseball_dataset,llama4,fewshot+instruction,deepseek-r1:14b,zeroshot_judging,Completeness,4,Excellent
FLAT_PROMPTING,ALPHA-AUTOML,CLASSIFICATION,185_baseball_dataset,llama4,fewshot+instruction,deepseek-r1:14b,zeroshot_judging,Relevance,4,Excellent
FLAT_PROMPTING,ALPHA-AUTOML,CLASSIFICATION,185_baseball_dataset,deepseek-r1:14b,zeroshot,llama4,zeroshot_judging,Accuracy,4,Excellent
FLAT_PROMPTING,ALPHA-AUTOML,CLASSIFICATION,185_baseball_dataset,deepseek-r1:14b,zeroshot,llama4,zeroshot_judging,Clarity,4,Excellent
FLAT_PROMPTING,ALPHA-AUTOML,CLASSIFICATION,185_baseball_dataset,deepseek-r1:14b,zeroshot,llama4,zeroshot_judging,Completeness,4,Excellent
FLAT_PROMPTING,ALPHA-AUTOML,CLASSIFICATION,185_baseball_dataset,deepseek-r1:14b,zeroshot,llama4,zeroshot_judging,Relevance,4,Excellent
FLAT_PROMPTING,ALPHA-AUTOML,CLASSIFICATION,185_baseball_dataset,deepseek-r1:14b,zeroshot,deepseek-r1:14b,zeroshot_judging,Accuracy,3,Good
FLAT_PROMPTING,ALPHA-AUTOML,CLASSIFICATION,185_baseball_dataset,deepseek-r1:14b,zeroshot,deepseek-r1:14b,zeroshot_judging,Clarity,4,Excellent
FLAT_PROMPTING,ALPHA-AUTOML,CLASSIFICATION,185_baseball_dataset,deepseek-r1:14b,zeroshot,deepseek-r1:14b,zeroshot_judging,Completeness,3,Good
FLAT_PROMPTING,ALPHA-AUTOML,CLASSIFICATION,185_baseball_dataset,deepseek-r1:14b,zeroshot,deepseek-r1:14b,zeroshot_judging,Relevance,4,Excellent
FLAT_PROMPTING,ALPHA-AUTOML,CLASSIFICATION,185_baseball_dataset,deepseek-r1:14b,zeroshot_instruction,llama4,zeroshot_judging,Accuracy,4,Excellent
FLAT_PROMPTING,ALPHA-AUTOML,CLASSIFICATION,185_baseball_dataset,deepseek-r1:14b,zeroshot_instruction,llama4,zeroshot_judging,Clarity,4,Excellent
FLAT_PROMPTING,ALPHA-AUTOML,CLASSIFICATION,185_baseball_dataset,deepseek-r1:14b,zeroshot_instruction,llama4,zeroshot_judging,Completeness,4,Excellent
FLAT_PROMPTING,ALPHA-AUTOML,CLASSIFICATION,185_baseball_dataset,deepseek-r1:14b,zeroshot_instruction,llama4,zeroshot_judging,Relevance,4,Excellent
FLAT_PROMPTING,ALPHA-AUTOML,CLASSIFICATION,185_baseball_dataset,deepseek-r1:14b,zeroshot_instruction,deepseek-r1:14b,zeroshot_judging,Accuracy,3,Good
FLAT_PROMPTING,ALPHA-AUTOML,CLASSIFICATION,185_baseball_dataset,deepseek-r1:14b,zeroshot_instruction,deepseek-r1:14b,zeroshot_judging,Clarity,4,Excellent
FLAT_PROMPTING,ALPHA-AUTOML,CLASSIFICATION,185_baseball_dataset,deepseek-r1:14b,zeroshot_instruction,deepseek-r1:14b,zeroshot_judging,Completeness,3,Good
FLAT_PROMPTING,ALPHA-AUTOML,CLASSIFICATION,185_baseball_dataset,deepseek-r1:14b,zeroshot_instruction,deepseek-r1:14b,zeroshot_judging,Relevance,4,Excellent
FLAT_PROMPTING,ALPHA-AUTOML,CLASSIFICATION,185_baseball_dataset,deepseek-r1:14b,fewshot,llama4,zeroshot_judging,Accuracy,4,Excellent
FLAT_PROMPTING,ALPHA-AUTOML,CLASSIFICATION,185_baseball_dataset,deepseek-r1:14b,fewshot,llama4,zeroshot_judging,Clarity,4,Excellent
FLAT_PROMPTING,ALPHA-AUTOML,CLASSIFICATION,185_baseball_dataset,deepseek-r1:14b,fewshot,llama4,zeroshot_judging,Completeness,3,Good
FLAT_PROMPTING,ALPHA-AUTOML,CLASSIFICATION,185_baseball_dataset,deepseek-r1:14b,fewshot,llama4,zeroshot_judging,Relevance,4,Excellent
FLAT_PROMPTING,ALPHA-AUTOML,CLASSIFICATION,185_baseball_dataset,deepseek-r1:14b,fewshot,deepseek-r1:14b,zeroshot_judging,Accuracy,2,Average
FLAT_PROMPTING,ALPHA-AUTOML,CLASSIFICATION,185_baseball_dataset,deepseek-r1:14b,fewshot,deepseek-r1:14b,zeroshot_judging,Clarity,4,Excellent
FLAT_PROMPTING,ALPHA-AUTOML,CLASSIFICATION,185_baseball_dataset,deepseek-r1:14b,fewshot,deepseek-r1:14b,zeroshot_judging,Completeness,3,Good
FLAT_PROMPTING,ALPHA-AUTOML,CLASSIFICATION,185_baseball_dataset,deepseek-r1:14b,fewshot,deepseek-r1:14b,zeroshot_judging,Relevance,4,Excellent
FLAT_PROMPTING,ALPHA-AUTOML,CLASSIFICATION,185_baseball_dataset,deepseek-r1:14b,chain_of_thought,llama4,zeroshot_judging,Accuracy,4,Excellent
FLAT_PROMPTING,ALPHA-AUTOML,CLASSIFICATION,185_baseball_dataset,deepseek-r1:14b,chain_of_thought,llama4,zeroshot_judging,Clarity,4,Excellent
FLAT_PROMPTING,ALPHA-AUTOML,CLASSIFICATION,185_baseball_dataset,deepseek-r1:14b,chain_of_thought,llama4,zeroshot_judging,Completeness,4,Excellent
FLAT_PROMPTING,ALPHA-AUTOML,CLASSIFICATION,185_baseball_dataset,deepseek-r1:14b,chain_of_thought,llama4,zeroshot_judging,Relevance,4,Excellent
FLAT_PROMPTING,ALPHA-AUTOML,CLASSIFICATION,185_baseball_dataset,deepseek-r1:14b,chain_of_thought,deepseek-r1:14b,zeroshot_judging,Accuracy,3,Good
FLAT_PROMPTING,ALPHA-AUTOML,CLASSIFICATION,185_baseball_dataset,deepseek-r1:14b,chain_of_thought,deepseek-r1:14b,zeroshot_judging,Clarity,4,Excellent
FLAT_PROMPTING,ALPHA-AUTOML,CLASSIFICATION,185_baseball_dataset,deepseek-r1:14b,chain_of_thought,deepseek-r1:14b,zeroshot_judging,Completeness,3,Good
FLAT_PROMPTING,ALPHA-AUTOML,CLASSIFICATION,185_baseball_dataset,deepseek-r1:14b,chain_of_thought,deepseek-r1:14b,zeroshot_judging,Relevance,4,Excellent
FLAT_PROMPTING,ALPHA-AUTOML,CLASSIFICATION,185_baseball_dataset,deepseek-r1:14b,zeroshot_CoT,llama4,zeroshot_judging,Accuracy,4,Excellent
FLAT_PROMPTING,ALPHA-AUTOML,CLASSIFICATION,185_baseball_dataset,deepseek-r1:14b,zeroshot_CoT,llama4,zeroshot_judging,Clarity,4,Excellent
FLAT_PROMPTING,ALPHA-AUTOML,CLASSIFICATION,185_baseball_dataset,deepseek-r1:14b,zeroshot_CoT,llama4,zeroshot_judging,Completeness,4,Excellent
FLAT_PROMPTING,ALPHA-AUTOML,CLASSIFICATION,185_baseball_dataset,deepseek-r1:14b,zeroshot_CoT,llama4,zeroshot_judging,Relevance,4,Excellent
FLAT_PROMPTING,ALPHA-AUTOML,CLASSIFICATION,185_baseball_dataset,deepseek-r1:14b,zeroshot_CoT,deepseek-r1:14b,zeroshot_judging,Accuracy,4,Excellent
FLAT_PROMPTING,ALPHA-AUTOML,CLASSIFICATION,185_baseball_dataset,deepseek-r1:14b,zeroshot_CoT,deepseek-r1:14b,zeroshot_judging,Clarity,4,Excellent
FLAT_PROMPTING,ALPHA-AUTOML,CLASSIFICATION,185_baseball_dataset,deepseek-r1:14b,zeroshot_CoT,deepseek-r1:14b,zeroshot_judging,Completeness,4,Excellent
FLAT_PROMPTING,ALPHA-AUTOML,CLASSIFICATION,185_baseball_dataset,deepseek-r1:14b,zeroshot_CoT,deepseek-r1:14b,zeroshot_judging,Relevance,4,Excellent
FLAT_PROMPTING,ALPHA-AUTOML,CLASSIFICATION,185_baseball_dataset,deepseek-r1:14b,fewshot+instruction,llama4,zeroshot_judging,Accuracy,4,Excellent
FLAT_PROMPTING,ALPHA-AUTOML,CLASSIFICATION,185_baseball_dataset,deepseek-r1:14b,fewshot+instruction,llama4,zeroshot_judging,Clarity,4,Excellent
FLAT_PROMPTING,ALPHA-AUTOML,CLASSIFICATION,185_baseball_dataset,deepseek-r1:14b,fewshot+instruction,llama4,zeroshot_judging,Completeness,3,Good
FLAT_PROMPTING,ALPHA-AUTOML,CLASSIFICATION,185_baseball_dataset,deepseek-r1:14b,fewshot+instruction,llama4,zeroshot_judging,Relevance,4,Excellent
FLAT_PROMPTING,ALPHA-AUTOML,CLASSIFICATION,185_baseball_dataset,deepseek-r1:14b,fewshot+instruction,deepseek-r1:14b,zeroshot_judging,Accuracy,3,Good
FLAT_PROMPTING,ALPHA-AUTOML,CLASSIFICATION,185_baseball_dataset,deepseek-r1:14b,fewshot+instruction,deepseek-r1:14b,zeroshot_judging,Clarity,4,Excellent
FLAT_PROMPTING,ALPHA-AUTOML,CLASSIFICATION,185_baseball_dataset,deepseek-r1:14b,fewshot+instruction,deepseek-r1:14b,zeroshot_judging,Completeness,4,Excellent
FLAT_PROMPTING,ALPHA-AUTOML,CLASSIFICATION,185_baseball_dataset,deepseek-r1:14b,fewshot+instruction,deepseek-r1:14b,zeroshot_judging,Relevance,4,Excellent
FLAT_PROMPTING,ALPHA-AUTOML,CLASSIFICATION,1491_one_hundred_plants,llama4,zeroshot,llama4,zeroshot_judging,Accuracy,4,Excellent
FLAT_PROMPTING,ALPHA-AUTOML,CLASSIFICATION,1491_one_hundred_plants,llama4,zeroshot,llama4,zeroshot_judging,Clarity,4,Excellent
FLAT_PROMPTING,ALPHA-AUTOML,CLASSIFICATION,1491_one_hundred_plants,llama4,zeroshot,llama4,zeroshot_judging,Completeness,4,Excellent
FLAT_PROMPTING,ALPHA-AUTOML,CLASSIFICATION,1491_one_hundred_plants,llama4,zeroshot,llama4,zeroshot_judging,Relevance,4,Excellent
FLAT_PROMPTING,ALPHA-AUTOML,CLASSIFICATION,1491_one_hundred_plants,llama4,zeroshot,deepseek-r1:14b,zeroshot_judging,Accuracy,3,Good
FLAT_PROMPTING,ALPHA-AUTOML,CLASSIFICATION,1491_one_hundred_plants,llama4,zeroshot,deepseek-r1:14b,zeroshot_judging,Clarity,4,Excellent
FLAT_PROMPTING,ALPHA-AUTOML,CLASSIFICATION,1491_one_hundred_plants,llama4,zeroshot,deepseek-r1:14b,zeroshot_judging,Completeness,3,Good
FLAT_PROMPTING,ALPHA-AUTOML,CLASSIFICATION,1491_one_hundred_plants,llama4,zeroshot,deepseek-r1:14b,zeroshot_judging,Relevance,4,Excellent
FLAT_PROMPTING,ALPHA-AUTOML,CLASSIFICATION,1491_one_hundred_plants,llama4,zeroshot_instruction,llama4,zeroshot_judging,Accuracy,3,Good
FLAT_PROMPTING,ALPHA-AUTOML,CLASSIFICATION,1491_one_hundred_plants,llama4,zeroshot_instruction,llama4,zeroshot_judging,Clarity,4,Excellent
FLAT_PROMPTING,ALPHA-AUTOML,CLASSIFICATION,1491_one_hundred_plants,llama4,zeroshot_instruction,llama4,zeroshot_judging,Completeness,3,Good
FLAT_PROMPTING,ALPHA-AUTOML,CLASSIFICATION,1491_one_hundred_plants,llama4,zeroshot_instruction,llama4,zeroshot_judging,Relevance,4,Excellent
FLAT_PROMPTING,ALPHA-AUTOML,CLASSIFICATION,1491_one_hundred_plants,llama4,zeroshot_instruction,deepseek-r1:14b,zeroshot_judging,Accuracy,3,Good
FLAT_PROMPTING,ALPHA-AUTOML,CLASSIFICATION,1491_one_hundred_plants,llama4,zeroshot_instruction,deepseek-r1:14b,zeroshot_judging,Clarity,4,Excellent
FLAT_PROMPTING,ALPHA-AUTOML,CLASSIFICATION,1491_one_hundred_plants,llama4,zeroshot_instruction,deepseek-r1:14b,zeroshot_judging,Completeness,4,Excellent
FLAT_PROMPTING,ALPHA-AUTOML,CLASSIFICATION,1491_one_hundred_plants,llama4,zeroshot_instruction,deepseek-r1:14b,zeroshot_judging,Relevance,4,Excellent
FLAT_PROMPTING,ALPHA-AUTOML,CLASSIFICATION,1491_one_hundred_plants,llama4,fewshot,llama4,zeroshot_judging,Accuracy,4,Excellent
FLAT_PROMPTING,ALPHA-AUTOML,CLASSIFICATION,1491_one_hundred_plants,llama4,fewshot,llama4,zeroshot_judging,Clarity,4,Excellent
FLAT_PROMPTING,ALPHA-AUTOML,CLASSIFICATION,1491_one_hundred_plants,llama4,fewshot,llama4,zeroshot_judging,Completeness,4,Excellent
FLAT_PROMPTING,ALPHA-AUTOML,CLASSIFICATION,1491_one_hundred_plants,llama4,fewshot,llama4,zeroshot_judging,Relevance,4,Excellent
FLAT_PROMPTING,ALPHA-AUTOML,CLASSIFICATION,1491_one_hundred_plants,llama4,fewshot,deepseek-r1:14b,zeroshot_judging,Accuracy,4,Excellent
FLAT_PROMPTING,ALPHA-AUTOML,CLASSIFICATION,1491_one_hundred_plants,llama4,fewshot,deepseek-r1:14b,zeroshot_judging,Clarity,3,Good
FLAT_PROMPTING,ALPHA-AUTOML,CLASSIFICATION,1491_one_hundred_plants,llama4,fewshot,deepseek-r1:14b,zeroshot_judging,Completeness,2,Average
FLAT_PROMPTING,ALPHA-AUTOML,CLASSIFICATION,1491_one_hundred_plants,llama4,fewshot,deepseek-r1:14b,zeroshot_judging,Relevance,4,Excellent
FLAT_PROMPTING,ALPHA-AUTOML,CLASSIFICATION,1491_one_hundred_plants,llama4,chain_of_thought,llama4,zeroshot_judging,Accuracy,4,Excellent
FLAT_PROMPTING,ALPHA-AUTOML,CLASSIFICATION,1491_one_hundred_plants,llama4,chain_of_thought,llama4,zeroshot_judging,Clarity,4,Excellent
FLAT_PROMPTING,ALPHA-AUTOML,CLASSIFICATION,1491_one_hundred_plants,llama4,chain_of_thought,llama4,zeroshot_judging,Completeness,4,Excellent
FLAT_PROMPTING,ALPHA-AUTOML,CLASSIFICATION,1491_one_hundred_plants,llama4,chain_of_thought,llama4,zeroshot_judging,Relevance,4,Excellent
FLAT_PROMPTING,ALPHA-AUTOML,CLASSIFICATION,1491_one_hundred_plants,llama4,chain_of_thought,deepseek-r1:14b,zeroshot_judging,Accuracy,3,Good
FLAT_PROMPTING,ALPHA-AUTOML,CLASSIFICATION,1491_one_hundred_plants,llama4,chain_of_thought,deepseek-r1:14b,zeroshot_judging,Clarity,4,Excellent
FLAT_PROMPTING,ALPHA-AUTOML,CLASSIFICATION,1491_one_hundred_plants,llama4,chain_of_thought,deepseek-r1:14b,zeroshot_judging,Completeness,3,Good
FLAT_PROMPTING,ALPHA-AUTOML,CLASSIFICATION,1491_one_hundred_plants,llama4,chain_of_thought,deepseek-r1:14b,zeroshot_judging,Relevance,4,Excellent
FLAT_PROMPTING,ALPHA-AUTOML,CLASSIFICATION,1491_one_hundred_plants,llama4,zeroshot_CoT,llama4,zeroshot_judging,Accuracy,4,Excellent
FLAT_PROMPTING,ALPHA-AUTOML,CLASSIFICATION,1491_one_hundred_plants,llama4,zeroshot_CoT,llama4,zeroshot_judging,Clarity,4,Excellent
FLAT_PROMPTING,ALPHA-AUTOML,CLASSIFICATION,1491_one_hundred_plants,llama4,zeroshot_CoT,llama4,zeroshot_judging,Completeness,4,Excellent
FLAT_PROMPTING,ALPHA-AUTOML,CLASSIFICATION,1491_one_hundred_plants,llama4,zeroshot_CoT,llama4,zeroshot_judging,Relevance,4,Excellent
FLAT_PROMPTING,ALPHA-AUTOML,CLASSIFICATION,1491_one_hundred_plants,llama4,zeroshot_CoT,deepseek-r1:14b,zeroshot_judging,Accuracy,1,Poor
FLAT_PROMPTING,ALPHA-AUTOML,CLASSIFICATION,1491_one_hundred_plants,llama4,zeroshot_CoT,deepseek-r1:14b,zeroshot_judging,Clarity,1,Poor
FLAT_PROMPTING,ALPHA-AUTOML,CLASSIFICATION,1491_one_hundred_plants,llama4,zeroshot_CoT,deepseek-r1:14b,zeroshot_judging,Completeness,1,Poor
FLAT_PROMPTING,ALPHA-AUTOML,CLASSIFICATION,1491_one_hundred_plants,llama4,zeroshot_CoT,deepseek-r1:14b,zeroshot_judging,Relevance,1,Poor
FLAT_PROMPTING,ALPHA-AUTOML,CLASSIFICATION,1491_one_hundred_plants,llama4,fewshot+instruction,llama4,zeroshot_judging,Accuracy,4,Excellent
FLAT_PROMPTING,ALPHA-AUTOML,CLASSIFICATION,1491_one_hundred_plants,llama4,fewshot+instruction,llama4,zeroshot_judging,Clarity,3,Good
FLAT_PROMPTING,ALPHA-AUTOML,CLASSIFICATION,1491_one_hundred_plants,llama4,fewshot+instruction,llama4,zeroshot_judging,Completeness,4,Excellent
FLAT_PROMPTING,ALPHA-AUTOML,CLASSIFICATION,1491_one_hundred_plants,llama4,fewshot+instruction,llama4,zeroshot_judging,Relevance,4,Excellent
FLAT_PROMPTING,ALPHA-AUTOML,CLASSIFICATION,1491_one_hundred_plants,llama4,fewshot+instruction,deepseek-r1:14b,zeroshot_judging,Accuracy,3,Good
FLAT_PROMPTING,ALPHA-AUTOML,CLASSIFICATION,1491_one_hundred_plants,llama4,fewshot+instruction,deepseek-r1:14b,zeroshot_judging,Clarity,4,Excellent
FLAT_PROMPTING,ALPHA-AUTOML,CLASSIFICATION,1491_one_hundred_plants,llama4,fewshot+instruction,deepseek-r1:14b,zeroshot_judging,Completeness,3,Good
FLAT_PROMPTING,ALPHA-AUTOML,CLASSIFICATION,1491_one_hundred_plants,llama4,fewshot+instruction,deepseek-r1:14b,zeroshot_judging,Relevance,4,Excellent
FLAT_PROMPTING,ALPHA-AUTOML,CLASSIFICATION,1491_one_hundred_plants,deepseek-r1:14b,zeroshot,llama4,zeroshot_judging,Accuracy,4,Excellent
FLAT_PROMPTING,ALPHA-AUTOML,CLASSIFICATION,1491_one_hundred_plants,deepseek-r1:14b,zeroshot,llama4,zeroshot_judging,Clarity,4,Excellent
FLAT_PROMPTING,ALPHA-AUTOML,CLASSIFICATION,1491_one_hundred_plants,deepseek-r1:14b,zeroshot,llama4,zeroshot_judging,Completeness,3,Good
FLAT_PROMPTING,ALPHA-AUTOML,CLASSIFICATION,1491_one_hundred_plants,deepseek-r1:14b,zeroshot,llama4,zeroshot_judging,Relevance,4,Excellent
FLAT_PROMPTING,ALPHA-AUTOML,CLASSIFICATION,1491_one_hundred_plants,deepseek-r1:14b,zeroshot,deepseek-r1:14b,zeroshot_judging,Accuracy,3,Good
FLAT_PROMPTING,ALPHA-AUTOML,CLASSIFICATION,1491_one_hundred_plants,deepseek-r1:14b,zeroshot,deepseek-r1:14b,zeroshot_judging,Clarity,3,Good
FLAT_PROMPTING,ALPHA-AUTOML,CLASSIFICATION,1491_one_hundred_plants,deepseek-r1:14b,zeroshot,deepseek-r1:14b,zeroshot_judging,Completeness,2,Average
FLAT_PROMPTING,ALPHA-AUTOML,CLASSIFICATION,1491_one_hundred_plants,deepseek-r1:14b,zeroshot,deepseek-r1:14b,zeroshot_judging,Relevance,4,Excellent
FLAT_PROMPTING,ALPHA-AUTOML,CLASSIFICATION,1491_one_hundred_plants,deepseek-r1:14b,zeroshot_instruction,llama4,zeroshot_judging,Accuracy,4,Excellent
FLAT_PROMPTING,ALPHA-AUTOML,CLASSIFICATION,1491_one_hundred_plants,deepseek-r1:14b,zeroshot_instruction,llama4,zeroshot_judging,Clarity,4,Excellent
FLAT_PROMPTING,ALPHA-AUTOML,CLASSIFICATION,1491_one_hundred_plants,deepseek-r1:14b,zeroshot_instruction,llama4,zeroshot_judging,Completeness,4,Excellent
FLAT_PROMPTING,ALPHA-AUTOML,CLASSIFICATION,1491_one_hundred_plants,deepseek-r1:14b,zeroshot_instruction,llama4,zeroshot_judging,Relevance,4,Excellent
FLAT_PROMPTING,ALPHA-AUTOML,CLASSIFICATION,1491_one_hundred_plants,deepseek-r1:14b,zeroshot_instruction,deepseek-r1:14b,zeroshot_judging,Accuracy,2,Average
FLAT_PROMPTING,ALPHA-AUTOML,CLASSIFICATION,1491_one_hundred_plants,deepseek-r1:14b,zeroshot_instruction,deepseek-r1:14b,zeroshot_judging,Clarity,3,Good
FLAT_PROMPTING,ALPHA-AUTOML,CLASSIFICATION,1491_one_hundred_plants,deepseek-r1:14b,zeroshot_instruction,deepseek-r1:14b,zeroshot_judging,Completeness,4,Excellent
FLAT_PROMPTING,ALPHA-AUTOML,CLASSIFICATION,1491_one_hundred_plants,deepseek-r1:14b,zeroshot_instruction,deepseek-r1:14b,zeroshot_judging,Relevance,4,Excellent
FLAT_PROMPTING,ALPHA-AUTOML,CLASSIFICATION,1491_one_hundred_plants,deepseek-r1:14b,fewshot,llama4,zeroshot_judging,Accuracy,4,Excellent
FLAT_PROMPTING,ALPHA-AUTOML,CLASSIFICATION,1491_one_hundred_plants,deepseek-r1:14b,fewshot,llama4,zeroshot_judging,Clarity,4,Excellent
FLAT_PROMPTING,ALPHA-AUTOML,CLASSIFICATION,1491_one_hundred_plants,deepseek-r1:14b,fewshot,llama4,zeroshot_judging,Completeness,4,Excellent
FLAT_PROMPTING,ALPHA-AUTOML,CLASSIFICATION,1491_one_hundred_plants,deepseek-r1:14b,fewshot,llama4,zeroshot_judging,Relevance,4,Excellent
FLAT_PROMPTING,ALPHA-AUTOML,CLASSIFICATION,1491_one_hundred_plants,deepseek-r1:14b,fewshot,deepseek-r1:14b,zeroshot_judging,Accuracy,3,Good
FLAT_PROMPTING,ALPHA-AUTOML,CLASSIFICATION,1491_one_hundred_plants,deepseek-r1:14b,fewshot,deepseek-r1:14b,zeroshot_judging,Clarity,4,Excellent
FLAT_PROMPTING,ALPHA-AUTOML,CLASSIFICATION,1491_one_hundred_plants,deepseek-r1:14b,fewshot,deepseek-r1:14b,zeroshot_judging,Completeness,3,Good
FLAT_PROMPTING,ALPHA-AUTOML,CLASSIFICATION,1491_one_hundred_plants,deepseek-r1:14b,fewshot,deepseek-r1:14b,zeroshot_judging,Relevance,4,Excellent
FLAT_PROMPTING,ALPHA-AUTOML,CLASSIFICATION,1491_one_hundred_plants,deepseek-r1:14b,chain_of_thought,llama4,zeroshot_judging,Accuracy,4,Excellent
FLAT_PROMPTING,ALPHA-AUTOML,CLASSIFICATION,1491_one_hundred_plants,deepseek-r1:14b,chain_of_thought,llama4,zeroshot_judging,Clarity,4,Excellent
FLAT_PROMPTING,ALPHA-AUTOML,CLASSIFICATION,1491_one_hundred_plants,deepseek-r1:14b,chain_of_thought,llama4,zeroshot_judging,Completeness,3,Good
FLAT_PROMPTING,ALPHA-AUTOML,CLASSIFICATION,1491_one_hundred_plants,deepseek-r1:14b,chain_of_thought,llama4,zeroshot_judging,Relevance,4,Excellent
FLAT_PROMPTING,ALPHA-AUTOML,CLASSIFICATION,1491_one_hundred_plants,deepseek-r1:14b,chain_of_thought,deepseek-r1:14b,zeroshot_judging,Accuracy,3,Good
FLAT_PROMPTING,ALPHA-AUTOML,CLASSIFICATION,1491_one_hundred_plants,deepseek-r1:14b,chain_of_thought,deepseek-r1:14b,zeroshot_judging,Clarity,4,Excellent
FLAT_PROMPTING,ALPHA-AUTOML,CLASSIFICATION,1491_one_hundred_plants,deepseek-r1:14b,chain_of_thought,deepseek-r1:14b,zeroshot_judging,Completeness,4,Excellent
FLAT_PROMPTING,ALPHA-AUTOML,CLASSIFICATION,1491_one_hundred_plants,deepseek-r1:14b,chain_of_thought,deepseek-r1:14b,zeroshot_judging,Relevance,4,Excellent
FLAT_PROMPTING,ALPHA-AUTOML,CLASSIFICATION,1491_one_hundred_plants,deepseek-r1:14b,zeroshot_CoT,llama4,zeroshot_judging,Accuracy,4,Excellent
FLAT_PROMPTING,ALPHA-AUTOML,CLASSIFICATION,1491_one_hundred_plants,deepseek-r1:14b,zeroshot_CoT,llama4,zeroshot_judging,Clarity,4,Excellent
FLAT_PROMPTING,ALPHA-AUTOML,CLASSIFICATION,1491_one_hundred_plants,deepseek-r1:14b,zeroshot_CoT,llama4,zeroshot_judging,Completeness,4,Excellent
FLAT_PROMPTING,ALPHA-AUTOML,CLASSIFICATION,1491_one_hundred_plants,deepseek-r1:14b,zeroshot_CoT,llama4,zeroshot_judging,Relevance,4,Excellent
FLAT_PROMPTING,ALPHA-AUTOML,CLASSIFICATION,1491_one_hundred_plants,deepseek-r1:14b,zeroshot_CoT,deepseek-r1:14b,zeroshot_judging,Accuracy,2,Average
FLAT_PROMPTING,ALPHA-AUTOML,CLASSIFICATION,1491_one_hundred_plants,deepseek-r1:14b,zeroshot_CoT,deepseek-r1:14b,zeroshot_judging,Clarity,4,Excellent
FLAT_PROMPTING,ALPHA-AUTOML,CLASSIFICATION,1491_one_hundred_plants,deepseek-r1:14b,zeroshot_CoT,deepseek-r1:14b,zeroshot_judging,Completeness,3,Good
FLAT_PROMPTING,ALPHA-AUTOML,CLASSIFICATION,1491_one_hundred_plants,deepseek-r1:14b,zeroshot_CoT,deepseek-r1:14b,zeroshot_judging,Relevance,4,Excellent
FLAT_PROMPTING,ALPHA-AUTOML,CLASSIFICATION,1491_one_hundred_plants,deepseek-r1:14b,fewshot+instruction,llama4,zeroshot_judging,Accuracy,4,Excellent
FLAT_PROMPTING,ALPHA-AUTOML,CLASSIFICATION,1491_one_hundred_plants,deepseek-r1:14b,fewshot+instruction,llama4,zeroshot_judging,Clarity,4,Excellent
FLAT_PROMPTING,ALPHA-AUTOML,CLASSIFICATION,1491_one_hundred_plants,deepseek-r1:14b,fewshot+instruction,llama4,zeroshot_judging,Completeness,4,Excellent
FLAT_PROMPTING,ALPHA-AUTOML,CLASSIFICATION,1491_one_hundred_plants,deepseek-r1:14b,fewshot+instruction,llama4,zeroshot_judging,Relevance,4,Excellent
FLAT_PROMPTING,ALPHA-AUTOML,CLASSIFICATION,1491_one_hundred_plants,deepseek-r1:14b,fewshot+instruction,deepseek-r1:14b,zeroshot_judging,Accuracy,2,Average
FLAT_PROMPTING,ALPHA-AUTOML,CLASSIFICATION,1491_one_hundred_plants,deepseek-r1:14b,fewshot+instruction,deepseek-r1:14b,zeroshot_judging,Clarity,4,Excellent
FLAT_PROMPTING,ALPHA-AUTOML,CLASSIFICATION,1491_one_hundred_plants,deepseek-r1:14b,fewshot+instruction,deepseek-r1:14b,zeroshot_judging,Completeness,3,Good
FLAT_PROMPTING,ALPHA-AUTOML,CLASSIFICATION,1491_one_hundred_plants,deepseek-r1:14b,fewshot+instruction,deepseek-r1:14b,zeroshot_judging,Relevance,4,Excellent
FLAT_PROMPTING,ALPHA-AUTOML,CLASSIFICATION,1567_poker_hand,llama4,zeroshot,llama4,zeroshot_judging,Accuracy,4,Excellent
FLAT_PROMPTING,ALPHA-AUTOML,CLASSIFICATION,1567_poker_hand,llama4,zeroshot,llama4,zeroshot_judging,Clarity,4,Excellent
FLAT_PROMPTING,ALPHA-AUTOML,CLASSIFICATION,1567_poker_hand,llama4,zeroshot,llama4,zeroshot_judging,Completeness,4,Excellent
FLAT_PROMPTING,ALPHA-AUTOML,CLASSIFICATION,1567_poker_hand,llama4,zeroshot,llama4,zeroshot_judging,Relevance,4,Excellent
FLAT_PROMPTING,ALPHA-AUTOML,CLASSIFICATION,1567_poker_hand,llama4,zeroshot,deepseek-r1:14b,zeroshot_judging,Accuracy,3,Good
FLAT_PROMPTING,ALPHA-AUTOML,CLASSIFICATION,1567_poker_hand,llama4,zeroshot,deepseek-r1:14b,zeroshot_judging,Clarity,4,Excellent
FLAT_PROMPTING,ALPHA-AUTOML,CLASSIFICATION,1567_poker_hand,llama4,zeroshot,deepseek-r1:14b,zeroshot_judging,Completeness,3,Good
FLAT_PROMPTING,ALPHA-AUTOML,CLASSIFICATION,1567_poker_hand,llama4,zeroshot,deepseek-r1:14b,zeroshot_judging,Relevance,2,Average
FLAT_PROMPTING,ALPHA-AUTOML,CLASSIFICATION,1567_poker_hand,llama4,zeroshot_instruction,llama4,zeroshot_judging,Accuracy,4,Excellent
FLAT_PROMPTING,ALPHA-AUTOML,CLASSIFICATION,1567_poker_hand,llama4,zeroshot_instruction,llama4,zeroshot_judging,Clarity,4,Excellent
FLAT_PROMPTING,ALPHA-AUTOML,CLASSIFICATION,1567_poker_hand,llama4,zeroshot_instruction,llama4,zeroshot_judging,Completeness,4,Excellent
FLAT_PROMPTING,ALPHA-AUTOML,CLASSIFICATION,1567_poker_hand,llama4,zeroshot_instruction,llama4,zeroshot_judging,Relevance,4,Excellent
FLAT_PROMPTING,ALPHA-AUTOML,CLASSIFICATION,1567_poker_hand,llama4,zeroshot_instruction,deepseek-r1:14b,zeroshot_judging,Accuracy,3,Good
FLAT_PROMPTING,ALPHA-AUTOML,CLASSIFICATION,1567_poker_hand,llama4,zeroshot_instruction,deepseek-r1:14b,zeroshot_judging,Clarity,4,Excellent
FLAT_PROMPTING,ALPHA-AUTOML,CLASSIFICATION,1567_poker_hand,llama4,zeroshot_instruction,deepseek-r1:14b,zeroshot_judging,Completeness,4,Excellent
FLAT_PROMPTING,ALPHA-AUTOML,CLASSIFICATION,1567_poker_hand,llama4,zeroshot_instruction,deepseek-r1:14b,zeroshot_judging,Relevance,4,Excellent
FLAT_PROMPTING,ALPHA-AUTOML,CLASSIFICATION,1567_poker_hand,llama4,fewshot,llama4,zeroshot_judging,Accuracy,4,Excellent
FLAT_PROMPTING,ALPHA-AUTOML,CLASSIFICATION,1567_poker_hand,llama4,fewshot,llama4,zeroshot_judging,Clarity,4,Excellent
FLAT_PROMPTING,ALPHA-AUTOML,CLASSIFICATION,1567_poker_hand,llama4,fewshot,llama4,zeroshot_judging,Completeness,4,Excellent
FLAT_PROMPTING,ALPHA-AUTOML,CLASSIFICATION,1567_poker_hand,llama4,fewshot,llama4,zeroshot_judging,Relevance,4,Excellent
FLAT_PROMPTING,ALPHA-AUTOML,CLASSIFICATION,1567_poker_hand,llama4,fewshot,deepseek-r1:14b,zeroshot_judging,Accuracy,4,Excellent
FLAT_PROMPTING,ALPHA-AUTOML,CLASSIFICATION,1567_poker_hand,llama4,fewshot,deepseek-r1:14b,zeroshot_judging,Clarity,3,Good
FLAT_PROMPTING,ALPHA-AUTOML,CLASSIFICATION,1567_poker_hand,llama4,fewshot,deepseek-r1:14b,zeroshot_judging,Completeness,3,Good
FLAT_PROMPTING,ALPHA-AUTOML,CLASSIFICATION,1567_poker_hand,llama4,fewshot,deepseek-r1:14b,zeroshot_judging,Relevance,4,Excellent
FLAT_PROMPTING,ALPHA-AUTOML,CLASSIFICATION,1567_poker_hand,llama4,chain_of_thought,llama4,zeroshot_judging,Accuracy,4,Excellent
FLAT_PROMPTING,ALPHA-AUTOML,CLASSIFICATION,1567_poker_hand,llama4,chain_of_thought,llama4,zeroshot_judging,Clarity,3,Good
FLAT_PROMPTING,ALPHA-AUTOML,CLASSIFICATION,1567_poker_hand,llama4,chain_of_thought,llama4,zeroshot_judging,Completeness,4,Excellent
FLAT_PROMPTING,ALPHA-AUTOML,CLASSIFICATION,1567_poker_hand,llama4,chain_of_thought,llama4,zeroshot_judging,Relevance,4,Excellent
FLAT_PROMPTING,ALPHA-AUTOML,CLASSIFICATION,1567_poker_hand,llama4,chain_of_thought,deepseek-r1:14b,zeroshot_judging,Accuracy,3,Good
FLAT_PROMPTING,ALPHA-AUTOML,CLASSIFICATION,1567_poker_hand,llama4,chain_of_thought,deepseek-r1:14b,zeroshot_judging,Clarity,4,Excellent
FLAT_PROMPTING,ALPHA-AUTOML,CLASSIFICATION,1567_poker_hand,llama4,chain_of_thought,deepseek-r1:14b,zeroshot_judging,Completeness,3,Good
FLAT_PROMPTING,ALPHA-AUTOML,CLASSIFICATION,1567_poker_hand,llama4,chain_of_thought,deepseek-r1:14b,zeroshot_judging,Relevance,4,Excellent
FLAT_PROMPTING,ALPHA-AUTOML,CLASSIFICATION,1567_poker_hand,llama4,zeroshot_CoT,llama4,zeroshot_judging,Accuracy,4,Excellent
FLAT_PROMPTING,ALPHA-AUTOML,CLASSIFICATION,1567_poker_hand,llama4,zeroshot_CoT,llama4,zeroshot_judging,Clarity,4,Excellent
FLAT_PROMPTING,ALPHA-AUTOML,CLASSIFICATION,1567_poker_hand,llama4,zeroshot_CoT,llama4,zeroshot_judging,Completeness,4,Excellent
FLAT_PROMPTING,ALPHA-AUTOML,CLASSIFICATION,1567_poker_hand,llama4,zeroshot_CoT,llama4,zeroshot_judging,Relevance,4,Excellent
FLAT_PROMPTING,ALPHA-AUTOML,CLASSIFICATION,1567_poker_hand,llama4,zeroshot_CoT,deepseek-r1:14b,zeroshot_judging,Accuracy,3,Good
FLAT_PROMPTING,ALPHA-AUTOML,CLASSIFICATION,1567_poker_hand,llama4,zeroshot_CoT,deepseek-r1:14b,zeroshot_judging,Clarity,4,Excellent
FLAT_PROMPTING,ALPHA-AUTOML,CLASSIFICATION,1567_poker_hand,llama4,zeroshot_CoT,deepseek-r1:14b,zeroshot_judging,Completeness,3,Good
FLAT_PROMPTING,ALPHA-AUTOML,CLASSIFICATION,1567_poker_hand,llama4,zeroshot_CoT,deepseek-r1:14b,zeroshot_judging,Relevance,4,Excellent
FLAT_PROMPTING,ALPHA-AUTOML,CLASSIFICATION,1567_poker_hand,llama4,fewshot+instruction,llama4,zeroshot_judging,Accuracy,4,Excellent
FLAT_PROMPTING,ALPHA-AUTOML,CLASSIFICATION,1567_poker_hand,llama4,fewshot+instruction,llama4,zeroshot_judging,Clarity,4,Excellent
FLAT_PROMPTING,ALPHA-AUTOML,CLASSIFICATION,1567_poker_hand,llama4,fewshot+instruction,llama4,zeroshot_judging,Completeness,4,Excellent
FLAT_PROMPTING,ALPHA-AUTOML,CLASSIFICATION,1567_poker_hand,llama4,fewshot+instruction,llama4,zeroshot_judging,Relevance,4,Excellent
FLAT_PROMPTING,ALPHA-AUTOML,CLASSIFICATION,1567_poker_hand,llama4,fewshot+instruction,deepseek-r1:14b,zeroshot_judging,Accuracy,4,Excellent
FLAT_PROMPTING,ALPHA-AUTOML,CLASSIFICATION,1567_poker_hand,llama4,fewshot+instruction,deepseek-r1:14b,zeroshot_judging,Clarity,3,Good
FLAT_PROMPTING,ALPHA-AUTOML,CLASSIFICATION,1567_poker_hand,llama4,fewshot+instruction,deepseek-r1:14b,zeroshot_judging,Completeness,3,Good
FLAT_PROMPTING,ALPHA-AUTOML,CLASSIFICATION,1567_poker_hand,llama4,fewshot+instruction,deepseek-r1:14b,zeroshot_judging,Relevance,4,Excellent
FLAT_PROMPTING,ALPHA-AUTOML,CLASSIFICATION,1567_poker_hand,deepseek-r1:14b,zeroshot,llama4,zeroshot_judging,Accuracy,4,Excellent
FLAT_PROMPTING,ALPHA-AUTOML,CLASSIFICATION,1567_poker_hand,deepseek-r1:14b,zeroshot,llama4,zeroshot_judging,Clarity,4,Excellent
FLAT_PROMPTING,ALPHA-AUTOML,CLASSIFICATION,1567_poker_hand,deepseek-r1:14b,zeroshot,llama4,zeroshot_judging,Completeness,4,Excellent
FLAT_PROMPTING,ALPHA-AUTOML,CLASSIFICATION,1567_poker_hand,deepseek-r1:14b,zeroshot,llama4,zeroshot_judging,Relevance,4,Excellent
FLAT_PROMPTING,ALPHA-AUTOML,CLASSIFICATION,1567_poker_hand,deepseek-r1:14b,zeroshot,deepseek-r1:14b,zeroshot_judging,Accuracy,2,Average
FLAT_PROMPTING,ALPHA-AUTOML,CLASSIFICATION,1567_poker_hand,deepseek-r1:14b,zeroshot,deepseek-r1:14b,zeroshot_judging,Clarity,4,Excellent
FLAT_PROMPTING,ALPHA-AUTOML,CLASSIFICATION,1567_poker_hand,deepseek-r1:14b,zeroshot,deepseek-r1:14b,zeroshot_judging,Completeness,2,Average
FLAT_PROMPTING,ALPHA-AUTOML,CLASSIFICATION,1567_poker_hand,deepseek-r1:14b,zeroshot,deepseek-r1:14b,zeroshot_judging,Relevance,4,Excellent
FLAT_PROMPTING,ALPHA-AUTOML,CLASSIFICATION,1567_poker_hand,deepseek-r1:14b,zeroshot_instruction,llama4,zeroshot_judging,Accuracy,4,Excellent
FLAT_PROMPTING,ALPHA-AUTOML,CLASSIFICATION,1567_poker_hand,deepseek-r1:14b,zeroshot_instruction,llama4,zeroshot_judging,Clarity,4,Excellent
FLAT_PROMPTING,ALPHA-AUTOML,CLASSIFICATION,1567_poker_hand,deepseek-r1:14b,zeroshot_instruction,llama4,zeroshot_judging,Completeness,4,Excellent
FLAT_PROMPTING,ALPHA-AUTOML,CLASSIFICATION,1567_poker_hand,deepseek-r1:14b,zeroshot_instruction,llama4,zeroshot_judging,Relevance,4,Excellent
FLAT_PROMPTING,ALPHA-AUTOML,CLASSIFICATION,1567_poker_hand,deepseek-r1:14b,zeroshot_instruction,deepseek-r1:14b,zeroshot_judging,Accuracy,3,Good
FLAT_PROMPTING,ALPHA-AUTOML,CLASSIFICATION,1567_poker_hand,deepseek-r1:14b,zeroshot_instruction,deepseek-r1:14b,zeroshot_judging,Clarity,4,Excellent
FLAT_PROMPTING,ALPHA-AUTOML,CLASSIFICATION,1567_poker_hand,deepseek-r1:14b,zeroshot_instruction,deepseek-r1:14b,zeroshot_judging,Completeness,3,Good
FLAT_PROMPTING,ALPHA-AUTOML,CLASSIFICATION,1567_poker_hand,deepseek-r1:14b,zeroshot_instruction,deepseek-r1:14b,zeroshot_judging,Relevance,4,Excellent
FLAT_PROMPTING,ALPHA-AUTOML,CLASSIFICATION,1567_poker_hand,deepseek-r1:14b,fewshot,llama4,zeroshot_judging,Accuracy,4,Excellent
FLAT_PROMPTING,ALPHA-AUTOML,CLASSIFICATION,1567_poker_hand,deepseek-r1:14b,fewshot,llama4,zeroshot_judging,Clarity,4,Excellent
FLAT_PROMPTING,ALPHA-AUTOML,CLASSIFICATION,1567_poker_hand,deepseek-r1:14b,fewshot,llama4,zeroshot_judging,Completeness,3,Good
FLAT_PROMPTING,ALPHA-AUTOML,CLASSIFICATION,1567_poker_hand,deepseek-r1:14b,fewshot,llama4,zeroshot_judging,Relevance,4,Excellent
FLAT_PROMPTING,ALPHA-AUTOML,CLASSIFICATION,1567_poker_hand,deepseek-r1:14b,fewshot,deepseek-r1:14b,zeroshot_judging,Accuracy,4,Excellent
FLAT_PROMPTING,ALPHA-AUTOML,CLASSIFICATION,1567_poker_hand,deepseek-r1:14b,fewshot,deepseek-r1:14b,zeroshot_judging,Clarity,4,Excellent
FLAT_PROMPTING,ALPHA-AUTOML,CLASSIFICATION,1567_poker_hand,deepseek-r1:14b,fewshot,deepseek-r1:14b,zeroshot_judging,Completeness,3,Good
FLAT_PROMPTING,ALPHA-AUTOML,CLASSIFICATION,1567_poker_hand,deepseek-r1:14b,fewshot,deepseek-r1:14b,zeroshot_judging,Relevance,4,Excellent
FLAT_PROMPTING,ALPHA-AUTOML,CLASSIFICATION,1567_poker_hand,deepseek-r1:14b,chain_of_thought,llama4,zeroshot_judging,Accuracy,4,Excellent
FLAT_PROMPTING,ALPHA-AUTOML,CLASSIFICATION,1567_poker_hand,deepseek-r1:14b,chain_of_thought,llama4,zeroshot_judging,Clarity,4,Excellent
FLAT_PROMPTING,ALPHA-AUTOML,CLASSIFICATION,1567_poker_hand,deepseek-r1:14b,chain_of_thought,llama4,zeroshot_judging,Completeness,4,Excellent
FLAT_PROMPTING,ALPHA-AUTOML,CLASSIFICATION,1567_poker_hand,deepseek-r1:14b,chain_of_thought,llama4,zeroshot_judging,Relevance,4,Excellent
FLAT_PROMPTING,ALPHA-AUTOML,CLASSIFICATION,1567_poker_hand,deepseek-r1:14b,chain_of_thought,deepseek-r1:14b,zeroshot_judging,Accuracy,3,Good
FLAT_PROMPTING,ALPHA-AUTOML,CLASSIFICATION,1567_poker_hand,deepseek-r1:14b,chain_of_thought,deepseek-r1:14b,zeroshot_judging,Clarity,4,Excellent
FLAT_PROMPTING,ALPHA-AUTOML,CLASSIFICATION,1567_poker_hand,deepseek-r1:14b,chain_of_thought,deepseek-r1:14b,zeroshot_judging,Completeness,3,Good
FLAT_PROMPTING,ALPHA-AUTOML,CLASSIFICATION,1567_poker_hand,deepseek-r1:14b,chain_of_thought,deepseek-r1:14b,zeroshot_judging,Relevance,4,Excellent
FLAT_PROMPTING,ALPHA-AUTOML,CLASSIFICATION,1567_poker_hand,deepseek-r1:14b,zeroshot_CoT,llama4,zeroshot_judging,Accuracy,4,Excellent
FLAT_PROMPTING,ALPHA-AUTOML,CLASSIFICATION,1567_poker_hand,deepseek-r1:14b,zeroshot_CoT,llama4,zeroshot_judging,Clarity,4,Excellent
FLAT_PROMPTING,ALPHA-AUTOML,CLASSIFICATION,1567_poker_hand,deepseek-r1:14b,zeroshot_CoT,llama4,zeroshot_judging,Completeness,4,Excellent
FLAT_PROMPTING,ALPHA-AUTOML,CLASSIFICATION,1567_poker_hand,deepseek-r1:14b,zeroshot_CoT,llama4,zeroshot_judging,Relevance,4,Excellent
FLAT_PROMPTING,ALPHA-AUTOML,CLASSIFICATION,1567_poker_hand,deepseek-r1:14b,zeroshot_CoT,deepseek-r1:14b,zeroshot_judging,Accuracy,3,Good
FLAT_PROMPTING,ALPHA-AUTOML,CLASSIFICATION,1567_poker_hand,deepseek-r1:14b,zeroshot_CoT,deepseek-r1:14b,zeroshot_judging,Clarity,4,Excellent
FLAT_PROMPTING,ALPHA-AUTOML,CLASSIFICATION,1567_poker_hand,deepseek-r1:14b,zeroshot_CoT,deepseek-r1:14b,zeroshot_judging,Completeness,4,Excellent
FLAT_PROMPTING,ALPHA-AUTOML,CLASSIFICATION,1567_poker_hand,deepseek-r1:14b,zeroshot_CoT,deepseek-r1:14b,zeroshot_judging,Relevance,4,Excellent
FLAT_PROMPTING,ALPHA-AUTOML,CLASSIFICATION,1567_poker_hand,deepseek-r1:14b,fewshot+instruction,llama4,zeroshot_judging,Accuracy,3,Good
FLAT_PROMPTING,ALPHA-AUTOML,CLASSIFICATION,1567_poker_hand,deepseek-r1:14b,fewshot+instruction,llama4,zeroshot_judging,Clarity,3,Good
FLAT_PROMPTING,ALPHA-AUTOML,CLASSIFICATION,1567_poker_hand,deepseek-r1:14b,fewshot+instruction,llama4,zeroshot_judging,Completeness,3,Good
FLAT_PROMPTING,ALPHA-AUTOML,CLASSIFICATION,1567_poker_hand,deepseek-r1:14b,fewshot+instruction,llama4,zeroshot_judging,Relevance,4,Excellent
FLAT_PROMPTING,ALPHA-AUTOML,CLASSIFICATION,1567_poker_hand,deepseek-r1:14b,fewshot+instruction,deepseek-r1:14b,zeroshot_judging,Accuracy,3,Good
FLAT_PROMPTING,ALPHA-AUTOML,CLASSIFICATION,1567_poker_hand,deepseek-r1:14b,fewshot+instruction,deepseek-r1:14b,zeroshot_judging,Clarity,4,Excellent
FLAT_PROMPTING,ALPHA-AUTOML,CLASSIFICATION,1567_poker_hand,deepseek-r1:14b,fewshot+instruction,deepseek-r1:14b,zeroshot_judging,Completeness,3,Good
FLAT_PROMPTING,ALPHA-AUTOML,CLASSIFICATION,1567_poker_hand,deepseek-r1:14b,fewshot+instruction,deepseek-r1:14b,zeroshot_judging,Relevance,4,Excellent
FLAT_PROMPTING,ALPHA-AUTOML,SEMISUPERVISED,LL0_1053_jm1,llama4,zeroshot,llama4,zeroshot_judging,Accuracy,4,Excellent
FLAT_PROMPTING,ALPHA-AUTOML,SEMISUPERVISED,LL0_1053_jm1,llama4,zeroshot,llama4,zeroshot_judging,Clarity,4,Excellent
FLAT_PROMPTING,ALPHA-AUTOML,SEMISUPERVISED,LL0_1053_jm1,llama4,zeroshot,llama4,zeroshot_judging,Completeness,4,Excellent
FLAT_PROMPTING,ALPHA-AUTOML,SEMISUPERVISED,LL0_1053_jm1,llama4,zeroshot,llama4,zeroshot_judging,Relevance,4,Excellent
FLAT_PROMPTING,ALPHA-AUTOML,SEMISUPERVISED,LL0_1053_jm1,llama4,zeroshot,deepseek-r1:14b,zeroshot_judging,Accuracy,4,Excellent
FLAT_PROMPTING,ALPHA-AUTOML,SEMISUPERVISED,LL0_1053_jm1,llama4,zeroshot,deepseek-r1:14b,zeroshot_judging,Clarity,4,Excellent
FLAT_PROMPTING,ALPHA-AUTOML,SEMISUPERVISED,LL0_1053_jm1,llama4,zeroshot,deepseek-r1:14b,zeroshot_judging,Completeness,4,Excellent
FLAT_PROMPTING,ALPHA-AUTOML,SEMISUPERVISED,LL0_1053_jm1,llama4,zeroshot,deepseek-r1:14b,zeroshot_judging,Relevance,4,Excellent
FLAT_PROMPTING,ALPHA-AUTOML,SEMISUPERVISED,LL0_1053_jm1,llama4,zeroshot_instruction,llama4,zeroshot_judging,Accuracy,4,Excellent
FLAT_PROMPTING,ALPHA-AUTOML,SEMISUPERVISED,LL0_1053_jm1,llama4,zeroshot_instruction,llama4,zeroshot_judging,Clarity,4,Excellent
FLAT_PROMPTING,ALPHA-AUTOML,SEMISUPERVISED,LL0_1053_jm1,llama4,zeroshot_instruction,llama4,zeroshot_judging,Completeness,4,Excellent
FLAT_PROMPTING,ALPHA-AUTOML,SEMISUPERVISED,LL0_1053_jm1,llama4,zeroshot_instruction,llama4,zeroshot_judging,Relevance,4,Excellent
FLAT_PROMPTING,ALPHA-AUTOML,SEMISUPERVISED,LL0_1053_jm1,llama4,zeroshot_instruction,deepseek-r1:14b,zeroshot_judging,Accuracy,4,Excellent
FLAT_PROMPTING,ALPHA-AUTOML,SEMISUPERVISED,LL0_1053_jm1,llama4,zeroshot_instruction,deepseek-r1:14b,zeroshot_judging,Clarity,4,Excellent
FLAT_PROMPTING,ALPHA-AUTOML,SEMISUPERVISED,LL0_1053_jm1,llama4,zeroshot_instruction,deepseek-r1:14b,zeroshot_judging,Completeness,4,Excellent
FLAT_PROMPTING,ALPHA-AUTOML,SEMISUPERVISED,LL0_1053_jm1,llama4,zeroshot_instruction,deepseek-r1:14b,zeroshot_judging,Relevance,4,Excellent
FLAT_PROMPTING,ALPHA-AUTOML,SEMISUPERVISED,LL0_1053_jm1,llama4,fewshot,llama4,zeroshot_judging,Accuracy,4,Excellent
FLAT_PROMPTING,ALPHA-AUTOML,SEMISUPERVISED,LL0_1053_jm1,llama4,fewshot,llama4,zeroshot_judging,Clarity,4,Excellent
FLAT_PROMPTING,ALPHA-AUTOML,SEMISUPERVISED,LL0_1053_jm1,llama4,fewshot,llama4,zeroshot_judging,Completeness,4,Excellent
FLAT_PROMPTING,ALPHA-AUTOML,SEMISUPERVISED,LL0_1053_jm1,llama4,fewshot,llama4,zeroshot_judging,Relevance,4,Excellent
FLAT_PROMPTING,ALPHA-AUTOML,SEMISUPERVISED,LL0_1053_jm1,llama4,fewshot,deepseek-r1:14b,zeroshot_judging,Accuracy,3,Good
FLAT_PROMPTING,ALPHA-AUTOML,SEMISUPERVISED,LL0_1053_jm1,llama4,fewshot,deepseek-r1:14b,zeroshot_judging,Clarity,4,Excellent
FLAT_PROMPTING,ALPHA-AUTOML,SEMISUPERVISED,LL0_1053_jm1,llama4,fewshot,deepseek-r1:14b,zeroshot_judging,Completeness,4,Excellent
FLAT_PROMPTING,ALPHA-AUTOML,SEMISUPERVISED,LL0_1053_jm1,llama4,fewshot,deepseek-r1:14b,zeroshot_judging,Relevance,3,Good
FLAT_PROMPTING,ALPHA-AUTOML,SEMISUPERVISED,LL0_1053_jm1,llama4,chain_of_thought,llama4,zeroshot_judging,Accuracy,4,Excellent
FLAT_PROMPTING,ALPHA-AUTOML,SEMISUPERVISED,LL0_1053_jm1,llama4,chain_of_thought,llama4,zeroshot_judging,Clarity,4,Excellent
FLAT_PROMPTING,ALPHA-AUTOML,SEMISUPERVISED,LL0_1053_jm1,llama4,chain_of_thought,llama4,zeroshot_judging,Completeness,4,Excellent
FLAT_PROMPTING,ALPHA-AUTOML,SEMISUPERVISED,LL0_1053_jm1,llama4,chain_of_thought,llama4,zeroshot_judging,Relevance,4,Excellent
FLAT_PROMPTING,ALPHA-AUTOML,SEMISUPERVISED,LL0_1053_jm1,llama4,chain_of_thought,deepseek-r1:14b,zeroshot_judging,Accuracy,4,Excellent
FLAT_PROMPTING,ALPHA-AUTOML,SEMISUPERVISED,LL0_1053_jm1,llama4,chain_of_thought,deepseek-r1:14b,zeroshot_judging,Clarity,4,Excellent
FLAT_PROMPTING,ALPHA-AUTOML,SEMISUPERVISED,LL0_1053_jm1,llama4,chain_of_thought,deepseek-r1:14b,zeroshot_judging,Completeness,3,Good
FLAT_PROMPTING,ALPHA-AUTOML,SEMISUPERVISED,LL0_1053_jm1,llama4,chain_of_thought,deepseek-r1:14b,zeroshot_judging,Relevance,4,Excellent
FLAT_PROMPTING,ALPHA-AUTOML,SEMISUPERVISED,LL0_1053_jm1,llama4,zeroshot_CoT,llama4,zeroshot_judging,Accuracy,4,Excellent
FLAT_PROMPTING,ALPHA-AUTOML,SEMISUPERVISED,LL0_1053_jm1,llama4,zeroshot_CoT,llama4,zeroshot_judging,Clarity,4,Excellent
FLAT_PROMPTING,ALPHA-AUTOML,SEMISUPERVISED,LL0_1053_jm1,llama4,zeroshot_CoT,llama4,zeroshot_judging,Completeness,4,Excellent
FLAT_PROMPTING,ALPHA-AUTOML,SEMISUPERVISED,LL0_1053_jm1,llama4,zeroshot_CoT,llama4,zeroshot_judging,Relevance,4,Excellent
FLAT_PROMPTING,ALPHA-AUTOML,SEMISUPERVISED,LL0_1053_jm1,llama4,zeroshot_CoT,deepseek-r1:14b,zeroshot_judging,Accuracy,4,Excellent
FLAT_PROMPTING,ALPHA-AUTOML,SEMISUPERVISED,LL0_1053_jm1,llama4,zeroshot_CoT,deepseek-r1:14b,zeroshot_judging,Clarity,3,Good
FLAT_PROMPTING,ALPHA-AUTOML,SEMISUPERVISED,LL0_1053_jm1,llama4,zeroshot_CoT,deepseek-r1:14b,zeroshot_judging,Completeness,4,Excellent
FLAT_PROMPTING,ALPHA-AUTOML,SEMISUPERVISED,LL0_1053_jm1,llama4,zeroshot_CoT,deepseek-r1:14b,zeroshot_judging,Relevance,4,Excellent
FLAT_PROMPTING,ALPHA-AUTOML,SEMISUPERVISED,LL0_1053_jm1,llama4,fewshot+instruction,llama4,zeroshot_judging,Accuracy,4,Excellent
FLAT_PROMPTING,ALPHA-AUTOML,SEMISUPERVISED,LL0_1053_jm1,llama4,fewshot+instruction,llama4,zeroshot_judging,Clarity,4,Excellent
FLAT_PROMPTING,ALPHA-AUTOML,SEMISUPERVISED,LL0_1053_jm1,llama4,fewshot+instruction,llama4,zeroshot_judging,Completeness,4,Excellent
FLAT_PROMPTING,ALPHA-AUTOML,SEMISUPERVISED,LL0_1053_jm1,llama4,fewshot+instruction,llama4,zeroshot_judging,Relevance,4,Excellent
FLAT_PROMPTING,ALPHA-AUTOML,SEMISUPERVISED,LL0_1053_jm1,llama4,fewshot+instruction,deepseek-r1:14b,zeroshot_judging,Accuracy,3,Good
FLAT_PROMPTING,ALPHA-AUTOML,SEMISUPERVISED,LL0_1053_jm1,llama4,fewshot+instruction,deepseek-r1:14b,zeroshot_judging,Clarity,4,Excellent
FLAT_PROMPTING,ALPHA-AUTOML,SEMISUPERVISED,LL0_1053_jm1,llama4,fewshot+instruction,deepseek-r1:14b,zeroshot_judging,Completeness,4,Excellent
FLAT_PROMPTING,ALPHA-AUTOML,SEMISUPERVISED,LL0_1053_jm1,llama4,fewshot+instruction,deepseek-r1:14b,zeroshot_judging,Relevance,4,Excellent
FLAT_PROMPTING,ALPHA-AUTOML,SEMISUPERVISED,LL0_1053_jm1,deepseek-r1:14b,zeroshot,llama4,zeroshot_judging,Accuracy,4,Excellent
FLAT_PROMPTING,ALPHA-AUTOML,SEMISUPERVISED,LL0_1053_jm1,deepseek-r1:14b,zeroshot,llama4,zeroshot_judging,Clarity,4,Excellent
FLAT_PROMPTING,ALPHA-AUTOML,SEMISUPERVISED,LL0_1053_jm1,deepseek-r1:14b,zeroshot,llama4,zeroshot_judging,Completeness,4,Excellent
FLAT_PROMPTING,ALPHA-AUTOML,SEMISUPERVISED,LL0_1053_jm1,deepseek-r1:14b,zeroshot,llama4,zeroshot_judging,Relevance,4,Excellent
FLAT_PROMPTING,ALPHA-AUTOML,SEMISUPERVISED,LL0_1053_jm1,deepseek-r1:14b,zeroshot,deepseek-r1:14b,zeroshot_judging,Accuracy,4,Excellent
FLAT_PROMPTING,ALPHA-AUTOML,SEMISUPERVISED,LL0_1053_jm1,deepseek-r1:14b,zeroshot,deepseek-r1:14b,zeroshot_judging,Clarity,4,Excellent
FLAT_PROMPTING,ALPHA-AUTOML,SEMISUPERVISED,LL0_1053_jm1,deepseek-r1:14b,zeroshot,deepseek-r1:14b,zeroshot_judging,Completeness,4,Excellent
FLAT_PROMPTING,ALPHA-AUTOML,SEMISUPERVISED,LL0_1053_jm1,deepseek-r1:14b,zeroshot,deepseek-r1:14b,zeroshot_judging,Relevance,4,Excellent
FLAT_PROMPTING,ALPHA-AUTOML,SEMISUPERVISED,LL0_1053_jm1,deepseek-r1:14b,zeroshot_instruction,llama4,zeroshot_judging,Accuracy,4,Excellent
FLAT_PROMPTING,ALPHA-AUTOML,SEMISUPERVISED,LL0_1053_jm1,deepseek-r1:14b,zeroshot_instruction,llama4,zeroshot_judging,Clarity,4,Excellent
FLAT_PROMPTING,ALPHA-AUTOML,SEMISUPERVISED,LL0_1053_jm1,deepseek-r1:14b,zeroshot_instruction,llama4,zeroshot_judging,Completeness,4,Excellent
FLAT_PROMPTING,ALPHA-AUTOML,SEMISUPERVISED,LL0_1053_jm1,deepseek-r1:14b,zeroshot_instruction,llama4,zeroshot_judging,Relevance,4,Excellent
FLAT_PROMPTING,ALPHA-AUTOML,SEMISUPERVISED,LL0_1053_jm1,deepseek-r1:14b,zeroshot_instruction,deepseek-r1:14b,zeroshot_judging,Accuracy,3,Good
FLAT_PROMPTING,ALPHA-AUTOML,SEMISUPERVISED,LL0_1053_jm1,deepseek-r1:14b,zeroshot_instruction,deepseek-r1:14b,zeroshot_judging,Clarity,3,Good
FLAT_PROMPTING,ALPHA-AUTOML,SEMISUPERVISED,LL0_1053_jm1,deepseek-r1:14b,zeroshot_instruction,deepseek-r1:14b,zeroshot_judging,Completeness,4,Excellent
FLAT_PROMPTING,ALPHA-AUTOML,SEMISUPERVISED,LL0_1053_jm1,deepseek-r1:14b,zeroshot_instruction,deepseek-r1:14b,zeroshot_judging,Relevance,4,Excellent
FLAT_PROMPTING,ALPHA-AUTOML,SEMISUPERVISED,LL0_1053_jm1,deepseek-r1:14b,fewshot,llama4,zeroshot_judging,Accuracy,4,Excellent
FLAT_PROMPTING,ALPHA-AUTOML,SEMISUPERVISED,LL0_1053_jm1,deepseek-r1:14b,fewshot,llama4,zeroshot_judging,Clarity,4,Excellent
FLAT_PROMPTING,ALPHA-AUTOML,SEMISUPERVISED,LL0_1053_jm1,deepseek-r1:14b,fewshot,llama4,zeroshot_judging,Completeness,4,Excellent
FLAT_PROMPTING,ALPHA-AUTOML,SEMISUPERVISED,LL0_1053_jm1,deepseek-r1:14b,fewshot,llama4,zeroshot_judging,Relevance,4,Excellent
FLAT_PROMPTING,ALPHA-AUTOML,SEMISUPERVISED,LL0_1053_jm1,deepseek-r1:14b,fewshot,deepseek-r1:14b,zeroshot_judging,Accuracy,2,Average
FLAT_PROMPTING,ALPHA-AUTOML,SEMISUPERVISED,LL0_1053_jm1,deepseek-r1:14b,fewshot,deepseek-r1:14b,zeroshot_judging,Clarity,3,Good
FLAT_PROMPTING,ALPHA-AUTOML,SEMISUPERVISED,LL0_1053_jm1,deepseek-r1:14b,fewshot,deepseek-r1:14b,zeroshot_judging,Completeness,3,Good
FLAT_PROMPTING,ALPHA-AUTOML,SEMISUPERVISED,LL0_1053_jm1,deepseek-r1:14b,fewshot,deepseek-r1:14b,zeroshot_judging,Relevance,3,Good
FLAT_PROMPTING,ALPHA-AUTOML,SEMISUPERVISED,LL0_1053_jm1,deepseek-r1:14b,chain_of_thought,llama4,zeroshot_judging,Accuracy,4,Excellent
FLAT_PROMPTING,ALPHA-AUTOML,SEMISUPERVISED,LL0_1053_jm1,deepseek-r1:14b,chain_of_thought,llama4,zeroshot_judging,Clarity,4,Excellent
FLAT_PROMPTING,ALPHA-AUTOML,SEMISUPERVISED,LL0_1053_jm1,deepseek-r1:14b,chain_of_thought,llama4,zeroshot_judging,Completeness,4,Excellent
FLAT_PROMPTING,ALPHA-AUTOML,SEMISUPERVISED,LL0_1053_jm1,deepseek-r1:14b,chain_of_thought,llama4,zeroshot_judging,Relevance,4,Excellent
FLAT_PROMPTING,ALPHA-AUTOML,SEMISUPERVISED,LL0_1053_jm1,deepseek-r1:14b,chain_of_thought,deepseek-r1:14b,zeroshot_judging,Accuracy,4,Excellent
FLAT_PROMPTING,ALPHA-AUTOML,SEMISUPERVISED,LL0_1053_jm1,deepseek-r1:14b,chain_of_thought,deepseek-r1:14b,zeroshot_judging,Clarity,3,Good
FLAT_PROMPTING,ALPHA-AUTOML,SEMISUPERVISED,LL0_1053_jm1,deepseek-r1:14b,chain_of_thought,deepseek-r1:14b,zeroshot_judging,Completeness,4,Excellent
FLAT_PROMPTING,ALPHA-AUTOML,SEMISUPERVISED,LL0_1053_jm1,deepseek-r1:14b,chain_of_thought,deepseek-r1:14b,zeroshot_judging,Relevance,4,Excellent
FLAT_PROMPTING,ALPHA-AUTOML,SEMISUPERVISED,LL0_1053_jm1,deepseek-r1:14b,zeroshot_CoT,llama4,zeroshot_judging,Accuracy,4,Excellent
FLAT_PROMPTING,ALPHA-AUTOML,SEMISUPERVISED,LL0_1053_jm1,deepseek-r1:14b,zeroshot_CoT,llama4,zeroshot_judging,Clarity,4,Excellent
FLAT_PROMPTING,ALPHA-AUTOML,SEMISUPERVISED,LL0_1053_jm1,deepseek-r1:14b,zeroshot_CoT,llama4,zeroshot_judging,Completeness,4,Excellent
FLAT_PROMPTING,ALPHA-AUTOML,SEMISUPERVISED,LL0_1053_jm1,deepseek-r1:14b,zeroshot_CoT,llama4,zeroshot_judging,Relevance,4,Excellent
FLAT_PROMPTING,ALPHA-AUTOML,SEMISUPERVISED,LL0_1053_jm1,deepseek-r1:14b,zeroshot_CoT,deepseek-r1:14b,zeroshot_judging,Accuracy,3,Good
FLAT_PROMPTING,ALPHA-AUTOML,SEMISUPERVISED,LL0_1053_jm1,deepseek-r1:14b,zeroshot_CoT,deepseek-r1:14b,zeroshot_judging,Clarity,4,Excellent
FLAT_PROMPTING,ALPHA-AUTOML,SEMISUPERVISED,LL0_1053_jm1,deepseek-r1:14b,zeroshot_CoT,deepseek-r1:14b,zeroshot_judging,Completeness,3,Good
FLAT_PROMPTING,ALPHA-AUTOML,SEMISUPERVISED,LL0_1053_jm1,deepseek-r1:14b,zeroshot_CoT,deepseek-r1:14b,zeroshot_judging,Relevance,4,Excellent
FLAT_PROMPTING,ALPHA-AUTOML,SEMISUPERVISED,LL0_1053_jm1,deepseek-r1:14b,fewshot+instruction,llama4,zeroshot_judging,Accuracy,4,Excellent
FLAT_PROMPTING,ALPHA-AUTOML,SEMISUPERVISED,LL0_1053_jm1,deepseek-r1:14b,fewshot+instruction,llama4,zeroshot_judging,Clarity,4,Excellent
FLAT_PROMPTING,ALPHA-AUTOML,SEMISUPERVISED,LL0_1053_jm1,deepseek-r1:14b,fewshot+instruction,llama4,zeroshot_judging,Completeness,4,Excellent
FLAT_PROMPTING,ALPHA-AUTOML,SEMISUPERVISED,LL0_1053_jm1,deepseek-r1:14b,fewshot+instruction,llama4,zeroshot_judging,Relevance,4,Excellent
FLAT_PROMPTING,ALPHA-AUTOML,SEMISUPERVISED,LL0_1053_jm1,deepseek-r1:14b,fewshot+instruction,deepseek-r1:14b,zeroshot_judging,Accuracy,4,Excellent
FLAT_PROMPTING,ALPHA-AUTOML,SEMISUPERVISED,LL0_1053_jm1,deepseek-r1:14b,fewshot+instruction,deepseek-r1:14b,zeroshot_judging,Clarity,4,Excellent
FLAT_PROMPTING,ALPHA-AUTOML,SEMISUPERVISED,LL0_1053_jm1,deepseek-r1:14b,fewshot+instruction,deepseek-r1:14b,zeroshot_judging,Completeness,3,Good
FLAT_PROMPTING,ALPHA-AUTOML,SEMISUPERVISED,LL0_1053_jm1,deepseek-r1:14b,fewshot+instruction,deepseek-r1:14b,zeroshot_judging,Relevance,4,Excellent
FLAT_PROMPTING,ALPHA-AUTOML,SEMISUPERVISED,SEMI_155_pokerhand_dataset,llama4,zeroshot,llama4,zeroshot_judging,Accuracy,4,Excellent
FLAT_PROMPTING,ALPHA-AUTOML,SEMISUPERVISED,SEMI_155_pokerhand_dataset,llama4,zeroshot,llama4,zeroshot_judging,Clarity,4,Excellent
FLAT_PROMPTING,ALPHA-AUTOML,SEMISUPERVISED,SEMI_155_pokerhand_dataset,llama4,zeroshot,llama4,zeroshot_judging,Completeness,4,Excellent
FLAT_PROMPTING,ALPHA-AUTOML,SEMISUPERVISED,SEMI_155_pokerhand_dataset,llama4,zeroshot,llama4,zeroshot_judging,Relevance,4,Excellent
FLAT_PROMPTING,ALPHA-AUTOML,SEMISUPERVISED,SEMI_155_pokerhand_dataset,llama4,zeroshot,deepseek-r1:14b,zeroshot_judging,Accuracy,4,Excellent
FLAT_PROMPTING,ALPHA-AUTOML,SEMISUPERVISED,SEMI_155_pokerhand_dataset,llama4,zeroshot,deepseek-r1:14b,zeroshot_judging,Clarity,3,Good
FLAT_PROMPTING,ALPHA-AUTOML,SEMISUPERVISED,SEMI_155_pokerhand_dataset,llama4,zeroshot,deepseek-r1:14b,zeroshot_judging,Completeness,3,Good
FLAT_PROMPTING,ALPHA-AUTOML,SEMISUPERVISED,SEMI_155_pokerhand_dataset,llama4,zeroshot,deepseek-r1:14b,zeroshot_judging,Relevance,4,Excellent
FLAT_PROMPTING,ALPHA-AUTOML,SEMISUPERVISED,SEMI_155_pokerhand_dataset,llama4,zeroshot_instruction,llama4,zeroshot_judging,Accuracy,4,Excellent
FLAT_PROMPTING,ALPHA-AUTOML,SEMISUPERVISED,SEMI_155_pokerhand_dataset,llama4,zeroshot_instruction,llama4,zeroshot_judging,Clarity,4,Excellent
FLAT_PROMPTING,ALPHA-AUTOML,SEMISUPERVISED,SEMI_155_pokerhand_dataset,llama4,zeroshot_instruction,llama4,zeroshot_judging,Completeness,4,Excellent
FLAT_PROMPTING,ALPHA-AUTOML,SEMISUPERVISED,SEMI_155_pokerhand_dataset,llama4,zeroshot_instruction,llama4,zeroshot_judging,Relevance,4,Excellent
FLAT_PROMPTING,ALPHA-AUTOML,SEMISUPERVISED,SEMI_155_pokerhand_dataset,llama4,zeroshot_instruction,deepseek-r1:14b,zeroshot_judging,Accuracy,3,Good
FLAT_PROMPTING,ALPHA-AUTOML,SEMISUPERVISED,SEMI_155_pokerhand_dataset,llama4,zeroshot_instruction,deepseek-r1:14b,zeroshot_judging,Clarity,4,Excellent
FLAT_PROMPTING,ALPHA-AUTOML,SEMISUPERVISED,SEMI_155_pokerhand_dataset,llama4,zeroshot_instruction,deepseek-r1:14b,zeroshot_judging,Completeness,4,Excellent
FLAT_PROMPTING,ALPHA-AUTOML,SEMISUPERVISED,SEMI_155_pokerhand_dataset,llama4,zeroshot_instruction,deepseek-r1:14b,zeroshot_judging,Relevance,4,Excellent
FLAT_PROMPTING,ALPHA-AUTOML,SEMISUPERVISED,SEMI_155_pokerhand_dataset,llama4,fewshot,llama4,zeroshot_judging,Accuracy,4,Excellent
FLAT_PROMPTING,ALPHA-AUTOML,SEMISUPERVISED,SEMI_155_pokerhand_dataset,llama4,fewshot,llama4,zeroshot_judging,Clarity,4,Excellent
FLAT_PROMPTING,ALPHA-AUTOML,SEMISUPERVISED,SEMI_155_pokerhand_dataset,llama4,fewshot,llama4,zeroshot_judging,Completeness,4,Excellent
FLAT_PROMPTING,ALPHA-AUTOML,SEMISUPERVISED,SEMI_155_pokerhand_dataset,llama4,fewshot,llama4,zeroshot_judging,Relevance,4,Excellent
FLAT_PROMPTING,ALPHA-AUTOML,SEMISUPERVISED,SEMI_155_pokerhand_dataset,llama4,fewshot,deepseek-r1:14b,zeroshot_judging,Accuracy,3,Good
FLAT_PROMPTING,ALPHA-AUTOML,SEMISUPERVISED,SEMI_155_pokerhand_dataset,llama4,fewshot,deepseek-r1:14b,zeroshot_judging,Clarity,3,Good
FLAT_PROMPTING,ALPHA-AUTOML,SEMISUPERVISED,SEMI_155_pokerhand_dataset,llama4,fewshot,deepseek-r1:14b,zeroshot_judging,Completeness,2,Average
FLAT_PROMPTING,ALPHA-AUTOML,SEMISUPERVISED,SEMI_155_pokerhand_dataset,llama4,fewshot,deepseek-r1:14b,zeroshot_judging,Relevance,1,Poor
FLAT_PROMPTING,ALPHA-AUTOML,SEMISUPERVISED,SEMI_155_pokerhand_dataset,llama4,chain_of_thought,llama4,zeroshot_judging,Accuracy,4,Excellent
FLAT_PROMPTING,ALPHA-AUTOML,SEMISUPERVISED,SEMI_155_pokerhand_dataset,llama4,chain_of_thought,llama4,zeroshot_judging,Clarity,4,Excellent
FLAT_PROMPTING,ALPHA-AUTOML,SEMISUPERVISED,SEMI_155_pokerhand_dataset,llama4,chain_of_thought,llama4,zeroshot_judging,Completeness,3,Good
FLAT_PROMPTING,ALPHA-AUTOML,SEMISUPERVISED,SEMI_155_pokerhand_dataset,llama4,chain_of_thought,llama4,zeroshot_judging,Relevance,4,Excellent
FLAT_PROMPTING,ALPHA-AUTOML,SEMISUPERVISED,SEMI_155_pokerhand_dataset,llama4,chain_of_thought,deepseek-r1:14b,zeroshot_judging,Accuracy,4,Excellent
FLAT_PROMPTING,ALPHA-AUTOML,SEMISUPERVISED,SEMI_155_pokerhand_dataset,llama4,chain_of_thought,deepseek-r1:14b,zeroshot_judging,Clarity,4,Excellent
FLAT_PROMPTING,ALPHA-AUTOML,SEMISUPERVISED,SEMI_155_pokerhand_dataset,llama4,chain_of_thought,deepseek-r1:14b,zeroshot_judging,Completeness,4,Excellent
FLAT_PROMPTING,ALPHA-AUTOML,SEMISUPERVISED,SEMI_155_pokerhand_dataset,llama4,chain_of_thought,deepseek-r1:14b,zeroshot_judging,Relevance,3,Good
FLAT_PROMPTING,ALPHA-AUTOML,SEMISUPERVISED,SEMI_155_pokerhand_dataset,llama4,zeroshot_CoT,llama4,zeroshot_judging,Accuracy,4,Excellent
FLAT_PROMPTING,ALPHA-AUTOML,SEMISUPERVISED,SEMI_155_pokerhand_dataset,llama4,zeroshot_CoT,llama4,zeroshot_judging,Clarity,4,Excellent
FLAT_PROMPTING,ALPHA-AUTOML,SEMISUPERVISED,SEMI_155_pokerhand_dataset,llama4,zeroshot_CoT,llama4,zeroshot_judging,Completeness,4,Excellent
FLAT_PROMPTING,ALPHA-AUTOML,SEMISUPERVISED,SEMI_155_pokerhand_dataset,llama4,zeroshot_CoT,llama4,zeroshot_judging,Relevance,4,Excellent
FLAT_PROMPTING,ALPHA-AUTOML,SEMISUPERVISED,SEMI_155_pokerhand_dataset,llama4,zeroshot_CoT,deepseek-r1:14b,zeroshot_judging,Accuracy,4,Excellent
FLAT_PROMPTING,ALPHA-AUTOML,SEMISUPERVISED,SEMI_155_pokerhand_dataset,llama4,zeroshot_CoT,deepseek-r1:14b,zeroshot_judging,Clarity,3,Good
FLAT_PROMPTING,ALPHA-AUTOML,SEMISUPERVISED,SEMI_155_pokerhand_dataset,llama4,zeroshot_CoT,deepseek-r1:14b,zeroshot_judging,Completeness,3,Good
FLAT_PROMPTING,ALPHA-AUTOML,SEMISUPERVISED,SEMI_155_pokerhand_dataset,llama4,zeroshot_CoT,deepseek-r1:14b,zeroshot_judging,Relevance,3,Good
FLAT_PROMPTING,ALPHA-AUTOML,SEMISUPERVISED,SEMI_155_pokerhand_dataset,llama4,fewshot+instruction,llama4,zeroshot_judging,Accuracy,4,Excellent
FLAT_PROMPTING,ALPHA-AUTOML,SEMISUPERVISED,SEMI_155_pokerhand_dataset,llama4,fewshot+instruction,llama4,zeroshot_judging,Clarity,4,Excellent
FLAT_PROMPTING,ALPHA-AUTOML,SEMISUPERVISED,SEMI_155_pokerhand_dataset,llama4,fewshot+instruction,llama4,zeroshot_judging,Completeness,4,Excellent
FLAT_PROMPTING,ALPHA-AUTOML,SEMISUPERVISED,SEMI_155_pokerhand_dataset,llama4,fewshot+instruction,llama4,zeroshot_judging,Relevance,4,Excellent
FLAT_PROMPTING,ALPHA-AUTOML,SEMISUPERVISED,SEMI_155_pokerhand_dataset,llama4,fewshot+instruction,deepseek-r1:14b,zeroshot_judging,Accuracy,4,Excellent
FLAT_PROMPTING,ALPHA-AUTOML,SEMISUPERVISED,SEMI_155_pokerhand_dataset,llama4,fewshot+instruction,deepseek-r1:14b,zeroshot_judging,Clarity,4,Excellent
FLAT_PROMPTING,ALPHA-AUTOML,SEMISUPERVISED,SEMI_155_pokerhand_dataset,llama4,fewshot+instruction,deepseek-r1:14b,zeroshot_judging,Completeness,4,Excellent
FLAT_PROMPTING,ALPHA-AUTOML,SEMISUPERVISED,SEMI_155_pokerhand_dataset,llama4,fewshot+instruction,deepseek-r1:14b,zeroshot_judging,Relevance,4,Excellent
FLAT_PROMPTING,ALPHA-AUTOML,SEMISUPERVISED,SEMI_155_pokerhand_dataset,deepseek-r1:14b,zeroshot,llama4,zeroshot_judging,Accuracy,4,Excellent
FLAT_PROMPTING,ALPHA-AUTOML,SEMISUPERVISED,SEMI_155_pokerhand_dataset,deepseek-r1:14b,zeroshot,llama4,zeroshot_judging,Clarity,4,Excellent
FLAT_PROMPTING,ALPHA-AUTOML,SEMISUPERVISED,SEMI_155_pokerhand_dataset,deepseek-r1:14b,zeroshot,llama4,zeroshot_judging,Completeness,4,Excellent
FLAT_PROMPTING,ALPHA-AUTOML,SEMISUPERVISED,SEMI_155_pokerhand_dataset,deepseek-r1:14b,zeroshot,llama4,zeroshot_judging,Relevance,4,Excellent
FLAT_PROMPTING,ALPHA-AUTOML,SEMISUPERVISED,SEMI_155_pokerhand_dataset,deepseek-r1:14b,zeroshot,deepseek-r1:14b,zeroshot_judging,Accuracy,4,Excellent
FLAT_PROMPTING,ALPHA-AUTOML,SEMISUPERVISED,SEMI_155_pokerhand_dataset,deepseek-r1:14b,zeroshot,deepseek-r1:14b,zeroshot_judging,Clarity,3,Good
FLAT_PROMPTING,ALPHA-AUTOML,SEMISUPERVISED,SEMI_155_pokerhand_dataset,deepseek-r1:14b,zeroshot,deepseek-r1:14b,zeroshot_judging,Completeness,4,Excellent
FLAT_PROMPTING,ALPHA-AUTOML,SEMISUPERVISED,SEMI_155_pokerhand_dataset,deepseek-r1:14b,zeroshot,deepseek-r1:14b,zeroshot_judging,Relevance,3,Good
FLAT_PROMPTING,ALPHA-AUTOML,SEMISUPERVISED,SEMI_155_pokerhand_dataset,deepseek-r1:14b,zeroshot_instruction,llama4,zeroshot_judging,Accuracy,4,Excellent
FLAT_PROMPTING,ALPHA-AUTOML,SEMISUPERVISED,SEMI_155_pokerhand_dataset,deepseek-r1:14b,zeroshot_instruction,llama4,zeroshot_judging,Clarity,4,Excellent
FLAT_PROMPTING,ALPHA-AUTOML,SEMISUPERVISED,SEMI_155_pokerhand_dataset,deepseek-r1:14b,zeroshot_instruction,llama4,zeroshot_judging,Completeness,4,Excellent
FLAT_PROMPTING,ALPHA-AUTOML,SEMISUPERVISED,SEMI_155_pokerhand_dataset,deepseek-r1:14b,zeroshot_instruction,llama4,zeroshot_judging,Relevance,4,Excellent
FLAT_PROMPTING,ALPHA-AUTOML,SEMISUPERVISED,SEMI_155_pokerhand_dataset,deepseek-r1:14b,zeroshot_instruction,deepseek-r1:14b,zeroshot_judging,Accuracy,3,Good
FLAT_PROMPTING,ALPHA-AUTOML,SEMISUPERVISED,SEMI_155_pokerhand_dataset,deepseek-r1:14b,zeroshot_instruction,deepseek-r1:14b,zeroshot_judging,Clarity,4,Excellent
FLAT_PROMPTING,ALPHA-AUTOML,SEMISUPERVISED,SEMI_155_pokerhand_dataset,deepseek-r1:14b,zeroshot_instruction,deepseek-r1:14b,zeroshot_judging,Completeness,3,Good
FLAT_PROMPTING,ALPHA-AUTOML,SEMISUPERVISED,SEMI_155_pokerhand_dataset,deepseek-r1:14b,zeroshot_instruction,deepseek-r1:14b,zeroshot_judging,Relevance,4,Excellent
FLAT_PROMPTING,ALPHA-AUTOML,SEMISUPERVISED,SEMI_155_pokerhand_dataset,deepseek-r1:14b,fewshot,llama4,zeroshot_judging,Accuracy,4,Excellent
FLAT_PROMPTING,ALPHA-AUTOML,SEMISUPERVISED,SEMI_155_pokerhand_dataset,deepseek-r1:14b,fewshot,llama4,zeroshot_judging,Clarity,4,Excellent
FLAT_PROMPTING,ALPHA-AUTOML,SEMISUPERVISED,SEMI_155_pokerhand_dataset,deepseek-r1:14b,fewshot,llama4,zeroshot_judging,Completeness,4,Excellent
FLAT_PROMPTING,ALPHA-AUTOML,SEMISUPERVISED,SEMI_155_pokerhand_dataset,deepseek-r1:14b,fewshot,llama4,zeroshot_judging,Relevance,4,Excellent
FLAT_PROMPTING,ALPHA-AUTOML,SEMISUPERVISED,SEMI_155_pokerhand_dataset,deepseek-r1:14b,fewshot,deepseek-r1:14b,zeroshot_judging,Accuracy,3,Good
FLAT_PROMPTING,ALPHA-AUTOML,SEMISUPERVISED,SEMI_155_pokerhand_dataset,deepseek-r1:14b,fewshot,deepseek-r1:14b,zeroshot_judging,Clarity,4,Excellent
FLAT_PROMPTING,ALPHA-AUTOML,SEMISUPERVISED,SEMI_155_pokerhand_dataset,deepseek-r1:14b,fewshot,deepseek-r1:14b,zeroshot_judging,Completeness,3,Good
FLAT_PROMPTING,ALPHA-AUTOML,SEMISUPERVISED,SEMI_155_pokerhand_dataset,deepseek-r1:14b,fewshot,deepseek-r1:14b,zeroshot_judging,Relevance,4,Excellent
FLAT_PROMPTING,ALPHA-AUTOML,SEMISUPERVISED,SEMI_155_pokerhand_dataset,deepseek-r1:14b,chain_of_thought,llama4,zeroshot_judging,Accuracy,4,Excellent
FLAT_PROMPTING,ALPHA-AUTOML,SEMISUPERVISED,SEMI_155_pokerhand_dataset,deepseek-r1:14b,chain_of_thought,llama4,zeroshot_judging,Clarity,4,Excellent
FLAT_PROMPTING,ALPHA-AUTOML,SEMISUPERVISED,SEMI_155_pokerhand_dataset,deepseek-r1:14b,chain_of_thought,llama4,zeroshot_judging,Completeness,4,Excellent
FLAT_PROMPTING,ALPHA-AUTOML,SEMISUPERVISED,SEMI_155_pokerhand_dataset,deepseek-r1:14b,chain_of_thought,llama4,zeroshot_judging,Relevance,4,Excellent
FLAT_PROMPTING,ALPHA-AUTOML,SEMISUPERVISED,SEMI_155_pokerhand_dataset,deepseek-r1:14b,chain_of_thought,deepseek-r1:14b,zeroshot_judging,Accuracy,4,Excellent
FLAT_PROMPTING,ALPHA-AUTOML,SEMISUPERVISED,SEMI_155_pokerhand_dataset,deepseek-r1:14b,chain_of_thought,deepseek-r1:14b,zeroshot_judging,Clarity,4,Excellent
FLAT_PROMPTING,ALPHA-AUTOML,SEMISUPERVISED,SEMI_155_pokerhand_dataset,deepseek-r1:14b,chain_of_thought,deepseek-r1:14b,zeroshot_judging,Completeness,4,Excellent
FLAT_PROMPTING,ALPHA-AUTOML,SEMISUPERVISED,SEMI_155_pokerhand_dataset,deepseek-r1:14b,chain_of_thought,deepseek-r1:14b,zeroshot_judging,Relevance,4,Excellent
FLAT_PROMPTING,ALPHA-AUTOML,SEMISUPERVISED,SEMI_155_pokerhand_dataset,deepseek-r1:14b,zeroshot_CoT,llama4,zeroshot_judging,Accuracy,4,Excellent
FLAT_PROMPTING,ALPHA-AUTOML,SEMISUPERVISED,SEMI_155_pokerhand_dataset,deepseek-r1:14b,zeroshot_CoT,llama4,zeroshot_judging,Clarity,4,Excellent
FLAT_PROMPTING,ALPHA-AUTOML,SEMISUPERVISED,SEMI_155_pokerhand_dataset,deepseek-r1:14b,zeroshot_CoT,llama4,zeroshot_judging,Completeness,4,Excellent
FLAT_PROMPTING,ALPHA-AUTOML,SEMISUPERVISED,SEMI_155_pokerhand_dataset,deepseek-r1:14b,zeroshot_CoT,llama4,zeroshot_judging,Relevance,4,Excellent
FLAT_PROMPTING,ALPHA-AUTOML,SEMISUPERVISED,SEMI_155_pokerhand_dataset,deepseek-r1:14b,zeroshot_CoT,deepseek-r1:14b,zeroshot_judging,Accuracy,3,Good
FLAT_PROMPTING,ALPHA-AUTOML,SEMISUPERVISED,SEMI_155_pokerhand_dataset,deepseek-r1:14b,zeroshot_CoT,deepseek-r1:14b,zeroshot_judging,Clarity,4,Excellent
FLAT_PROMPTING,ALPHA-AUTOML,SEMISUPERVISED,SEMI_155_pokerhand_dataset,deepseek-r1:14b,zeroshot_CoT,deepseek-r1:14b,zeroshot_judging,Completeness,4,Excellent
FLAT_PROMPTING,ALPHA-AUTOML,SEMISUPERVISED,SEMI_155_pokerhand_dataset,deepseek-r1:14b,zeroshot_CoT,deepseek-r1:14b,zeroshot_judging,Relevance,4,Excellent
FLAT_PROMPTING,ALPHA-AUTOML,SEMISUPERVISED,SEMI_155_pokerhand_dataset,deepseek-r1:14b,fewshot+instruction,llama4,zeroshot_judging,Accuracy,4,Excellent
FLAT_PROMPTING,ALPHA-AUTOML,SEMISUPERVISED,SEMI_155_pokerhand_dataset,deepseek-r1:14b,fewshot+instruction,llama4,zeroshot_judging,Clarity,4,Excellent
FLAT_PROMPTING,ALPHA-AUTOML,SEMISUPERVISED,SEMI_155_pokerhand_dataset,deepseek-r1:14b,fewshot+instruction,llama4,zeroshot_judging,Completeness,4,Excellent
FLAT_PROMPTING,ALPHA-AUTOML,SEMISUPERVISED,SEMI_155_pokerhand_dataset,deepseek-r1:14b,fewshot+instruction,llama4,zeroshot_judging,Relevance,4,Excellent
FLAT_PROMPTING,ALPHA-AUTOML,SEMISUPERVISED,SEMI_155_pokerhand_dataset,deepseek-r1:14b,fewshot+instruction,deepseek-r1:14b,zeroshot_judging,Accuracy,4,Excellent
FLAT_PROMPTING,ALPHA-AUTOML,SEMISUPERVISED,SEMI_155_pokerhand_dataset,deepseek-r1:14b,fewshot+instruction,deepseek-r1:14b,zeroshot_judging,Clarity,4,Excellent
FLAT_PROMPTING,ALPHA-AUTOML,SEMISUPERVISED,SEMI_155_pokerhand_dataset,deepseek-r1:14b,fewshot+instruction,deepseek-r1:14b,zeroshot_judging,Completeness,4,Excellent
FLAT_PROMPTING,ALPHA-AUTOML,SEMISUPERVISED,SEMI_155_pokerhand_dataset,deepseek-r1:14b,fewshot+instruction,deepseek-r1:14b,zeroshot_judging,Relevance,4,Excellent
FLAT_PROMPTING,ALPHA-AUTOML,SEMISUPERVISED,SEMI_1217_click_dataset,llama4,zeroshot,llama4,zeroshot_judging,Accuracy,4,Excellent
FLAT_PROMPTING,ALPHA-AUTOML,SEMISUPERVISED,SEMI_1217_click_dataset,llama4,zeroshot,llama4,zeroshot_judging,Clarity,4,Excellent
FLAT_PROMPTING,ALPHA-AUTOML,SEMISUPERVISED,SEMI_1217_click_dataset,llama4,zeroshot,llama4,zeroshot_judging,Completeness,4,Excellent
FLAT_PROMPTING,ALPHA-AUTOML,SEMISUPERVISED,SEMI_1217_click_dataset,llama4,zeroshot,llama4,zeroshot_judging,Relevance,4,Excellent
FLAT_PROMPTING,ALPHA-AUTOML,SEMISUPERVISED,SEMI_1217_click_dataset,llama4,zeroshot,deepseek-r1:14b,zeroshot_judging,Accuracy,3,Good
FLAT_PROMPTING,ALPHA-AUTOML,SEMISUPERVISED,SEMI_1217_click_dataset,llama4,zeroshot,deepseek-r1:14b,zeroshot_judging,Clarity,4,Excellent
FLAT_PROMPTING,ALPHA-AUTOML,SEMISUPERVISED,SEMI_1217_click_dataset,llama4,zeroshot,deepseek-r1:14b,zeroshot_judging,Completeness,4,Excellent
FLAT_PROMPTING,ALPHA-AUTOML,SEMISUPERVISED,SEMI_1217_click_dataset,llama4,zeroshot,deepseek-r1:14b,zeroshot_judging,Relevance,4,Excellent
FLAT_PROMPTING,ALPHA-AUTOML,SEMISUPERVISED,SEMI_1217_click_dataset,llama4,zeroshot_instruction,llama4,zeroshot_judging,Accuracy,4,Excellent
FLAT_PROMPTING,ALPHA-AUTOML,SEMISUPERVISED,SEMI_1217_click_dataset,llama4,zeroshot_instruction,llama4,zeroshot_judging,Clarity,4,Excellent
FLAT_PROMPTING,ALPHA-AUTOML,SEMISUPERVISED,SEMI_1217_click_dataset,llama4,zeroshot_instruction,llama4,zeroshot_judging,Completeness,4,Excellent
FLAT_PROMPTING,ALPHA-AUTOML,SEMISUPERVISED,SEMI_1217_click_dataset,llama4,zeroshot_instruction,llama4,zeroshot_judging,Relevance,4,Excellent
FLAT_PROMPTING,ALPHA-AUTOML,SEMISUPERVISED,SEMI_1217_click_dataset,llama4,zeroshot_instruction,deepseek-r1:14b,zeroshot_judging,Accuracy,3,Good
FLAT_PROMPTING,ALPHA-AUTOML,SEMISUPERVISED,SEMI_1217_click_dataset,llama4,zeroshot_instruction,deepseek-r1:14b,zeroshot_judging,Clarity,4,Excellent
FLAT_PROMPTING,ALPHA-AUTOML,SEMISUPERVISED,SEMI_1217_click_dataset,llama4,zeroshot_instruction,deepseek-r1:14b,zeroshot_judging,Completeness,4,Excellent
FLAT_PROMPTING,ALPHA-AUTOML,SEMISUPERVISED,SEMI_1217_click_dataset,llama4,zeroshot_instruction,deepseek-r1:14b,zeroshot_judging,Relevance,3,Good
FLAT_PROMPTING,ALPHA-AUTOML,SEMISUPERVISED,SEMI_1217_click_dataset,llama4,fewshot,llama4,zeroshot_judging,Accuracy,4,Excellent
FLAT_PROMPTING,ALPHA-AUTOML,SEMISUPERVISED,SEMI_1217_click_dataset,llama4,fewshot,llama4,zeroshot_judging,Clarity,4,Excellent
FLAT_PROMPTING,ALPHA-AUTOML,SEMISUPERVISED,SEMI_1217_click_dataset,llama4,fewshot,llama4,zeroshot_judging,Completeness,4,Excellent
FLAT_PROMPTING,ALPHA-AUTOML,SEMISUPERVISED,SEMI_1217_click_dataset,llama4,fewshot,llama4,zeroshot_judging,Relevance,4,Excellent
FLAT_PROMPTING,ALPHA-AUTOML,SEMISUPERVISED,SEMI_1217_click_dataset,llama4,fewshot,deepseek-r1:14b,zeroshot_judging,Accuracy,4,Excellent
FLAT_PROMPTING,ALPHA-AUTOML,SEMISUPERVISED,SEMI_1217_click_dataset,llama4,fewshot,deepseek-r1:14b,zeroshot_judging,Clarity,4,Excellent
FLAT_PROMPTING,ALPHA-AUTOML,SEMISUPERVISED,SEMI_1217_click_dataset,llama4,fewshot,deepseek-r1:14b,zeroshot_judging,Completeness,4,Excellent
FLAT_PROMPTING,ALPHA-AUTOML,SEMISUPERVISED,SEMI_1217_click_dataset,llama4,fewshot,deepseek-r1:14b,zeroshot_judging,Relevance,4,Excellent
FLAT_PROMPTING,ALPHA-AUTOML,SEMISUPERVISED,SEMI_1217_click_dataset,llama4,chain_of_thought,llama4,zeroshot_judging,Accuracy,4,Excellent
FLAT_PROMPTING,ALPHA-AUTOML,SEMISUPERVISED,SEMI_1217_click_dataset,llama4,chain_of_thought,llama4,zeroshot_judging,Clarity,4,Excellent
FLAT_PROMPTING,ALPHA-AUTOML,SEMISUPERVISED,SEMI_1217_click_dataset,llama4,chain_of_thought,llama4,zeroshot_judging,Completeness,4,Excellent
FLAT_PROMPTING,ALPHA-AUTOML,SEMISUPERVISED,SEMI_1217_click_dataset,llama4,chain_of_thought,llama4,zeroshot_judging,Relevance,4,Excellent
FLAT_PROMPTING,ALPHA-AUTOML,SEMISUPERVISED,SEMI_1217_click_dataset,llama4,chain_of_thought,deepseek-r1:14b,zeroshot_judging,Accuracy,3,Good
FLAT_PROMPTING,ALPHA-AUTOML,SEMISUPERVISED,SEMI_1217_click_dataset,llama4,chain_of_thought,deepseek-r1:14b,zeroshot_judging,Clarity,3,Good
FLAT_PROMPTING,ALPHA-AUTOML,SEMISUPERVISED,SEMI_1217_click_dataset,llama4,chain_of_thought,deepseek-r1:14b,zeroshot_judging,Completeness,2,Average
FLAT_PROMPTING,ALPHA-AUTOML,SEMISUPERVISED,SEMI_1217_click_dataset,llama4,chain_of_thought,deepseek-r1:14b,zeroshot_judging,Relevance,4,Excellent
FLAT_PROMPTING,ALPHA-AUTOML,SEMISUPERVISED,SEMI_1217_click_dataset,llama4,zeroshot_CoT,llama4,zeroshot_judging,Accuracy,4,Excellent
FLAT_PROMPTING,ALPHA-AUTOML,SEMISUPERVISED,SEMI_1217_click_dataset,llama4,zeroshot_CoT,llama4,zeroshot_judging,Clarity,4,Excellent
FLAT_PROMPTING,ALPHA-AUTOML,SEMISUPERVISED,SEMI_1217_click_dataset,llama4,zeroshot_CoT,llama4,zeroshot_judging,Completeness,3,Good
FLAT_PROMPTING,ALPHA-AUTOML,SEMISUPERVISED,SEMI_1217_click_dataset,llama4,zeroshot_CoT,llama4,zeroshot_judging,Relevance,4,Excellent
FLAT_PROMPTING,ALPHA-AUTOML,SEMISUPERVISED,SEMI_1217_click_dataset,llama4,zeroshot_CoT,deepseek-r1:14b,zeroshot_judging,Accuracy,3,Good
FLAT_PROMPTING,ALPHA-AUTOML,SEMISUPERVISED,SEMI_1217_click_dataset,llama4,zeroshot_CoT,deepseek-r1:14b,zeroshot_judging,Clarity,4,Excellent
FLAT_PROMPTING,ALPHA-AUTOML,SEMISUPERVISED,SEMI_1217_click_dataset,llama4,zeroshot_CoT,deepseek-r1:14b,zeroshot_judging,Completeness,3,Good
FLAT_PROMPTING,ALPHA-AUTOML,SEMISUPERVISED,SEMI_1217_click_dataset,llama4,zeroshot_CoT,deepseek-r1:14b,zeroshot_judging,Relevance,3,Good
FLAT_PROMPTING,ALPHA-AUTOML,SEMISUPERVISED,SEMI_1217_click_dataset,llama4,fewshot+instruction,llama4,zeroshot_judging,Accuracy,4,Excellent
FLAT_PROMPTING,ALPHA-AUTOML,SEMISUPERVISED,SEMI_1217_click_dataset,llama4,fewshot+instruction,llama4,zeroshot_judging,Clarity,4,Excellent
FLAT_PROMPTING,ALPHA-AUTOML,SEMISUPERVISED,SEMI_1217_click_dataset,llama4,fewshot+instruction,llama4,zeroshot_judging,Completeness,4,Excellent
FLAT_PROMPTING,ALPHA-AUTOML,SEMISUPERVISED,SEMI_1217_click_dataset,llama4,fewshot+instruction,llama4,zeroshot_judging,Relevance,4,Excellent
FLAT_PROMPTING,ALPHA-AUTOML,SEMISUPERVISED,SEMI_1217_click_dataset,llama4,fewshot+instruction,deepseek-r1:14b,zeroshot_judging,Accuracy,4,Excellent
FLAT_PROMPTING,ALPHA-AUTOML,SEMISUPERVISED,SEMI_1217_click_dataset,llama4,fewshot+instruction,deepseek-r1:14b,zeroshot_judging,Clarity,3,Good
FLAT_PROMPTING,ALPHA-AUTOML,SEMISUPERVISED,SEMI_1217_click_dataset,llama4,fewshot+instruction,deepseek-r1:14b,zeroshot_judging,Completeness,4,Excellent
FLAT_PROMPTING,ALPHA-AUTOML,SEMISUPERVISED,SEMI_1217_click_dataset,llama4,fewshot+instruction,deepseek-r1:14b,zeroshot_judging,Relevance,4,Excellent
FLAT_PROMPTING,ALPHA-AUTOML,SEMISUPERVISED,SEMI_1217_click_dataset,deepseek-r1:14b,zeroshot,llama4,zeroshot_judging,Accuracy,4,Excellent
FLAT_PROMPTING,ALPHA-AUTOML,SEMISUPERVISED,SEMI_1217_click_dataset,deepseek-r1:14b,zeroshot,llama4,zeroshot_judging,Clarity,4,Excellent
FLAT_PROMPTING,ALPHA-AUTOML,SEMISUPERVISED,SEMI_1217_click_dataset,deepseek-r1:14b,zeroshot,llama4,zeroshot_judging,Completeness,3,Good
FLAT_PROMPTING,ALPHA-AUTOML,SEMISUPERVISED,SEMI_1217_click_dataset,deepseek-r1:14b,zeroshot,llama4,zeroshot_judging,Relevance,4,Excellent
FLAT_PROMPTING,ALPHA-AUTOML,SEMISUPERVISED,SEMI_1217_click_dataset,deepseek-r1:14b,zeroshot,deepseek-r1:14b,zeroshot_judging,Accuracy,3,Good
FLAT_PROMPTING,ALPHA-AUTOML,SEMISUPERVISED,SEMI_1217_click_dataset,deepseek-r1:14b,zeroshot,deepseek-r1:14b,zeroshot_judging,Clarity,4,Excellent
FLAT_PROMPTING,ALPHA-AUTOML,SEMISUPERVISED,SEMI_1217_click_dataset,deepseek-r1:14b,zeroshot,deepseek-r1:14b,zeroshot_judging,Completeness,2,Average
FLAT_PROMPTING,ALPHA-AUTOML,SEMISUPERVISED,SEMI_1217_click_dataset,deepseek-r1:14b,zeroshot,deepseek-r1:14b,zeroshot_judging,Relevance,1,Poor
FLAT_PROMPTING,ALPHA-AUTOML,SEMISUPERVISED,SEMI_1217_click_dataset,deepseek-r1:14b,zeroshot_instruction,llama4,zeroshot_judging,Accuracy,4,Excellent
FLAT_PROMPTING,ALPHA-AUTOML,SEMISUPERVISED,SEMI_1217_click_dataset,deepseek-r1:14b,zeroshot_instruction,llama4,zeroshot_judging,Clarity,4,Excellent
FLAT_PROMPTING,ALPHA-AUTOML,SEMISUPERVISED,SEMI_1217_click_dataset,deepseek-r1:14b,zeroshot_instruction,llama4,zeroshot_judging,Completeness,3,Good
FLAT_PROMPTING,ALPHA-AUTOML,SEMISUPERVISED,SEMI_1217_click_dataset,deepseek-r1:14b,zeroshot_instruction,llama4,zeroshot_judging,Relevance,4,Excellent
FLAT_PROMPTING,ALPHA-AUTOML,SEMISUPERVISED,SEMI_1217_click_dataset,deepseek-r1:14b,zeroshot_instruction,deepseek-r1:14b,zeroshot_judging,Accuracy,3,Good
FLAT_PROMPTING,ALPHA-AUTOML,SEMISUPERVISED,SEMI_1217_click_dataset,deepseek-r1:14b,zeroshot_instruction,deepseek-r1:14b,zeroshot_judging,Clarity,4,Excellent
FLAT_PROMPTING,ALPHA-AUTOML,SEMISUPERVISED,SEMI_1217_click_dataset,deepseek-r1:14b,zeroshot_instruction,deepseek-r1:14b,zeroshot_judging,Completeness,3,Good
FLAT_PROMPTING,ALPHA-AUTOML,SEMISUPERVISED,SEMI_1217_click_dataset,deepseek-r1:14b,zeroshot_instruction,deepseek-r1:14b,zeroshot_judging,Relevance,4,Excellent
FLAT_PROMPTING,ALPHA-AUTOML,SEMISUPERVISED,SEMI_1217_click_dataset,deepseek-r1:14b,fewshot,llama4,zeroshot_judging,Accuracy,4,Excellent
FLAT_PROMPTING,ALPHA-AUTOML,SEMISUPERVISED,SEMI_1217_click_dataset,deepseek-r1:14b,fewshot,llama4,zeroshot_judging,Clarity,4,Excellent
FLAT_PROMPTING,ALPHA-AUTOML,SEMISUPERVISED,SEMI_1217_click_dataset,deepseek-r1:14b,fewshot,llama4,zeroshot_judging,Completeness,4,Excellent
FLAT_PROMPTING,ALPHA-AUTOML,SEMISUPERVISED,SEMI_1217_click_dataset,deepseek-r1:14b,fewshot,llama4,zeroshot_judging,Relevance,4,Excellent
FLAT_PROMPTING,ALPHA-AUTOML,SEMISUPERVISED,SEMI_1217_click_dataset,deepseek-r1:14b,fewshot,deepseek-r1:14b,zeroshot_judging,Accuracy,4,Excellent
FLAT_PROMPTING,ALPHA-AUTOML,SEMISUPERVISED,SEMI_1217_click_dataset,deepseek-r1:14b,fewshot,deepseek-r1:14b,zeroshot_judging,Clarity,4,Excellent
FLAT_PROMPTING,ALPHA-AUTOML,SEMISUPERVISED,SEMI_1217_click_dataset,deepseek-r1:14b,fewshot,deepseek-r1:14b,zeroshot_judging,Completeness,3,Good
FLAT_PROMPTING,ALPHA-AUTOML,SEMISUPERVISED,SEMI_1217_click_dataset,deepseek-r1:14b,fewshot,deepseek-r1:14b,zeroshot_judging,Relevance,4,Excellent
FLAT_PROMPTING,ALPHA-AUTOML,SEMISUPERVISED,SEMI_1217_click_dataset,deepseek-r1:14b,chain_of_thought,llama4,zeroshot_judging,Accuracy,4,Excellent
FLAT_PROMPTING,ALPHA-AUTOML,SEMISUPERVISED,SEMI_1217_click_dataset,deepseek-r1:14b,chain_of_thought,llama4,zeroshot_judging,Clarity,4,Excellent
FLAT_PROMPTING,ALPHA-AUTOML,SEMISUPERVISED,SEMI_1217_click_dataset,deepseek-r1:14b,chain_of_thought,llama4,zeroshot_judging,Completeness,4,Excellent
FLAT_PROMPTING,ALPHA-AUTOML,SEMISUPERVISED,SEMI_1217_click_dataset,deepseek-r1:14b,chain_of_thought,llama4,zeroshot_judging,Relevance,4,Excellent
FLAT_PROMPTING,ALPHA-AUTOML,SEMISUPERVISED,SEMI_1217_click_dataset,deepseek-r1:14b,chain_of_thought,deepseek-r1:14b,zeroshot_judging,Accuracy,4,Excellent
FLAT_PROMPTING,ALPHA-AUTOML,SEMISUPERVISED,SEMI_1217_click_dataset,deepseek-r1:14b,chain_of_thought,deepseek-r1:14b,zeroshot_judging,Clarity,3,Good
FLAT_PROMPTING,ALPHA-AUTOML,SEMISUPERVISED,SEMI_1217_click_dataset,deepseek-r1:14b,chain_of_thought,deepseek-r1:14b,zeroshot_judging,Completeness,3,Good
FLAT_PROMPTING,ALPHA-AUTOML,SEMISUPERVISED,SEMI_1217_click_dataset,deepseek-r1:14b,chain_of_thought,deepseek-r1:14b,zeroshot_judging,Relevance,4,Excellent
FLAT_PROMPTING,ALPHA-AUTOML,SEMISUPERVISED,SEMI_1217_click_dataset,deepseek-r1:14b,zeroshot_CoT,llama4,zeroshot_judging,Accuracy,4,Excellent
FLAT_PROMPTING,ALPHA-AUTOML,SEMISUPERVISED,SEMI_1217_click_dataset,deepseek-r1:14b,zeroshot_CoT,llama4,zeroshot_judging,Clarity,4,Excellent
FLAT_PROMPTING,ALPHA-AUTOML,SEMISUPERVISED,SEMI_1217_click_dataset,deepseek-r1:14b,zeroshot_CoT,llama4,zeroshot_judging,Completeness,4,Excellent
FLAT_PROMPTING,ALPHA-AUTOML,SEMISUPERVISED,SEMI_1217_click_dataset,deepseek-r1:14b,zeroshot_CoT,llama4,zeroshot_judging,Relevance,4,Excellent
FLAT_PROMPTING,ALPHA-AUTOML,SEMISUPERVISED,SEMI_1217_click_dataset,deepseek-r1:14b,zeroshot_CoT,deepseek-r1:14b,zeroshot_judging,Accuracy,2,Average
FLAT_PROMPTING,ALPHA-AUTOML,SEMISUPERVISED,SEMI_1217_click_dataset,deepseek-r1:14b,zeroshot_CoT,deepseek-r1:14b,zeroshot_judging,Clarity,4,Excellent
FLAT_PROMPTING,ALPHA-AUTOML,SEMISUPERVISED,SEMI_1217_click_dataset,deepseek-r1:14b,zeroshot_CoT,deepseek-r1:14b,zeroshot_judging,Completeness,2,Average
FLAT_PROMPTING,ALPHA-AUTOML,SEMISUPERVISED,SEMI_1217_click_dataset,deepseek-r1:14b,zeroshot_CoT,deepseek-r1:14b,zeroshot_judging,Relevance,3,Good
FLAT_PROMPTING,ALPHA-AUTOML,SEMISUPERVISED,SEMI_1217_click_dataset,deepseek-r1:14b,fewshot+instruction,llama4,zeroshot_judging,Accuracy,4,Excellent
FLAT_PROMPTING,ALPHA-AUTOML,SEMISUPERVISED,SEMI_1217_click_dataset,deepseek-r1:14b,fewshot+instruction,llama4,zeroshot_judging,Clarity,4,Excellent
FLAT_PROMPTING,ALPHA-AUTOML,SEMISUPERVISED,SEMI_1217_click_dataset,deepseek-r1:14b,fewshot+instruction,llama4,zeroshot_judging,Completeness,4,Excellent
FLAT_PROMPTING,ALPHA-AUTOML,SEMISUPERVISED,SEMI_1217_click_dataset,deepseek-r1:14b,fewshot+instruction,llama4,zeroshot_judging,Relevance,4,Excellent
FLAT_PROMPTING,ALPHA-AUTOML,SEMISUPERVISED,SEMI_1217_click_dataset,deepseek-r1:14b,fewshot+instruction,deepseek-r1:14b,zeroshot_judging,Accuracy,2,Average
FLAT_PROMPTING,ALPHA-AUTOML,SEMISUPERVISED,SEMI_1217_click_dataset,deepseek-r1:14b,fewshot+instruction,deepseek-r1:14b,zeroshot_judging,Clarity,4,Excellent
FLAT_PROMPTING,ALPHA-AUTOML,SEMISUPERVISED,SEMI_1217_click_dataset,deepseek-r1:14b,fewshot+instruction,deepseek-r1:14b,zeroshot_judging,Completeness,3,Good
FLAT_PROMPTING,ALPHA-AUTOML,SEMISUPERVISED,SEMI_1217_click_dataset,deepseek-r1:14b,fewshot+instruction,deepseek-r1:14b,zeroshot_judging,Relevance,2,Average
FLAT_PROMPTING,ALPHA-AUTOML,SEMISUPERVISED,SEMI_1459_artificial_characters_dataset,llama4,zeroshot,llama4,zeroshot_judging,Accuracy,5,Excellent
FLAT_PROMPTING,ALPHA-AUTOML,SEMISUPERVISED,SEMI_1459_artificial_characters_dataset,llama4,zeroshot,llama4,zeroshot_judging,Clarity,5,Excellent
FLAT_PROMPTING,ALPHA-AUTOML,SEMISUPERVISED,SEMI_1459_artificial_characters_dataset,llama4,zeroshot,llama4,zeroshot_judging,Completeness,5,Excellent
FLAT_PROMPTING,ALPHA-AUTOML,SEMISUPERVISED,SEMI_1459_artificial_characters_dataset,llama4,zeroshot,llama4,zeroshot_judging,Relevance,5,Excellent
FLAT_PROMPTING,ALPHA-AUTOML,SEMISUPERVISED,SEMI_1459_artificial_characters_dataset,llama4,zeroshot,deepseek-r1:14b,zeroshot_judging,Accuracy,4,Excellent
FLAT_PROMPTING,ALPHA-AUTOML,SEMISUPERVISED,SEMI_1459_artificial_characters_dataset,llama4,zeroshot,deepseek-r1:14b,zeroshot_judging,Clarity,4,Excellent
FLAT_PROMPTING,ALPHA-AUTOML,SEMISUPERVISED,SEMI_1459_artificial_characters_dataset,llama4,zeroshot,deepseek-r1:14b,zeroshot_judging,Completeness,4,Excellent
FLAT_PROMPTING,ALPHA-AUTOML,SEMISUPERVISED,SEMI_1459_artificial_characters_dataset,llama4,zeroshot,deepseek-r1:14b,zeroshot_judging,Relevance,4,Excellent
FLAT_PROMPTING,ALPHA-AUTOML,SEMISUPERVISED,SEMI_1459_artificial_characters_dataset,llama4,zeroshot_instruction,llama4,zeroshot_judging,Accuracy,4,Excellent
FLAT_PROMPTING,ALPHA-AUTOML,SEMISUPERVISED,SEMI_1459_artificial_characters_dataset,llama4,zeroshot_instruction,llama4,zeroshot_judging,Clarity,4,Excellent
FLAT_PROMPTING,ALPHA-AUTOML,SEMISUPERVISED,SEMI_1459_artificial_characters_dataset,llama4,zeroshot_instruction,llama4,zeroshot_judging,Completeness,4,Excellent
FLAT_PROMPTING,ALPHA-AUTOML,SEMISUPERVISED,SEMI_1459_artificial_characters_dataset,llama4,zeroshot_instruction,llama4,zeroshot_judging,Relevance,4,Excellent
FLAT_PROMPTING,ALPHA-AUTOML,SEMISUPERVISED,SEMI_1459_artificial_characters_dataset,llama4,zeroshot_instruction,deepseek-r1:14b,zeroshot_judging,Accuracy,4,Excellent
FLAT_PROMPTING,ALPHA-AUTOML,SEMISUPERVISED,SEMI_1459_artificial_characters_dataset,llama4,zeroshot_instruction,deepseek-r1:14b,zeroshot_judging,Clarity,4,Excellent
FLAT_PROMPTING,ALPHA-AUTOML,SEMISUPERVISED,SEMI_1459_artificial_characters_dataset,llama4,zeroshot_instruction,deepseek-r1:14b,zeroshot_judging,Completeness,4,Excellent
FLAT_PROMPTING,ALPHA-AUTOML,SEMISUPERVISED,SEMI_1459_artificial_characters_dataset,llama4,zeroshot_instruction,deepseek-r1:14b,zeroshot_judging,Relevance,4,Excellent
FLAT_PROMPTING,ALPHA-AUTOML,SEMISUPERVISED,SEMI_1459_artificial_characters_dataset,llama4,fewshot,llama4,zeroshot_judging,Accuracy,4,Excellent
FLAT_PROMPTING,ALPHA-AUTOML,SEMISUPERVISED,SEMI_1459_artificial_characters_dataset,llama4,fewshot,llama4,zeroshot_judging,Clarity,4,Excellent
FLAT_PROMPTING,ALPHA-AUTOML,SEMISUPERVISED,SEMI_1459_artificial_characters_dataset,llama4,fewshot,llama4,zeroshot_judging,Completeness,3,Good
FLAT_PROMPTING,ALPHA-AUTOML,SEMISUPERVISED,SEMI_1459_artificial_characters_dataset,llama4,fewshot,llama4,zeroshot_judging,Relevance,4,Excellent
FLAT_PROMPTING,ALPHA-AUTOML,SEMISUPERVISED,SEMI_1459_artificial_characters_dataset,llama4,fewshot,deepseek-r1:14b,zeroshot_judging,Accuracy,2,Average
FLAT_PROMPTING,ALPHA-AUTOML,SEMISUPERVISED,SEMI_1459_artificial_characters_dataset,llama4,fewshot,deepseek-r1:14b,zeroshot_judging,Clarity,3,Good
FLAT_PROMPTING,ALPHA-AUTOML,SEMISUPERVISED,SEMI_1459_artificial_characters_dataset,llama4,fewshot,deepseek-r1:14b,zeroshot_judging,Completeness,4,Excellent
FLAT_PROMPTING,ALPHA-AUTOML,SEMISUPERVISED,SEMI_1459_artificial_characters_dataset,llama4,fewshot,deepseek-r1:14b,zeroshot_judging,Relevance,2,Average
FLAT_PROMPTING,ALPHA-AUTOML,SEMISUPERVISED,SEMI_1459_artificial_characters_dataset,llama4,chain_of_thought,llama4,zeroshot_judging,Accuracy,5,Excellent
FLAT_PROMPTING,ALPHA-AUTOML,SEMISUPERVISED,SEMI_1459_artificial_characters_dataset,llama4,chain_of_thought,llama4,zeroshot_judging,Clarity,5,Excellent
FLAT_PROMPTING,ALPHA-AUTOML,SEMISUPERVISED,SEMI_1459_artificial_characters_dataset,llama4,chain_of_thought,llama4,zeroshot_judging,Completeness,5,Excellent
FLAT_PROMPTING,ALPHA-AUTOML,SEMISUPERVISED,SEMI_1459_artificial_characters_dataset,llama4,chain_of_thought,llama4,zeroshot_judging,Relevance,5,Excellent
FLAT_PROMPTING,ALPHA-AUTOML,SEMISUPERVISED,SEMI_1459_artificial_characters_dataset,llama4,chain_of_thought,deepseek-r1:14b,zeroshot_judging,Accuracy,4,Excellent
FLAT_PROMPTING,ALPHA-AUTOML,SEMISUPERVISED,SEMI_1459_artificial_characters_dataset,llama4,chain_of_thought,deepseek-r1:14b,zeroshot_judging,Clarity,4,Excellent
FLAT_PROMPTING,ALPHA-AUTOML,SEMISUPERVISED,SEMI_1459_artificial_characters_dataset,llama4,chain_of_thought,deepseek-r1:14b,zeroshot_judging,Completeness,4,Excellent
FLAT_PROMPTING,ALPHA-AUTOML,SEMISUPERVISED,SEMI_1459_artificial_characters_dataset,llama4,chain_of_thought,deepseek-r1:14b,zeroshot_judging,Relevance,4,Excellent
FLAT_PROMPTING,ALPHA-AUTOML,SEMISUPERVISED,SEMI_1459_artificial_characters_dataset,llama4,zeroshot_CoT,llama4,zeroshot_judging,Accuracy,4,Excellent
FLAT_PROMPTING,ALPHA-AUTOML,SEMISUPERVISED,SEMI_1459_artificial_characters_dataset,llama4,zeroshot_CoT,llama4,zeroshot_judging,Clarity,4,Excellent
FLAT_PROMPTING,ALPHA-AUTOML,SEMISUPERVISED,SEMI_1459_artificial_characters_dataset,llama4,zeroshot_CoT,llama4,zeroshot_judging,Completeness,4,Excellent
FLAT_PROMPTING,ALPHA-AUTOML,SEMISUPERVISED,SEMI_1459_artificial_characters_dataset,llama4,zeroshot_CoT,llama4,zeroshot_judging,Relevance,4,Excellent
FLAT_PROMPTING,ALPHA-AUTOML,SEMISUPERVISED,SEMI_1459_artificial_characters_dataset,llama4,zeroshot_CoT,deepseek-r1:14b,zeroshot_judging,Accuracy,4,Excellent
FLAT_PROMPTING,ALPHA-AUTOML,SEMISUPERVISED,SEMI_1459_artificial_characters_dataset,llama4,zeroshot_CoT,deepseek-r1:14b,zeroshot_judging,Clarity,3,Good
FLAT_PROMPTING,ALPHA-AUTOML,SEMISUPERVISED,SEMI_1459_artificial_characters_dataset,llama4,zeroshot_CoT,deepseek-r1:14b,zeroshot_judging,Completeness,4,Excellent
FLAT_PROMPTING,ALPHA-AUTOML,SEMISUPERVISED,SEMI_1459_artificial_characters_dataset,llama4,zeroshot_CoT,deepseek-r1:14b,zeroshot_judging,Relevance,4,Excellent
FLAT_PROMPTING,ALPHA-AUTOML,SEMISUPERVISED,SEMI_1459_artificial_characters_dataset,llama4,fewshot+instruction,llama4,zeroshot_judging,Accuracy,5,Excellent
FLAT_PROMPTING,ALPHA-AUTOML,SEMISUPERVISED,SEMI_1459_artificial_characters_dataset,llama4,fewshot+instruction,llama4,zeroshot_judging,Clarity,5,Excellent
FLAT_PROMPTING,ALPHA-AUTOML,SEMISUPERVISED,SEMI_1459_artificial_characters_dataset,llama4,fewshot+instruction,llama4,zeroshot_judging,Completeness,5,Excellent
FLAT_PROMPTING,ALPHA-AUTOML,SEMISUPERVISED,SEMI_1459_artificial_characters_dataset,llama4,fewshot+instruction,llama4,zeroshot_judging,Relevance,5,Excellent
FLAT_PROMPTING,ALPHA-AUTOML,SEMISUPERVISED,SEMI_1459_artificial_characters_dataset,llama4,fewshot+instruction,deepseek-r1:14b,zeroshot_judging,Accuracy,4,Excellent
FLAT_PROMPTING,ALPHA-AUTOML,SEMISUPERVISED,SEMI_1459_artificial_characters_dataset,llama4,fewshot+instruction,deepseek-r1:14b,zeroshot_judging,Clarity,4,Excellent
FLAT_PROMPTING,ALPHA-AUTOML,SEMISUPERVISED,SEMI_1459_artificial_characters_dataset,llama4,fewshot+instruction,deepseek-r1:14b,zeroshot_judging,Completeness,4,Excellent
FLAT_PROMPTING,ALPHA-AUTOML,SEMISUPERVISED,SEMI_1459_artificial_characters_dataset,llama4,fewshot+instruction,deepseek-r1:14b,zeroshot_judging,Relevance,4,Excellent
FLAT_PROMPTING,ALPHA-AUTOML,SEMISUPERVISED,SEMI_1459_artificial_characters_dataset,deepseek-r1:14b,zeroshot,llama4,zeroshot_judging,Accuracy,5,Excellent
FLAT_PROMPTING,ALPHA-AUTOML,SEMISUPERVISED,SEMI_1459_artificial_characters_dataset,deepseek-r1:14b,zeroshot,llama4,zeroshot_judging,Clarity,5,Excellent
FLAT_PROMPTING,ALPHA-AUTOML,SEMISUPERVISED,SEMI_1459_artificial_characters_dataset,deepseek-r1:14b,zeroshot,llama4,zeroshot_judging,Completeness,5,Excellent
FLAT_PROMPTING,ALPHA-AUTOML,SEMISUPERVISED,SEMI_1459_artificial_characters_dataset,deepseek-r1:14b,zeroshot,llama4,zeroshot_judging,Relevance,5,Excellent
FLAT_PROMPTING,ALPHA-AUTOML,SEMISUPERVISED,SEMI_1459_artificial_characters_dataset,deepseek-r1:14b,zeroshot,deepseek-r1:14b,zeroshot_judging,Accuracy,4,Excellent
FLAT_PROMPTING,ALPHA-AUTOML,SEMISUPERVISED,SEMI_1459_artificial_characters_dataset,deepseek-r1:14b,zeroshot,deepseek-r1:14b,zeroshot_judging,Clarity,4,Excellent
FLAT_PROMPTING,ALPHA-AUTOML,SEMISUPERVISED,SEMI_1459_artificial_characters_dataset,deepseek-r1:14b,zeroshot,deepseek-r1:14b,zeroshot_judging,Completeness,4,Excellent
FLAT_PROMPTING,ALPHA-AUTOML,SEMISUPERVISED,SEMI_1459_artificial_characters_dataset,deepseek-r1:14b,zeroshot,deepseek-r1:14b,zeroshot_judging,Relevance,4,Excellent
FLAT_PROMPTING,ALPHA-AUTOML,SEMISUPERVISED,SEMI_1459_artificial_characters_dataset,deepseek-r1:14b,zeroshot_instruction,llama4,zeroshot_judging,Accuracy,4,Excellent
FLAT_PROMPTING,ALPHA-AUTOML,SEMISUPERVISED,SEMI_1459_artificial_characters_dataset,deepseek-r1:14b,zeroshot_instruction,llama4,zeroshot_judging,Clarity,4,Excellent
FLAT_PROMPTING,ALPHA-AUTOML,SEMISUPERVISED,SEMI_1459_artificial_characters_dataset,deepseek-r1:14b,zeroshot_instruction,llama4,zeroshot_judging,Completeness,4,Excellent
FLAT_PROMPTING,ALPHA-AUTOML,SEMISUPERVISED,SEMI_1459_artificial_characters_dataset,deepseek-r1:14b,zeroshot_instruction,llama4,zeroshot_judging,Relevance,4,Excellent
FLAT_PROMPTING,ALPHA-AUTOML,SEMISUPERVISED,SEMI_1459_artificial_characters_dataset,deepseek-r1:14b,zeroshot_instruction,deepseek-r1:14b,zeroshot_judging,Accuracy,4,Excellent
FLAT_PROMPTING,ALPHA-AUTOML,SEMISUPERVISED,SEMI_1459_artificial_characters_dataset,deepseek-r1:14b,zeroshot_instruction,deepseek-r1:14b,zeroshot_judging,Clarity,4,Excellent
FLAT_PROMPTING,ALPHA-AUTOML,SEMISUPERVISED,SEMI_1459_artificial_characters_dataset,deepseek-r1:14b,zeroshot_instruction,deepseek-r1:14b,zeroshot_judging,Completeness,4,Excellent
FLAT_PROMPTING,ALPHA-AUTOML,SEMISUPERVISED,SEMI_1459_artificial_characters_dataset,deepseek-r1:14b,zeroshot_instruction,deepseek-r1:14b,zeroshot_judging,Relevance,4,Excellent
FLAT_PROMPTING,ALPHA-AUTOML,SEMISUPERVISED,SEMI_1459_artificial_characters_dataset,deepseek-r1:14b,fewshot,llama4,zeroshot_judging,Accuracy,4,Excellent
FLAT_PROMPTING,ALPHA-AUTOML,SEMISUPERVISED,SEMI_1459_artificial_characters_dataset,deepseek-r1:14b,fewshot,llama4,zeroshot_judging,Clarity,4,Excellent
FLAT_PROMPTING,ALPHA-AUTOML,SEMISUPERVISED,SEMI_1459_artificial_characters_dataset,deepseek-r1:14b,fewshot,llama4,zeroshot_judging,Completeness,4,Excellent
FLAT_PROMPTING,ALPHA-AUTOML,SEMISUPERVISED,SEMI_1459_artificial_characters_dataset,deepseek-r1:14b,fewshot,llama4,zeroshot_judging,Relevance,4,Excellent
FLAT_PROMPTING,ALPHA-AUTOML,SEMISUPERVISED,SEMI_1459_artificial_characters_dataset,deepseek-r1:14b,fewshot,deepseek-r1:14b,zeroshot_judging,Accuracy,3,Good
FLAT_PROMPTING,ALPHA-AUTOML,SEMISUPERVISED,SEMI_1459_artificial_characters_dataset,deepseek-r1:14b,fewshot,deepseek-r1:14b,zeroshot_judging,Clarity,4,Excellent
FLAT_PROMPTING,ALPHA-AUTOML,SEMISUPERVISED,SEMI_1459_artificial_characters_dataset,deepseek-r1:14b,fewshot,deepseek-r1:14b,zeroshot_judging,Completeness,3,Good
FLAT_PROMPTING,ALPHA-AUTOML,SEMISUPERVISED,SEMI_1459_artificial_characters_dataset,deepseek-r1:14b,fewshot,deepseek-r1:14b,zeroshot_judging,Relevance,4,Excellent
FLAT_PROMPTING,ALPHA-AUTOML,SEMISUPERVISED,SEMI_1459_artificial_characters_dataset,deepseek-r1:14b,chain_of_thought,llama4,zeroshot_judging,Accuracy,4,Excellent
FLAT_PROMPTING,ALPHA-AUTOML,SEMISUPERVISED,SEMI_1459_artificial_characters_dataset,deepseek-r1:14b,chain_of_thought,llama4,zeroshot_judging,Clarity,4,Excellent
FLAT_PROMPTING,ALPHA-AUTOML,SEMISUPERVISED,SEMI_1459_artificial_characters_dataset,deepseek-r1:14b,chain_of_thought,llama4,zeroshot_judging,Completeness,4,Excellent
FLAT_PROMPTING,ALPHA-AUTOML,SEMISUPERVISED,SEMI_1459_artificial_characters_dataset,deepseek-r1:14b,chain_of_thought,llama4,zeroshot_judging,Relevance,4,Excellent
FLAT_PROMPTING,ALPHA-AUTOML,SEMISUPERVISED,SEMI_1459_artificial_characters_dataset,deepseek-r1:14b,chain_of_thought,deepseek-r1:14b,zeroshot_judging,Accuracy,3,Good
FLAT_PROMPTING,ALPHA-AUTOML,SEMISUPERVISED,SEMI_1459_artificial_characters_dataset,deepseek-r1:14b,chain_of_thought,deepseek-r1:14b,zeroshot_judging,Clarity,4,Excellent
FLAT_PROMPTING,ALPHA-AUTOML,SEMISUPERVISED,SEMI_1459_artificial_characters_dataset,deepseek-r1:14b,chain_of_thought,deepseek-r1:14b,zeroshot_judging,Completeness,4,Excellent
FLAT_PROMPTING,ALPHA-AUTOML,SEMISUPERVISED,SEMI_1459_artificial_characters_dataset,deepseek-r1:14b,chain_of_thought,deepseek-r1:14b,zeroshot_judging,Relevance,3,Good
FLAT_PROMPTING,ALPHA-AUTOML,SEMISUPERVISED,SEMI_1459_artificial_characters_dataset,deepseek-r1:14b,zeroshot_CoT,llama4,zeroshot_judging,Accuracy,4,Excellent
FLAT_PROMPTING,ALPHA-AUTOML,SEMISUPERVISED,SEMI_1459_artificial_characters_dataset,deepseek-r1:14b,zeroshot_CoT,llama4,zeroshot_judging,Clarity,4,Excellent
FLAT_PROMPTING,ALPHA-AUTOML,SEMISUPERVISED,SEMI_1459_artificial_characters_dataset,deepseek-r1:14b,zeroshot_CoT,llama4,zeroshot_judging,Completeness,4,Excellent
FLAT_PROMPTING,ALPHA-AUTOML,SEMISUPERVISED,SEMI_1459_artificial_characters_dataset,deepseek-r1:14b,zeroshot_CoT,llama4,zeroshot_judging,Relevance,4,Excellent
FLAT_PROMPTING,ALPHA-AUTOML,SEMISUPERVISED,SEMI_1459_artificial_characters_dataset,deepseek-r1:14b,zeroshot_CoT,deepseek-r1:14b,zeroshot_judging,Accuracy,4,Excellent
FLAT_PROMPTING,ALPHA-AUTOML,SEMISUPERVISED,SEMI_1459_artificial_characters_dataset,deepseek-r1:14b,zeroshot_CoT,deepseek-r1:14b,zeroshot_judging,Clarity,4,Excellent
FLAT_PROMPTING,ALPHA-AUTOML,SEMISUPERVISED,SEMI_1459_artificial_characters_dataset,deepseek-r1:14b,zeroshot_CoT,deepseek-r1:14b,zeroshot_judging,Completeness,4,Excellent
FLAT_PROMPTING,ALPHA-AUTOML,SEMISUPERVISED,SEMI_1459_artificial_characters_dataset,deepseek-r1:14b,zeroshot_CoT,deepseek-r1:14b,zeroshot_judging,Relevance,4,Excellent
FLAT_PROMPTING,ALPHA-AUTOML,SEMISUPERVISED,SEMI_1459_artificial_characters_dataset,deepseek-r1:14b,fewshot+instruction,llama4,zeroshot_judging,Accuracy,5,Excellent
FLAT_PROMPTING,ALPHA-AUTOML,SEMISUPERVISED,SEMI_1459_artificial_characters_dataset,deepseek-r1:14b,fewshot+instruction,llama4,zeroshot_judging,Clarity,5,Excellent
FLAT_PROMPTING,ALPHA-AUTOML,SEMISUPERVISED,SEMI_1459_artificial_characters_dataset,deepseek-r1:14b,fewshot+instruction,llama4,zeroshot_judging,Completeness,5,Excellent
FLAT_PROMPTING,ALPHA-AUTOML,SEMISUPERVISED,SEMI_1459_artificial_characters_dataset,deepseek-r1:14b,fewshot+instruction,llama4,zeroshot_judging,Relevance,5,Excellent
FLAT_PROMPTING,ALPHA-AUTOML,SEMISUPERVISED,SEMI_1459_artificial_characters_dataset,deepseek-r1:14b,fewshot+instruction,deepseek-r1:14b,zeroshot_judging,Accuracy,4,Excellent
FLAT_PROMPTING,ALPHA-AUTOML,SEMISUPERVISED,SEMI_1459_artificial_characters_dataset,deepseek-r1:14b,fewshot+instruction,deepseek-r1:14b,zeroshot_judging,Clarity,3,Good
FLAT_PROMPTING,ALPHA-AUTOML,SEMISUPERVISED,SEMI_1459_artificial_characters_dataset,deepseek-r1:14b,fewshot+instruction,deepseek-r1:14b,zeroshot_judging,Completeness,4,Excellent
FLAT_PROMPTING,ALPHA-AUTOML,SEMISUPERVISED,SEMI_1459_artificial_characters_dataset,deepseek-r1:14b,fewshot+instruction,deepseek-r1:14b,zeroshot_judging,Relevance,4,Excellent
FLAT_PROMPTING,ALPHA-AUTOML,TIME_SERIES_FORECAST,stock_market,llama4,zeroshot,llama4,zeroshot_judging,Accuracy,4,Excellent
FLAT_PROMPTING,ALPHA-AUTOML,TIME_SERIES_FORECAST,stock_market,llama4,zeroshot,llama4,zeroshot_judging,Clarity,4,Excellent
FLAT_PROMPTING,ALPHA-AUTOML,TIME_SERIES_FORECAST,stock_market,llama4,zeroshot,llama4,zeroshot_judging,Completeness,3,Good
FLAT_PROMPTING,ALPHA-AUTOML,TIME_SERIES_FORECAST,stock_market,llama4,zeroshot,llama4,zeroshot_judging,Relevance,4,Excellent
FLAT_PROMPTING,ALPHA-AUTOML,TIME_SERIES_FORECAST,stock_market,llama4,zeroshot,deepseek-r1:14b,zeroshot_judging,Accuracy,3,Good
FLAT_PROMPTING,ALPHA-AUTOML,TIME_SERIES_FORECAST,stock_market,llama4,zeroshot,deepseek-r1:14b,zeroshot_judging,Clarity,4,Excellent
FLAT_PROMPTING,ALPHA-AUTOML,TIME_SERIES_FORECAST,stock_market,llama4,zeroshot,deepseek-r1:14b,zeroshot_judging,Completeness,3,Good
FLAT_PROMPTING,ALPHA-AUTOML,TIME_SERIES_FORECAST,stock_market,llama4,zeroshot,deepseek-r1:14b,zeroshot_judging,Relevance,4,Excellent
FLAT_PROMPTING,ALPHA-AUTOML,TIME_SERIES_FORECAST,stock_market,llama4,zeroshot_instruction,llama4,zeroshot_judging,Accuracy,3,Good
FLAT_PROMPTING,ALPHA-AUTOML,TIME_SERIES_FORECAST,stock_market,llama4,zeroshot_instruction,llama4,zeroshot_judging,Clarity,4,Excellent
FLAT_PROMPTING,ALPHA-AUTOML,TIME_SERIES_FORECAST,stock_market,llama4,zeroshot_instruction,llama4,zeroshot_judging,Completeness,3,Good
FLAT_PROMPTING,ALPHA-AUTOML,TIME_SERIES_FORECAST,stock_market,llama4,zeroshot_instruction,llama4,zeroshot_judging,Relevance,4,Excellent
FLAT_PROMPTING,ALPHA-AUTOML,TIME_SERIES_FORECAST,stock_market,llama4,zeroshot_instruction,deepseek-r1:14b,zeroshot_judging,Accuracy,4,Excellent
FLAT_PROMPTING,ALPHA-AUTOML,TIME_SERIES_FORECAST,stock_market,llama4,zeroshot_instruction,deepseek-r1:14b,zeroshot_judging,Clarity,4,Excellent
FLAT_PROMPTING,ALPHA-AUTOML,TIME_SERIES_FORECAST,stock_market,llama4,zeroshot_instruction,deepseek-r1:14b,zeroshot_judging,Completeness,3,Good
FLAT_PROMPTING,ALPHA-AUTOML,TIME_SERIES_FORECAST,stock_market,llama4,zeroshot_instruction,deepseek-r1:14b,zeroshot_judging,Relevance,4,Excellent
FLAT_PROMPTING,ALPHA-AUTOML,TIME_SERIES_FORECAST,stock_market,llama4,fewshot,llama4,zeroshot_judging,Accuracy,4,Excellent
FLAT_PROMPTING,ALPHA-AUTOML,TIME_SERIES_FORECAST,stock_market,llama4,fewshot,llama4,zeroshot_judging,Clarity,4,Excellent
FLAT_PROMPTING,ALPHA-AUTOML,TIME_SERIES_FORECAST,stock_market,llama4,fewshot,llama4,zeroshot_judging,Completeness,3,Good
FLAT_PROMPTING,ALPHA-AUTOML,TIME_SERIES_FORECAST,stock_market,llama4,fewshot,llama4,zeroshot_judging,Relevance,4,Excellent
FLAT_PROMPTING,ALPHA-AUTOML,TIME_SERIES_FORECAST,stock_market,llama4,fewshot,deepseek-r1:14b,zeroshot_judging,Accuracy,3,Good
FLAT_PROMPTING,ALPHA-AUTOML,TIME_SERIES_FORECAST,stock_market,llama4,fewshot,deepseek-r1:14b,zeroshot_judging,Clarity,4,Excellent
FLAT_PROMPTING,ALPHA-AUTOML,TIME_SERIES_FORECAST,stock_market,llama4,fewshot,deepseek-r1:14b,zeroshot_judging,Completeness,2,Average
FLAT_PROMPTING,ALPHA-AUTOML,TIME_SERIES_FORECAST,stock_market,llama4,fewshot,deepseek-r1:14b,zeroshot_judging,Relevance,3,Good
FLAT_PROMPTING,ALPHA-AUTOML,TIME_SERIES_FORECAST,stock_market,llama4,chain_of_thought,llama4,zeroshot_judging,Accuracy,3,Good
FLAT_PROMPTING,ALPHA-AUTOML,TIME_SERIES_FORECAST,stock_market,llama4,chain_of_thought,llama4,zeroshot_judging,Clarity,3,Good
FLAT_PROMPTING,ALPHA-AUTOML,TIME_SERIES_FORECAST,stock_market,llama4,chain_of_thought,llama4,zeroshot_judging,Completeness,2,Average
FLAT_PROMPTING,ALPHA-AUTOML,TIME_SERIES_FORECAST,stock_market,llama4,chain_of_thought,llama4,zeroshot_judging,Relevance,3,Good
FLAT_PROMPTING,ALPHA-AUTOML,TIME_SERIES_FORECAST,stock_market,llama4,chain_of_thought,deepseek-r1:14b,zeroshot_judging,Accuracy,3,Good
FLAT_PROMPTING,ALPHA-AUTOML,TIME_SERIES_FORECAST,stock_market,llama4,chain_of_thought,deepseek-r1:14b,zeroshot_judging,Clarity,4,Excellent
FLAT_PROMPTING,ALPHA-AUTOML,TIME_SERIES_FORECAST,stock_market,llama4,chain_of_thought,deepseek-r1:14b,zeroshot_judging,Completeness,2,Average
FLAT_PROMPTING,ALPHA-AUTOML,TIME_SERIES_FORECAST,stock_market,llama4,chain_of_thought,deepseek-r1:14b,zeroshot_judging,Relevance,3,Good
FLAT_PROMPTING,ALPHA-AUTOML,TIME_SERIES_FORECAST,stock_market,llama4,zeroshot_CoT,llama4,zeroshot_judging,Accuracy,4,Excellent
FLAT_PROMPTING,ALPHA-AUTOML,TIME_SERIES_FORECAST,stock_market,llama4,zeroshot_CoT,llama4,zeroshot_judging,Clarity,4,Excellent
FLAT_PROMPTING,ALPHA-AUTOML,TIME_SERIES_FORECAST,stock_market,llama4,zeroshot_CoT,llama4,zeroshot_judging,Completeness,4,Excellent
FLAT_PROMPTING,ALPHA-AUTOML,TIME_SERIES_FORECAST,stock_market,llama4,zeroshot_CoT,llama4,zeroshot_judging,Relevance,4,Excellent
FLAT_PROMPTING,ALPHA-AUTOML,TIME_SERIES_FORECAST,stock_market,llama4,zeroshot_CoT,deepseek-r1:14b,zeroshot_judging,Accuracy,2,Average
FLAT_PROMPTING,ALPHA-AUTOML,TIME_SERIES_FORECAST,stock_market,llama4,zeroshot_CoT,deepseek-r1:14b,zeroshot_judging,Clarity,3,Good
FLAT_PROMPTING,ALPHA-AUTOML,TIME_SERIES_FORECAST,stock_market,llama4,zeroshot_CoT,deepseek-r1:14b,zeroshot_judging,Completeness,2,Average
FLAT_PROMPTING,ALPHA-AUTOML,TIME_SERIES_FORECAST,stock_market,llama4,zeroshot_CoT,deepseek-r1:14b,zeroshot_judging,Relevance,3,Good
FLAT_PROMPTING,ALPHA-AUTOML,TIME_SERIES_FORECAST,stock_market,llama4,fewshot+instruction,llama4,zeroshot_judging,Accuracy,3,Good
FLAT_PROMPTING,ALPHA-AUTOML,TIME_SERIES_FORECAST,stock_market,llama4,fewshot+instruction,llama4,zeroshot_judging,Clarity,3,Good
FLAT_PROMPTING,ALPHA-AUTOML,TIME_SERIES_FORECAST,stock_market,llama4,fewshot+instruction,llama4,zeroshot_judging,Completeness,2,Average
FLAT_PROMPTING,ALPHA-AUTOML,TIME_SERIES_FORECAST,stock_market,llama4,fewshot+instruction,llama4,zeroshot_judging,Relevance,3,Good
FLAT_PROMPTING,ALPHA-AUTOML,TIME_SERIES_FORECAST,stock_market,llama4,fewshot+instruction,deepseek-r1:14b,zeroshot_judging,Accuracy,4,Excellent
FLAT_PROMPTING,ALPHA-AUTOML,TIME_SERIES_FORECAST,stock_market,llama4,fewshot+instruction,deepseek-r1:14b,zeroshot_judging,Clarity,3,Good
FLAT_PROMPTING,ALPHA-AUTOML,TIME_SERIES_FORECAST,stock_market,llama4,fewshot+instruction,deepseek-r1:14b,zeroshot_judging,Completeness,3,Good
FLAT_PROMPTING,ALPHA-AUTOML,TIME_SERIES_FORECAST,stock_market,llama4,fewshot+instruction,deepseek-r1:14b,zeroshot_judging,Relevance,4,Excellent
FLAT_PROMPTING,ALPHA-AUTOML,TIME_SERIES_FORECAST,stock_market,deepseek-r1:14b,zeroshot,llama4,zeroshot_judging,Accuracy,3,Good
FLAT_PROMPTING,ALPHA-AUTOML,TIME_SERIES_FORECAST,stock_market,deepseek-r1:14b,zeroshot,llama4,zeroshot_judging,Clarity,3,Good
FLAT_PROMPTING,ALPHA-AUTOML,TIME_SERIES_FORECAST,stock_market,deepseek-r1:14b,zeroshot,llama4,zeroshot_judging,Completeness,2,Average
FLAT_PROMPTING,ALPHA-AUTOML,TIME_SERIES_FORECAST,stock_market,deepseek-r1:14b,zeroshot,llama4,zeroshot_judging,Relevance,3,Good
FLAT_PROMPTING,ALPHA-AUTOML,TIME_SERIES_FORECAST,stock_market,deepseek-r1:14b,zeroshot,deepseek-r1:14b,zeroshot_judging,Accuracy,3,Good
FLAT_PROMPTING,ALPHA-AUTOML,TIME_SERIES_FORECAST,stock_market,deepseek-r1:14b,zeroshot,deepseek-r1:14b,zeroshot_judging,Clarity,4,Excellent
FLAT_PROMPTING,ALPHA-AUTOML,TIME_SERIES_FORECAST,stock_market,deepseek-r1:14b,zeroshot,deepseek-r1:14b,zeroshot_judging,Completeness,2,Average
FLAT_PROMPTING,ALPHA-AUTOML,TIME_SERIES_FORECAST,stock_market,deepseek-r1:14b,zeroshot,deepseek-r1:14b,zeroshot_judging,Relevance,4,Excellent
FLAT_PROMPTING,ALPHA-AUTOML,TIME_SERIES_FORECAST,stock_market,deepseek-r1:14b,zeroshot_instruction,llama4,zeroshot_judging,Accuracy,4,Excellent
FLAT_PROMPTING,ALPHA-AUTOML,TIME_SERIES_FORECAST,stock_market,deepseek-r1:14b,zeroshot_instruction,llama4,zeroshot_judging,Clarity,4,Excellent
FLAT_PROMPTING,ALPHA-AUTOML,TIME_SERIES_FORECAST,stock_market,deepseek-r1:14b,zeroshot_instruction,llama4,zeroshot_judging,Completeness,4,Excellent
FLAT_PROMPTING,ALPHA-AUTOML,TIME_SERIES_FORECAST,stock_market,deepseek-r1:14b,zeroshot_instruction,llama4,zeroshot_judging,Relevance,4,Excellent
FLAT_PROMPTING,ALPHA-AUTOML,TIME_SERIES_FORECAST,stock_market,deepseek-r1:14b,zeroshot_instruction,deepseek-r1:14b,zeroshot_judging,Accuracy,3,Good
FLAT_PROMPTING,ALPHA-AUTOML,TIME_SERIES_FORECAST,stock_market,deepseek-r1:14b,zeroshot_instruction,deepseek-r1:14b,zeroshot_judging,Clarity,4,Excellent
FLAT_PROMPTING,ALPHA-AUTOML,TIME_SERIES_FORECAST,stock_market,deepseek-r1:14b,zeroshot_instruction,deepseek-r1:14b,zeroshot_judging,Completeness,3,Good
FLAT_PROMPTING,ALPHA-AUTOML,TIME_SERIES_FORECAST,stock_market,deepseek-r1:14b,zeroshot_instruction,deepseek-r1:14b,zeroshot_judging,Relevance,4,Excellent
FLAT_PROMPTING,ALPHA-AUTOML,TIME_SERIES_FORECAST,stock_market,deepseek-r1:14b,fewshot,llama4,zeroshot_judging,Accuracy,4,Excellent
FLAT_PROMPTING,ALPHA-AUTOML,TIME_SERIES_FORECAST,stock_market,deepseek-r1:14b,fewshot,llama4,zeroshot_judging,Clarity,4,Excellent
FLAT_PROMPTING,ALPHA-AUTOML,TIME_SERIES_FORECAST,stock_market,deepseek-r1:14b,fewshot,llama4,zeroshot_judging,Completeness,4,Excellent
FLAT_PROMPTING,ALPHA-AUTOML,TIME_SERIES_FORECAST,stock_market,deepseek-r1:14b,fewshot,llama4,zeroshot_judging,Relevance,4,Excellent
FLAT_PROMPTING,ALPHA-AUTOML,TIME_SERIES_FORECAST,stock_market,deepseek-r1:14b,fewshot,deepseek-r1:14b,zeroshot_judging,Accuracy,4,Excellent
FLAT_PROMPTING,ALPHA-AUTOML,TIME_SERIES_FORECAST,stock_market,deepseek-r1:14b,fewshot,deepseek-r1:14b,zeroshot_judging,Clarity,3,Good
FLAT_PROMPTING,ALPHA-AUTOML,TIME_SERIES_FORECAST,stock_market,deepseek-r1:14b,fewshot,deepseek-r1:14b,zeroshot_judging,Completeness,3,Good
FLAT_PROMPTING,ALPHA-AUTOML,TIME_SERIES_FORECAST,stock_market,deepseek-r1:14b,fewshot,deepseek-r1:14b,zeroshot_judging,Relevance,4,Excellent
FLAT_PROMPTING,ALPHA-AUTOML,TIME_SERIES_FORECAST,stock_market,deepseek-r1:14b,chain_of_thought,llama4,zeroshot_judging,Accuracy,3,Good
FLAT_PROMPTING,ALPHA-AUTOML,TIME_SERIES_FORECAST,stock_market,deepseek-r1:14b,chain_of_thought,llama4,zeroshot_judging,Clarity,3,Good
FLAT_PROMPTING,ALPHA-AUTOML,TIME_SERIES_FORECAST,stock_market,deepseek-r1:14b,chain_of_thought,llama4,zeroshot_judging,Completeness,2,Average
FLAT_PROMPTING,ALPHA-AUTOML,TIME_SERIES_FORECAST,stock_market,deepseek-r1:14b,chain_of_thought,llama4,zeroshot_judging,Relevance,3,Good
FLAT_PROMPTING,ALPHA-AUTOML,TIME_SERIES_FORECAST,stock_market,deepseek-r1:14b,chain_of_thought,deepseek-r1:14b,zeroshot_judging,Accuracy,4,Excellent
FLAT_PROMPTING,ALPHA-AUTOML,TIME_SERIES_FORECAST,stock_market,deepseek-r1:14b,chain_of_thought,deepseek-r1:14b,zeroshot_judging,Clarity,3,Good
FLAT_PROMPTING,ALPHA-AUTOML,TIME_SERIES_FORECAST,stock_market,deepseek-r1:14b,chain_of_thought,deepseek-r1:14b,zeroshot_judging,Completeness,2,Average
FLAT_PROMPTING,ALPHA-AUTOML,TIME_SERIES_FORECAST,stock_market,deepseek-r1:14b,chain_of_thought,deepseek-r1:14b,zeroshot_judging,Relevance,4,Excellent
FLAT_PROMPTING,ALPHA-AUTOML,TIME_SERIES_FORECAST,stock_market,deepseek-r1:14b,zeroshot_CoT,llama4,zeroshot_judging,Accuracy,4,Excellent
FLAT_PROMPTING,ALPHA-AUTOML,TIME_SERIES_FORECAST,stock_market,deepseek-r1:14b,zeroshot_CoT,llama4,zeroshot_judging,Clarity,4,Excellent
FLAT_PROMPTING,ALPHA-AUTOML,TIME_SERIES_FORECAST,stock_market,deepseek-r1:14b,zeroshot_CoT,llama4,zeroshot_judging,Completeness,3,Good
FLAT_PROMPTING,ALPHA-AUTOML,TIME_SERIES_FORECAST,stock_market,deepseek-r1:14b,zeroshot_CoT,llama4,zeroshot_judging,Relevance,4,Excellent
FLAT_PROMPTING,ALPHA-AUTOML,TIME_SERIES_FORECAST,stock_market,deepseek-r1:14b,zeroshot_CoT,deepseek-r1:14b,zeroshot_judging,Accuracy,2,Average
FLAT_PROMPTING,ALPHA-AUTOML,TIME_SERIES_FORECAST,stock_market,deepseek-r1:14b,zeroshot_CoT,deepseek-r1:14b,zeroshot_judging,Clarity,3,Good
FLAT_PROMPTING,ALPHA-AUTOML,TIME_SERIES_FORECAST,stock_market,deepseek-r1:14b,zeroshot_CoT,deepseek-r1:14b,zeroshot_judging,Completeness,2,Average
FLAT_PROMPTING,ALPHA-AUTOML,TIME_SERIES_FORECAST,stock_market,deepseek-r1:14b,zeroshot_CoT,deepseek-r1:14b,zeroshot_judging,Relevance,3,Good
FLAT_PROMPTING,ALPHA-AUTOML,TIME_SERIES_FORECAST,stock_market,deepseek-r1:14b,fewshot+instruction,llama4,zeroshot_judging,Accuracy,4,Excellent
FLAT_PROMPTING,ALPHA-AUTOML,TIME_SERIES_FORECAST,stock_market,deepseek-r1:14b,fewshot+instruction,llama4,zeroshot_judging,Clarity,4,Excellent
FLAT_PROMPTING,ALPHA-AUTOML,TIME_SERIES_FORECAST,stock_market,deepseek-r1:14b,fewshot+instruction,llama4,zeroshot_judging,Completeness,4,Excellent
FLAT_PROMPTING,ALPHA-AUTOML,TIME_SERIES_FORECAST,stock_market,deepseek-r1:14b,fewshot+instruction,llama4,zeroshot_judging,Relevance,4,Excellent
FLAT_PROMPTING,ALPHA-AUTOML,TIME_SERIES_FORECAST,stock_market,deepseek-r1:14b,fewshot+instruction,deepseek-r1:14b,zeroshot_judging,Accuracy,4,Excellent
FLAT_PROMPTING,ALPHA-AUTOML,TIME_SERIES_FORECAST,stock_market,deepseek-r1:14b,fewshot+instruction,deepseek-r1:14b,zeroshot_judging,Clarity,4,Excellent
FLAT_PROMPTING,ALPHA-AUTOML,TIME_SERIES_FORECAST,stock_market,deepseek-r1:14b,fewshot+instruction,deepseek-r1:14b,zeroshot_judging,Completeness,3,Good
FLAT_PROMPTING,ALPHA-AUTOML,TIME_SERIES_FORECAST,stock_market,deepseek-r1:14b,fewshot+instruction,deepseek-r1:14b,zeroshot_judging,Relevance,4,Excellent
FLAT_PROMPTING,ALPHA-AUTOML,TIME_SERIES_FORECAST,56_sunspots_monthly,llama4,zeroshot,llama4,zeroshot_judging,Accuracy,4,Excellent
FLAT_PROMPTING,ALPHA-AUTOML,TIME_SERIES_FORECAST,56_sunspots_monthly,llama4,zeroshot,llama4,zeroshot_judging,Clarity,4,Excellent
FLAT_PROMPTING,ALPHA-AUTOML,TIME_SERIES_FORECAST,56_sunspots_monthly,llama4,zeroshot,llama4,zeroshot_judging,Completeness,4,Excellent
FLAT_PROMPTING,ALPHA-AUTOML,TIME_SERIES_FORECAST,56_sunspots_monthly,llama4,zeroshot,llama4,zeroshot_judging,Relevance,4,Excellent
FLAT_PROMPTING,ALPHA-AUTOML,TIME_SERIES_FORECAST,56_sunspots_monthly,llama4,zeroshot,deepseek-r1:14b,zeroshot_judging,Accuracy,2,Average
FLAT_PROMPTING,ALPHA-AUTOML,TIME_SERIES_FORECAST,56_sunspots_monthly,llama4,zeroshot,deepseek-r1:14b,zeroshot_judging,Clarity,4,Excellent
FLAT_PROMPTING,ALPHA-AUTOML,TIME_SERIES_FORECAST,56_sunspots_monthly,llama4,zeroshot,deepseek-r1:14b,zeroshot_judging,Completeness,2,Average
FLAT_PROMPTING,ALPHA-AUTOML,TIME_SERIES_FORECAST,56_sunspots_monthly,llama4,zeroshot,deepseek-r1:14b,zeroshot_judging,Relevance,4,Excellent
FLAT_PROMPTING,ALPHA-AUTOML,TIME_SERIES_FORECAST,56_sunspots_monthly,llama4,zeroshot_instruction,llama4,zeroshot_judging,Accuracy,4,Excellent
FLAT_PROMPTING,ALPHA-AUTOML,TIME_SERIES_FORECAST,56_sunspots_monthly,llama4,zeroshot_instruction,llama4,zeroshot_judging,Clarity,4,Excellent
FLAT_PROMPTING,ALPHA-AUTOML,TIME_SERIES_FORECAST,56_sunspots_monthly,llama4,zeroshot_instruction,llama4,zeroshot_judging,Completeness,4,Excellent
FLAT_PROMPTING,ALPHA-AUTOML,TIME_SERIES_FORECAST,56_sunspots_monthly,llama4,zeroshot_instruction,llama4,zeroshot_judging,Relevance,4,Excellent
FLAT_PROMPTING,ALPHA-AUTOML,TIME_SERIES_FORECAST,56_sunspots_monthly,llama4,zeroshot_instruction,deepseek-r1:14b,zeroshot_judging,Accuracy,3,Good
FLAT_PROMPTING,ALPHA-AUTOML,TIME_SERIES_FORECAST,56_sunspots_monthly,llama4,zeroshot_instruction,deepseek-r1:14b,zeroshot_judging,Clarity,4,Excellent
FLAT_PROMPTING,ALPHA-AUTOML,TIME_SERIES_FORECAST,56_sunspots_monthly,llama4,zeroshot_instruction,deepseek-r1:14b,zeroshot_judging,Completeness,3,Good
FLAT_PROMPTING,ALPHA-AUTOML,TIME_SERIES_FORECAST,56_sunspots_monthly,llama4,zeroshot_instruction,deepseek-r1:14b,zeroshot_judging,Relevance,4,Excellent
FLAT_PROMPTING,ALPHA-AUTOML,TIME_SERIES_FORECAST,56_sunspots_monthly,llama4,fewshot,llama4,zeroshot_judging,Accuracy,4,Excellent
FLAT_PROMPTING,ALPHA-AUTOML,TIME_SERIES_FORECAST,56_sunspots_monthly,llama4,fewshot,llama4,zeroshot_judging,Clarity,4,Excellent
FLAT_PROMPTING,ALPHA-AUTOML,TIME_SERIES_FORECAST,56_sunspots_monthly,llama4,fewshot,llama4,zeroshot_judging,Completeness,3,Good
FLAT_PROMPTING,ALPHA-AUTOML,TIME_SERIES_FORECAST,56_sunspots_monthly,llama4,fewshot,llama4,zeroshot_judging,Relevance,4,Excellent
FLAT_PROMPTING,ALPHA-AUTOML,TIME_SERIES_FORECAST,56_sunspots_monthly,llama4,fewshot,deepseek-r1:14b,zeroshot_judging,Accuracy,3,Average
FLAT_PROMPTING,ALPHA-AUTOML,TIME_SERIES_FORECAST,56_sunspots_monthly,llama4,fewshot,deepseek-r1:14b,zeroshot_judging,Clarity,4,Excellent
FLAT_PROMPTING,ALPHA-AUTOML,TIME_SERIES_FORECAST,56_sunspots_monthly,llama4,fewshot,deepseek-r1:14b,zeroshot_judging,Completeness,2,Average
FLAT_PROMPTING,ALPHA-AUTOML,TIME_SERIES_FORECAST,56_sunspots_monthly,llama4,fewshot,deepseek-r1:14b,zeroshot_judging,Relevance,4,Excellent
FLAT_PROMPTING,ALPHA-AUTOML,TIME_SERIES_FORECAST,56_sunspots_monthly,llama4,chain_of_thought,llama4,zeroshot_judging,Accuracy,4,Excellent
FLAT_PROMPTING,ALPHA-AUTOML,TIME_SERIES_FORECAST,56_sunspots_monthly,llama4,chain_of_thought,llama4,zeroshot_judging,Clarity,4,Excellent
FLAT_PROMPTING,ALPHA-AUTOML,TIME_SERIES_FORECAST,56_sunspots_monthly,llama4,chain_of_thought,llama4,zeroshot_judging,Completeness,4,Excellent
FLAT_PROMPTING,ALPHA-AUTOML,TIME_SERIES_FORECAST,56_sunspots_monthly,llama4,chain_of_thought,llama4,zeroshot_judging,Relevance,4,Excellent
FLAT_PROMPTING,ALPHA-AUTOML,TIME_SERIES_FORECAST,56_sunspots_monthly,llama4,chain_of_thought,deepseek-r1:14b,zeroshot_judging,Accuracy,4,Excellent
FLAT_PROMPTING,ALPHA-AUTOML,TIME_SERIES_FORECAST,56_sunspots_monthly,llama4,chain_of_thought,deepseek-r1:14b,zeroshot_judging,Clarity,3,Good
FLAT_PROMPTING,ALPHA-AUTOML,TIME_SERIES_FORECAST,56_sunspots_monthly,llama4,chain_of_thought,deepseek-r1:14b,zeroshot_judging,Completeness,2,Average
FLAT_PROMPTING,ALPHA-AUTOML,TIME_SERIES_FORECAST,56_sunspots_monthly,llama4,chain_of_thought,deepseek-r1:14b,zeroshot_judging,Relevance,4,Excellent
FLAT_PROMPTING,ALPHA-AUTOML,TIME_SERIES_FORECAST,56_sunspots_monthly,llama4,zeroshot_CoT,llama4,zeroshot_judging,Accuracy,3,Good
FLAT_PROMPTING,ALPHA-AUTOML,TIME_SERIES_FORECAST,56_sunspots_monthly,llama4,zeroshot_CoT,llama4,zeroshot_judging,Clarity,3,Good
FLAT_PROMPTING,ALPHA-AUTOML,TIME_SERIES_FORECAST,56_sunspots_monthly,llama4,zeroshot_CoT,llama4,zeroshot_judging,Completeness,2,Average
FLAT_PROMPTING,ALPHA-AUTOML,TIME_SERIES_FORECAST,56_sunspots_monthly,llama4,zeroshot_CoT,llama4,zeroshot_judging,Relevance,3,Good
FLAT_PROMPTING,ALPHA-AUTOML,TIME_SERIES_FORECAST,56_sunspots_monthly,llama4,zeroshot_CoT,deepseek-r1:14b,zeroshot_judging,Accuracy,2,Average
FLAT_PROMPTING,ALPHA-AUTOML,TIME_SERIES_FORECAST,56_sunspots_monthly,llama4,zeroshot_CoT,deepseek-r1:14b,zeroshot_judging,Clarity,3,Good
FLAT_PROMPTING,ALPHA-AUTOML,TIME_SERIES_FORECAST,56_sunspots_monthly,llama4,zeroshot_CoT,deepseek-r1:14b,zeroshot_judging,Completeness,1,Poor
FLAT_PROMPTING,ALPHA-AUTOML,TIME_SERIES_FORECAST,56_sunspots_monthly,llama4,zeroshot_CoT,deepseek-r1:14b,zeroshot_judging,Relevance,2,Average
FLAT_PROMPTING,ALPHA-AUTOML,TIME_SERIES_FORECAST,56_sunspots_monthly,llama4,fewshot+instruction,llama4,zeroshot_judging,Accuracy,4,Excellent
FLAT_PROMPTING,ALPHA-AUTOML,TIME_SERIES_FORECAST,56_sunspots_monthly,llama4,fewshot+instruction,llama4,zeroshot_judging,Clarity,4,Excellent
FLAT_PROMPTING,ALPHA-AUTOML,TIME_SERIES_FORECAST,56_sunspots_monthly,llama4,fewshot+instruction,llama4,zeroshot_judging,Completeness,4,Excellent
FLAT_PROMPTING,ALPHA-AUTOML,TIME_SERIES_FORECAST,56_sunspots_monthly,llama4,fewshot+instruction,llama4,zeroshot_judging,Relevance,4,Excellent
FLAT_PROMPTING,ALPHA-AUTOML,TIME_SERIES_FORECAST,56_sunspots_monthly,llama4,fewshot+instruction,deepseek-r1:14b,zeroshot_judging,Accuracy,2,Average
FLAT_PROMPTING,ALPHA-AUTOML,TIME_SERIES_FORECAST,56_sunspots_monthly,llama4,fewshot+instruction,deepseek-r1:14b,zeroshot_judging,Clarity,4,Excellent
FLAT_PROMPTING,ALPHA-AUTOML,TIME_SERIES_FORECAST,56_sunspots_monthly,llama4,fewshot+instruction,deepseek-r1:14b,zeroshot_judging,Completeness,2,Average
FLAT_PROMPTING,ALPHA-AUTOML,TIME_SERIES_FORECAST,56_sunspots_monthly,llama4,fewshot+instruction,deepseek-r1:14b,zeroshot_judging,Relevance,3,Good
FLAT_PROMPTING,ALPHA-AUTOML,TIME_SERIES_FORECAST,56_sunspots_monthly,deepseek-r1:14b,zeroshot,llama4,zeroshot_judging,Accuracy,4,Excellent
FLAT_PROMPTING,ALPHA-AUTOML,TIME_SERIES_FORECAST,56_sunspots_monthly,deepseek-r1:14b,zeroshot,llama4,zeroshot_judging,Clarity,4,Excellent
FLAT_PROMPTING,ALPHA-AUTOML,TIME_SERIES_FORECAST,56_sunspots_monthly,deepseek-r1:14b,zeroshot,llama4,zeroshot_judging,Completeness,4,Excellent
FLAT_PROMPTING,ALPHA-AUTOML,TIME_SERIES_FORECAST,56_sunspots_monthly,deepseek-r1:14b,zeroshot,llama4,zeroshot_judging,Relevance,4,Excellent
FLAT_PROMPTING,ALPHA-AUTOML,TIME_SERIES_FORECAST,56_sunspots_monthly,deepseek-r1:14b,zeroshot,deepseek-r1:14b,zeroshot_judging,Accuracy,3,Good
FLAT_PROMPTING,ALPHA-AUTOML,TIME_SERIES_FORECAST,56_sunspots_monthly,deepseek-r1:14b,zeroshot,deepseek-r1:14b,zeroshot_judging,Clarity,4,Excellent
FLAT_PROMPTING,ALPHA-AUTOML,TIME_SERIES_FORECAST,56_sunspots_monthly,deepseek-r1:14b,zeroshot,deepseek-r1:14b,zeroshot_judging,Completeness,4,Excellent
FLAT_PROMPTING,ALPHA-AUTOML,TIME_SERIES_FORECAST,56_sunspots_monthly,deepseek-r1:14b,zeroshot,deepseek-r1:14b,zeroshot_judging,Relevance,4,Excellent
FLAT_PROMPTING,ALPHA-AUTOML,TIME_SERIES_FORECAST,56_sunspots_monthly,deepseek-r1:14b,zeroshot_instruction,llama4,zeroshot_judging,Accuracy,4,Excellent
FLAT_PROMPTING,ALPHA-AUTOML,TIME_SERIES_FORECAST,56_sunspots_monthly,deepseek-r1:14b,zeroshot_instruction,llama4,zeroshot_judging,Clarity,4,Excellent
FLAT_PROMPTING,ALPHA-AUTOML,TIME_SERIES_FORECAST,56_sunspots_monthly,deepseek-r1:14b,zeroshot_instruction,llama4,zeroshot_judging,Completeness,3,Good
FLAT_PROMPTING,ALPHA-AUTOML,TIME_SERIES_FORECAST,56_sunspots_monthly,deepseek-r1:14b,zeroshot_instruction,llama4,zeroshot_judging,Relevance,4,Excellent
FLAT_PROMPTING,ALPHA-AUTOML,TIME_SERIES_FORECAST,56_sunspots_monthly,deepseek-r1:14b,zeroshot_instruction,deepseek-r1:14b,zeroshot_judging,Accuracy,4,Excellent
FLAT_PROMPTING,ALPHA-AUTOML,TIME_SERIES_FORECAST,56_sunspots_monthly,deepseek-r1:14b,zeroshot_instruction,deepseek-r1:14b,zeroshot_judging,Clarity,3,Good
FLAT_PROMPTING,ALPHA-AUTOML,TIME_SERIES_FORECAST,56_sunspots_monthly,deepseek-r1:14b,zeroshot_instruction,deepseek-r1:14b,zeroshot_judging,Completeness,4,Excellent
FLAT_PROMPTING,ALPHA-AUTOML,TIME_SERIES_FORECAST,56_sunspots_monthly,deepseek-r1:14b,zeroshot_instruction,deepseek-r1:14b,zeroshot_judging,Relevance,4,Excellent
FLAT_PROMPTING,ALPHA-AUTOML,TIME_SERIES_FORECAST,56_sunspots_monthly,deepseek-r1:14b,fewshot,llama4,zeroshot_judging,Accuracy,4,Excellent
FLAT_PROMPTING,ALPHA-AUTOML,TIME_SERIES_FORECAST,56_sunspots_monthly,deepseek-r1:14b,fewshot,llama4,zeroshot_judging,Clarity,4,Excellent
FLAT_PROMPTING,ALPHA-AUTOML,TIME_SERIES_FORECAST,56_sunspots_monthly,deepseek-r1:14b,fewshot,llama4,zeroshot_judging,Completeness,3,Good
FLAT_PROMPTING,ALPHA-AUTOML,TIME_SERIES_FORECAST,56_sunspots_monthly,deepseek-r1:14b,fewshot,llama4,zeroshot_judging,Relevance,4,Excellent
FLAT_PROMPTING,ALPHA-AUTOML,TIME_SERIES_FORECAST,56_sunspots_monthly,deepseek-r1:14b,fewshot,deepseek-r1:14b,zeroshot_judging,Accuracy,3,Good
FLAT_PROMPTING,ALPHA-AUTOML,TIME_SERIES_FORECAST,56_sunspots_monthly,deepseek-r1:14b,fewshot,deepseek-r1:14b,zeroshot_judging,Clarity,4,Excellent
FLAT_PROMPTING,ALPHA-AUTOML,TIME_SERIES_FORECAST,56_sunspots_monthly,deepseek-r1:14b,fewshot,deepseek-r1:14b,zeroshot_judging,Completeness,2,Average
FLAT_PROMPTING,ALPHA-AUTOML,TIME_SERIES_FORECAST,56_sunspots_monthly,deepseek-r1:14b,fewshot,deepseek-r1:14b,zeroshot_judging,Relevance,4,Excellent
FLAT_PROMPTING,ALPHA-AUTOML,TIME_SERIES_FORECAST,56_sunspots_monthly,deepseek-r1:14b,chain_of_thought,llama4,zeroshot_judging,Accuracy,4,Excellent
FLAT_PROMPTING,ALPHA-AUTOML,TIME_SERIES_FORECAST,56_sunspots_monthly,deepseek-r1:14b,chain_of_thought,llama4,zeroshot_judging,Clarity,4,Excellent
FLAT_PROMPTING,ALPHA-AUTOML,TIME_SERIES_FORECAST,56_sunspots_monthly,deepseek-r1:14b,chain_of_thought,llama4,zeroshot_judging,Completeness,3,Good
FLAT_PROMPTING,ALPHA-AUTOML,TIME_SERIES_FORECAST,56_sunspots_monthly,deepseek-r1:14b,chain_of_thought,llama4,zeroshot_judging,Relevance,4,Excellent
FLAT_PROMPTING,ALPHA-AUTOML,TIME_SERIES_FORECAST,56_sunspots_monthly,deepseek-r1:14b,chain_of_thought,deepseek-r1:14b,zeroshot_judging,Accuracy,3,Good
FLAT_PROMPTING,ALPHA-AUTOML,TIME_SERIES_FORECAST,56_sunspots_monthly,deepseek-r1:14b,chain_of_thought,deepseek-r1:14b,zeroshot_judging,Clarity,4,Excellent
FLAT_PROMPTING,ALPHA-AUTOML,TIME_SERIES_FORECAST,56_sunspots_monthly,deepseek-r1:14b,chain_of_thought,deepseek-r1:14b,zeroshot_judging,Completeness,2,Average
FLAT_PROMPTING,ALPHA-AUTOML,TIME_SERIES_FORECAST,56_sunspots_monthly,deepseek-r1:14b,chain_of_thought,deepseek-r1:14b,zeroshot_judging,Relevance,4,Excellent
FLAT_PROMPTING,ALPHA-AUTOML,TIME_SERIES_FORECAST,56_sunspots_monthly,deepseek-r1:14b,zeroshot_CoT,llama4,zeroshot_judging,Accuracy,3,Good
FLAT_PROMPTING,ALPHA-AUTOML,TIME_SERIES_FORECAST,56_sunspots_monthly,deepseek-r1:14b,zeroshot_CoT,llama4,zeroshot_judging,Clarity,3,Good
FLAT_PROMPTING,ALPHA-AUTOML,TIME_SERIES_FORECAST,56_sunspots_monthly,deepseek-r1:14b,zeroshot_CoT,llama4,zeroshot_judging,Completeness,2,Average
FLAT_PROMPTING,ALPHA-AUTOML,TIME_SERIES_FORECAST,56_sunspots_monthly,deepseek-r1:14b,zeroshot_CoT,llama4,zeroshot_judging,Relevance,3,Good
FLAT_PROMPTING,ALPHA-AUTOML,TIME_SERIES_FORECAST,56_sunspots_monthly,deepseek-r1:14b,zeroshot_CoT,deepseek-r1:14b,zeroshot_judging,Accuracy,3,Good
FLAT_PROMPTING,ALPHA-AUTOML,TIME_SERIES_FORECAST,56_sunspots_monthly,deepseek-r1:14b,zeroshot_CoT,deepseek-r1:14b,zeroshot_judging,Clarity,4,Excellent
FLAT_PROMPTING,ALPHA-AUTOML,TIME_SERIES_FORECAST,56_sunspots_monthly,deepseek-r1:14b,zeroshot_CoT,deepseek-r1:14b,zeroshot_judging,Completeness,2,Average
FLAT_PROMPTING,ALPHA-AUTOML,TIME_SERIES_FORECAST,56_sunspots_monthly,deepseek-r1:14b,zeroshot_CoT,deepseek-r1:14b,zeroshot_judging,Relevance,3,Good
FLAT_PROMPTING,ALPHA-AUTOML,TIME_SERIES_FORECAST,56_sunspots_monthly,deepseek-r1:14b,fewshot+instruction,llama4,zeroshot_judging,Accuracy,4,Excellent
FLAT_PROMPTING,ALPHA-AUTOML,TIME_SERIES_FORECAST,56_sunspots_monthly,deepseek-r1:14b,fewshot+instruction,llama4,zeroshot_judging,Clarity,4,Excellent
FLAT_PROMPTING,ALPHA-AUTOML,TIME_SERIES_FORECAST,56_sunspots_monthly,deepseek-r1:14b,fewshot+instruction,llama4,zeroshot_judging,Completeness,4,Excellent
FLAT_PROMPTING,ALPHA-AUTOML,TIME_SERIES_FORECAST,56_sunspots_monthly,deepseek-r1:14b,fewshot+instruction,llama4,zeroshot_judging,Relevance,4,Excellent
FLAT_PROMPTING,ALPHA-AUTOML,TIME_SERIES_FORECAST,56_sunspots_monthly,deepseek-r1:14b,fewshot+instruction,deepseek-r1:14b,zeroshot_judging,Accuracy,4,Excellent
FLAT_PROMPTING,ALPHA-AUTOML,TIME_SERIES_FORECAST,56_sunspots_monthly,deepseek-r1:14b,fewshot+instruction,deepseek-r1:14b,zeroshot_judging,Clarity,4,Excellent
FLAT_PROMPTING,ALPHA-AUTOML,TIME_SERIES_FORECAST,56_sunspots_monthly,deepseek-r1:14b,fewshot+instruction,deepseek-r1:14b,zeroshot_judging,Completeness,4,Excellent
FLAT_PROMPTING,ALPHA-AUTOML,TIME_SERIES_FORECAST,56_sunspots_monthly,deepseek-r1:14b,fewshot+instruction,deepseek-r1:14b,zeroshot_judging,Relevance,4,Excellent
FLAT_PROMPTING,ALPHA-AUTOML,TIME_SERIES_FORECAST,LL1_crime_chicago,llama4,zeroshot,llama4,zeroshot_judging,Accuracy,4,Excellent
FLAT_PROMPTING,ALPHA-AUTOML,TIME_SERIES_FORECAST,LL1_crime_chicago,llama4,zeroshot,llama4,zeroshot_judging,Clarity,4,Excellent
FLAT_PROMPTING,ALPHA-AUTOML,TIME_SERIES_FORECAST,LL1_crime_chicago,llama4,zeroshot,llama4,zeroshot_judging,Completeness,4,Excellent
FLAT_PROMPTING,ALPHA-AUTOML,TIME_SERIES_FORECAST,LL1_crime_chicago,llama4,zeroshot,llama4,zeroshot_judging,Relevance,4,Excellent
FLAT_PROMPTING,ALPHA-AUTOML,TIME_SERIES_FORECAST,LL1_crime_chicago,llama4,zeroshot,deepseek-r1:14b,zeroshot_judging,Accuracy,3,Good
FLAT_PROMPTING,ALPHA-AUTOML,TIME_SERIES_FORECAST,LL1_crime_chicago,llama4,zeroshot,deepseek-r1:14b,zeroshot_judging,Clarity,4,Excellent
FLAT_PROMPTING,ALPHA-AUTOML,TIME_SERIES_FORECAST,LL1_crime_chicago,llama4,zeroshot,deepseek-r1:14b,zeroshot_judging,Completeness,3,Good
FLAT_PROMPTING,ALPHA-AUTOML,TIME_SERIES_FORECAST,LL1_crime_chicago,llama4,zeroshot,deepseek-r1:14b,zeroshot_judging,Relevance,4,Excellent
FLAT_PROMPTING,ALPHA-AUTOML,TIME_SERIES_FORECAST,LL1_crime_chicago,llama4,zeroshot_instruction,llama4,zeroshot_judging,Accuracy,4,Excellent
FLAT_PROMPTING,ALPHA-AUTOML,TIME_SERIES_FORECAST,LL1_crime_chicago,llama4,zeroshot_instruction,llama4,zeroshot_judging,Clarity,4,Excellent
FLAT_PROMPTING,ALPHA-AUTOML,TIME_SERIES_FORECAST,LL1_crime_chicago,llama4,zeroshot_instruction,llama4,zeroshot_judging,Completeness,4,Excellent
FLAT_PROMPTING,ALPHA-AUTOML,TIME_SERIES_FORECAST,LL1_crime_chicago,llama4,zeroshot_instruction,llama4,zeroshot_judging,Relevance,4,Excellent
FLAT_PROMPTING,ALPHA-AUTOML,TIME_SERIES_FORECAST,LL1_crime_chicago,llama4,zeroshot_instruction,deepseek-r1:14b,zeroshot_judging,Accuracy,3,Good
FLAT_PROMPTING,ALPHA-AUTOML,TIME_SERIES_FORECAST,LL1_crime_chicago,llama4,zeroshot_instruction,deepseek-r1:14b,zeroshot_judging,Clarity,4,Excellent
FLAT_PROMPTING,ALPHA-AUTOML,TIME_SERIES_FORECAST,LL1_crime_chicago,llama4,zeroshot_instruction,deepseek-r1:14b,zeroshot_judging,Completeness,2,Average
FLAT_PROMPTING,ALPHA-AUTOML,TIME_SERIES_FORECAST,LL1_crime_chicago,llama4,zeroshot_instruction,deepseek-r1:14b,zeroshot_judging,Relevance,4,Excellent
FLAT_PROMPTING,ALPHA-AUTOML,TIME_SERIES_FORECAST,LL1_crime_chicago,llama4,fewshot,llama4,zeroshot_judging,Accuracy,4,Excellent
FLAT_PROMPTING,ALPHA-AUTOML,TIME_SERIES_FORECAST,LL1_crime_chicago,llama4,fewshot,llama4,zeroshot_judging,Clarity,4,Excellent
FLAT_PROMPTING,ALPHA-AUTOML,TIME_SERIES_FORECAST,LL1_crime_chicago,llama4,fewshot,llama4,zeroshot_judging,Completeness,3,Good
FLAT_PROMPTING,ALPHA-AUTOML,TIME_SERIES_FORECAST,LL1_crime_chicago,llama4,fewshot,llama4,zeroshot_judging,Relevance,4,Excellent
FLAT_PROMPTING,ALPHA-AUTOML,TIME_SERIES_FORECAST,LL1_crime_chicago,llama4,fewshot,deepseek-r1:14b,zeroshot_judging,Accuracy,3,Good
FLAT_PROMPTING,ALPHA-AUTOML,TIME_SERIES_FORECAST,LL1_crime_chicago,llama4,fewshot,deepseek-r1:14b,zeroshot_judging,Clarity,4,Excellent
FLAT_PROMPTING,ALPHA-AUTOML,TIME_SERIES_FORECAST,LL1_crime_chicago,llama4,fewshot,deepseek-r1:14b,zeroshot_judging,Completeness,3,Good
FLAT_PROMPTING,ALPHA-AUTOML,TIME_SERIES_FORECAST,LL1_crime_chicago,llama4,fewshot,deepseek-r1:14b,zeroshot_judging,Relevance,4,Excellent
FLAT_PROMPTING,ALPHA-AUTOML,TIME_SERIES_FORECAST,LL1_crime_chicago,llama4,chain_of_thought,llama4,zeroshot_judging,Accuracy,4,Excellent
FLAT_PROMPTING,ALPHA-AUTOML,TIME_SERIES_FORECAST,LL1_crime_chicago,llama4,chain_of_thought,llama4,zeroshot_judging,Clarity,4,Excellent
FLAT_PROMPTING,ALPHA-AUTOML,TIME_SERIES_FORECAST,LL1_crime_chicago,llama4,chain_of_thought,llama4,zeroshot_judging,Completeness,4,Excellent
FLAT_PROMPTING,ALPHA-AUTOML,TIME_SERIES_FORECAST,LL1_crime_chicago,llama4,chain_of_thought,llama4,zeroshot_judging,Relevance,4,Excellent
FLAT_PROMPTING,ALPHA-AUTOML,TIME_SERIES_FORECAST,LL1_crime_chicago,llama4,chain_of_thought,deepseek-r1:14b,zeroshot_judging,Accuracy,3,Good
FLAT_PROMPTING,ALPHA-AUTOML,TIME_SERIES_FORECAST,LL1_crime_chicago,llama4,chain_of_thought,deepseek-r1:14b,zeroshot_judging,Clarity,4,Excellent
FLAT_PROMPTING,ALPHA-AUTOML,TIME_SERIES_FORECAST,LL1_crime_chicago,llama4,chain_of_thought,deepseek-r1:14b,zeroshot_judging,Completeness,3,Good
FLAT_PROMPTING,ALPHA-AUTOML,TIME_SERIES_FORECAST,LL1_crime_chicago,llama4,chain_of_thought,deepseek-r1:14b,zeroshot_judging,Relevance,4,Excellent
FLAT_PROMPTING,ALPHA-AUTOML,TIME_SERIES_FORECAST,LL1_crime_chicago,llama4,zeroshot_CoT,llama4,zeroshot_judging,Accuracy,4,Excellent
FLAT_PROMPTING,ALPHA-AUTOML,TIME_SERIES_FORECAST,LL1_crime_chicago,llama4,zeroshot_CoT,llama4,zeroshot_judging,Clarity,4,Excellent
FLAT_PROMPTING,ALPHA-AUTOML,TIME_SERIES_FORECAST,LL1_crime_chicago,llama4,zeroshot_CoT,llama4,zeroshot_judging,Completeness,4,Excellent
FLAT_PROMPTING,ALPHA-AUTOML,TIME_SERIES_FORECAST,LL1_crime_chicago,llama4,zeroshot_CoT,llama4,zeroshot_judging,Relevance,4,Excellent
FLAT_PROMPTING,ALPHA-AUTOML,TIME_SERIES_FORECAST,LL1_crime_chicago,llama4,zeroshot_CoT,deepseek-r1:14b,zeroshot_judging,Accuracy,4,Excellent
FLAT_PROMPTING,ALPHA-AUTOML,TIME_SERIES_FORECAST,LL1_crime_chicago,llama4,zeroshot_CoT,deepseek-r1:14b,zeroshot_judging,Clarity,3,Good
FLAT_PROMPTING,ALPHA-AUTOML,TIME_SERIES_FORECAST,LL1_crime_chicago,llama4,zeroshot_CoT,deepseek-r1:14b,zeroshot_judging,Completeness,2,Average
FLAT_PROMPTING,ALPHA-AUTOML,TIME_SERIES_FORECAST,LL1_crime_chicago,llama4,zeroshot_CoT,deepseek-r1:14b,zeroshot_judging,Relevance,4,Excellent
FLAT_PROMPTING,ALPHA-AUTOML,TIME_SERIES_FORECAST,LL1_crime_chicago,llama4,fewshot+instruction,llama4,zeroshot_judging,Accuracy,4,Excellent
FLAT_PROMPTING,ALPHA-AUTOML,TIME_SERIES_FORECAST,LL1_crime_chicago,llama4,fewshot+instruction,llama4,zeroshot_judging,Clarity,4,Excellent
FLAT_PROMPTING,ALPHA-AUTOML,TIME_SERIES_FORECAST,LL1_crime_chicago,llama4,fewshot+instruction,llama4,zeroshot_judging,Completeness,4,Excellent
FLAT_PROMPTING,ALPHA-AUTOML,TIME_SERIES_FORECAST,LL1_crime_chicago,llama4,fewshot+instruction,llama4,zeroshot_judging,Relevance,4,Excellent
FLAT_PROMPTING,ALPHA-AUTOML,TIME_SERIES_FORECAST,LL1_crime_chicago,llama4,fewshot+instruction,deepseek-r1:14b,zeroshot_judging,Accuracy,4,Excellent
FLAT_PROMPTING,ALPHA-AUTOML,TIME_SERIES_FORECAST,LL1_crime_chicago,llama4,fewshot+instruction,deepseek-r1:14b,zeroshot_judging,Clarity,3,Good
FLAT_PROMPTING,ALPHA-AUTOML,TIME_SERIES_FORECAST,LL1_crime_chicago,llama4,fewshot+instruction,deepseek-r1:14b,zeroshot_judging,Completeness,2,Average
FLAT_PROMPTING,ALPHA-AUTOML,TIME_SERIES_FORECAST,LL1_crime_chicago,llama4,fewshot+instruction,deepseek-r1:14b,zeroshot_judging,Relevance,4,Excellent
FLAT_PROMPTING,ALPHA-AUTOML,TIME_SERIES_FORECAST,LL1_crime_chicago,deepseek-r1:14b,zeroshot,llama4,zeroshot_judging,Accuracy,3,Good
FLAT_PROMPTING,ALPHA-AUTOML,TIME_SERIES_FORECAST,LL1_crime_chicago,deepseek-r1:14b,zeroshot,llama4,zeroshot_judging,Clarity,3,Good
FLAT_PROMPTING,ALPHA-AUTOML,TIME_SERIES_FORECAST,LL1_crime_chicago,deepseek-r1:14b,zeroshot,llama4,zeroshot_judging,Completeness,2,Average
FLAT_PROMPTING,ALPHA-AUTOML,TIME_SERIES_FORECAST,LL1_crime_chicago,deepseek-r1:14b,zeroshot,llama4,zeroshot_judging,Relevance,3,Good
FLAT_PROMPTING,ALPHA-AUTOML,TIME_SERIES_FORECAST,LL1_crime_chicago,deepseek-r1:14b,zeroshot,deepseek-r1:14b,zeroshot_judging,Accuracy,2,Average
FLAT_PROMPTING,ALPHA-AUTOML,TIME_SERIES_FORECAST,LL1_crime_chicago,deepseek-r1:14b,zeroshot,deepseek-r1:14b,zeroshot_judging,Clarity,3,Good
FLAT_PROMPTING,ALPHA-AUTOML,TIME_SERIES_FORECAST,LL1_crime_chicago,deepseek-r1:14b,zeroshot,deepseek-r1:14b,zeroshot_judging,Completeness,2,Average
FLAT_PROMPTING,ALPHA-AUTOML,TIME_SERIES_FORECAST,LL1_crime_chicago,deepseek-r1:14b,zeroshot,deepseek-r1:14b,zeroshot_judging,Relevance,3,Good
FLAT_PROMPTING,ALPHA-AUTOML,TIME_SERIES_FORECAST,LL1_crime_chicago,deepseek-r1:14b,zeroshot_instruction,llama4,zeroshot_judging,Accuracy,4,Excellent
FLAT_PROMPTING,ALPHA-AUTOML,TIME_SERIES_FORECAST,LL1_crime_chicago,deepseek-r1:14b,zeroshot_instruction,llama4,zeroshot_judging,Clarity,4,Excellent
FLAT_PROMPTING,ALPHA-AUTOML,TIME_SERIES_FORECAST,LL1_crime_chicago,deepseek-r1:14b,zeroshot_instruction,llama4,zeroshot_judging,Completeness,3,Good
FLAT_PROMPTING,ALPHA-AUTOML,TIME_SERIES_FORECAST,LL1_crime_chicago,deepseek-r1:14b,zeroshot_instruction,llama4,zeroshot_judging,Relevance,4,Excellent
FLAT_PROMPTING,ALPHA-AUTOML,TIME_SERIES_FORECAST,LL1_crime_chicago,deepseek-r1:14b,zeroshot_instruction,deepseek-r1:14b,zeroshot_judging,Accuracy,3,Good
FLAT_PROMPTING,ALPHA-AUTOML,TIME_SERIES_FORECAST,LL1_crime_chicago,deepseek-r1:14b,zeroshot_instruction,deepseek-r1:14b,zeroshot_judging,Clarity,4,Excellent
FLAT_PROMPTING,ALPHA-AUTOML,TIME_SERIES_FORECAST,LL1_crime_chicago,deepseek-r1:14b,zeroshot_instruction,deepseek-r1:14b,zeroshot_judging,Completeness,3,Good
FLAT_PROMPTING,ALPHA-AUTOML,TIME_SERIES_FORECAST,LL1_crime_chicago,deepseek-r1:14b,zeroshot_instruction,deepseek-r1:14b,zeroshot_judging,Relevance,4,Excellent
FLAT_PROMPTING,ALPHA-AUTOML,TIME_SERIES_FORECAST,LL1_crime_chicago,deepseek-r1:14b,fewshot,llama4,zeroshot_judging,Accuracy,4,Excellent
FLAT_PROMPTING,ALPHA-AUTOML,TIME_SERIES_FORECAST,LL1_crime_chicago,deepseek-r1:14b,fewshot,llama4,zeroshot_judging,Clarity,4,Excellent
FLAT_PROMPTING,ALPHA-AUTOML,TIME_SERIES_FORECAST,LL1_crime_chicago,deepseek-r1:14b,fewshot,llama4,zeroshot_judging,Completeness,3,Good
FLAT_PROMPTING,ALPHA-AUTOML,TIME_SERIES_FORECAST,LL1_crime_chicago,deepseek-r1:14b,fewshot,llama4,zeroshot_judging,Relevance,4,Excellent
FLAT_PROMPTING,ALPHA-AUTOML,TIME_SERIES_FORECAST,LL1_crime_chicago,deepseek-r1:14b,fewshot,deepseek-r1:14b,zeroshot_judging,Accuracy,2,Average
FLAT_PROMPTING,ALPHA-AUTOML,TIME_SERIES_FORECAST,LL1_crime_chicago,deepseek-r1:14b,fewshot,deepseek-r1:14b,zeroshot_judging,Clarity,3,Good
FLAT_PROMPTING,ALPHA-AUTOML,TIME_SERIES_FORECAST,LL1_crime_chicago,deepseek-r1:14b,fewshot,deepseek-r1:14b,zeroshot_judging,Completeness,2,Average
FLAT_PROMPTING,ALPHA-AUTOML,TIME_SERIES_FORECAST,LL1_crime_chicago,deepseek-r1:14b,fewshot,deepseek-r1:14b,zeroshot_judging,Relevance,3,Good
FLAT_PROMPTING,ALPHA-AUTOML,TIME_SERIES_FORECAST,LL1_crime_chicago,deepseek-r1:14b,chain_of_thought,llama4,zeroshot_judging,Accuracy,4,Excellent
FLAT_PROMPTING,ALPHA-AUTOML,TIME_SERIES_FORECAST,LL1_crime_chicago,deepseek-r1:14b,chain_of_thought,llama4,zeroshot_judging,Clarity,4,Excellent
FLAT_PROMPTING,ALPHA-AUTOML,TIME_SERIES_FORECAST,LL1_crime_chicago,deepseek-r1:14b,chain_of_thought,llama4,zeroshot_judging,Completeness,4,Excellent
FLAT_PROMPTING,ALPHA-AUTOML,TIME_SERIES_FORECAST,LL1_crime_chicago,deepseek-r1:14b,chain_of_thought,llama4,zeroshot_judging,Relevance,4,Excellent
FLAT_PROMPTING,ALPHA-AUTOML,TIME_SERIES_FORECAST,LL1_crime_chicago,deepseek-r1:14b,chain_of_thought,deepseek-r1:14b,zeroshot_judging,Accuracy,3,Good
FLAT_PROMPTING,ALPHA-AUTOML,TIME_SERIES_FORECAST,LL1_crime_chicago,deepseek-r1:14b,chain_of_thought,deepseek-r1:14b,zeroshot_judging,Clarity,4,Excellent
FLAT_PROMPTING,ALPHA-AUTOML,TIME_SERIES_FORECAST,LL1_crime_chicago,deepseek-r1:14b,chain_of_thought,deepseek-r1:14b,zeroshot_judging,Completeness,3,Good
FLAT_PROMPTING,ALPHA-AUTOML,TIME_SERIES_FORECAST,LL1_crime_chicago,deepseek-r1:14b,chain_of_thought,deepseek-r1:14b,zeroshot_judging,Relevance,4,Excellent
FLAT_PROMPTING,ALPHA-AUTOML,TIME_SERIES_FORECAST,LL1_crime_chicago,deepseek-r1:14b,zeroshot_CoT,llama4,zeroshot_judging,Accuracy,3,Good
FLAT_PROMPTING,ALPHA-AUTOML,TIME_SERIES_FORECAST,LL1_crime_chicago,deepseek-r1:14b,zeroshot_CoT,llama4,zeroshot_judging,Clarity,4,Excellent
FLAT_PROMPTING,ALPHA-AUTOML,TIME_SERIES_FORECAST,LL1_crime_chicago,deepseek-r1:14b,zeroshot_CoT,llama4,zeroshot_judging,Completeness,3,Good
FLAT_PROMPTING,ALPHA-AUTOML,TIME_SERIES_FORECAST,LL1_crime_chicago,deepseek-r1:14b,zeroshot_CoT,llama4,zeroshot_judging,Relevance,4,Excellent
FLAT_PROMPTING,ALPHA-AUTOML,TIME_SERIES_FORECAST,LL1_crime_chicago,deepseek-r1:14b,zeroshot_CoT,deepseek-r1:14b,zeroshot_judging,Accuracy,3,Good
FLAT_PROMPTING,ALPHA-AUTOML,TIME_SERIES_FORECAST,LL1_crime_chicago,deepseek-r1:14b,zeroshot_CoT,deepseek-r1:14b,zeroshot_judging,Clarity,4,Excellent
FLAT_PROMPTING,ALPHA-AUTOML,TIME_SERIES_FORECAST,LL1_crime_chicago,deepseek-r1:14b,zeroshot_CoT,deepseek-r1:14b,zeroshot_judging,Completeness,2,Average
FLAT_PROMPTING,ALPHA-AUTOML,TIME_SERIES_FORECAST,LL1_crime_chicago,deepseek-r1:14b,zeroshot_CoT,deepseek-r1:14b,zeroshot_judging,Relevance,4,Excellent
FLAT_PROMPTING,ALPHA-AUTOML,TIME_SERIES_FORECAST,LL1_crime_chicago,deepseek-r1:14b,fewshot+instruction,llama4,zeroshot_judging,Accuracy,4,Excellent
FLAT_PROMPTING,ALPHA-AUTOML,TIME_SERIES_FORECAST,LL1_crime_chicago,deepseek-r1:14b,fewshot+instruction,llama4,zeroshot_judging,Clarity,4,Excellent
FLAT_PROMPTING,ALPHA-AUTOML,TIME_SERIES_FORECAST,LL1_crime_chicago,deepseek-r1:14b,fewshot+instruction,llama4,zeroshot_judging,Completeness,4,Excellent
FLAT_PROMPTING,ALPHA-AUTOML,TIME_SERIES_FORECAST,LL1_crime_chicago,deepseek-r1:14b,fewshot+instruction,llama4,zeroshot_judging,Relevance,4,Excellent
FLAT_PROMPTING,ALPHA-AUTOML,TIME_SERIES_FORECAST,LL1_crime_chicago,deepseek-r1:14b,fewshot+instruction,deepseek-r1:14b,zeroshot_judging,Accuracy,3,Good
FLAT_PROMPTING,ALPHA-AUTOML,TIME_SERIES_FORECAST,LL1_crime_chicago,deepseek-r1:14b,fewshot+instruction,deepseek-r1:14b,zeroshot_judging,Clarity,4,Excellent
FLAT_PROMPTING,ALPHA-AUTOML,TIME_SERIES_FORECAST,LL1_crime_chicago,deepseek-r1:14b,fewshot+instruction,deepseek-r1:14b,zeroshot_judging,Completeness,3,Good
FLAT_PROMPTING,ALPHA-AUTOML,TIME_SERIES_FORECAST,LL1_crime_chicago,deepseek-r1:14b,fewshot+instruction,deepseek-r1:14b,zeroshot_judging,Relevance,4,Excellent
FLAT_PROMPTING,ALPHA-AUTOML,TIME_SERIES_FORECAST,57_sunspot,llama4,zeroshot,llama4,zeroshot_judging,Accuracy,4,Excellent
FLAT_PROMPTING,ALPHA-AUTOML,TIME_SERIES_FORECAST,57_sunspot,llama4,zeroshot,llama4,zeroshot_judging,Clarity,4,Excellent
FLAT_PROMPTING,ALPHA-AUTOML,TIME_SERIES_FORECAST,57_sunspot,llama4,zeroshot,llama4,zeroshot_judging,Completeness,4,Excellent
FLAT_PROMPTING,ALPHA-AUTOML,TIME_SERIES_FORECAST,57_sunspot,llama4,zeroshot,llama4,zeroshot_judging,Relevance,4,Excellent
FLAT_PROMPTING,ALPHA-AUTOML,TIME_SERIES_FORECAST,57_sunspot,llama4,zeroshot,deepseek-r1:14b,zeroshot_judging,Accuracy,3,Good
FLAT_PROMPTING,ALPHA-AUTOML,TIME_SERIES_FORECAST,57_sunspot,llama4,zeroshot,deepseek-r1:14b,zeroshot_judging,Clarity,4,Excellent
FLAT_PROMPTING,ALPHA-AUTOML,TIME_SERIES_FORECAST,57_sunspot,llama4,zeroshot,deepseek-r1:14b,zeroshot_judging,Completeness,2,Average
FLAT_PROMPTING,ALPHA-AUTOML,TIME_SERIES_FORECAST,57_sunspot,llama4,zeroshot,deepseek-r1:14b,zeroshot_judging,Relevance,4,Excellent
FLAT_PROMPTING,ALPHA-AUTOML,TIME_SERIES_FORECAST,57_sunspot,llama4,zeroshot_instruction,llama4,zeroshot_judging,Accuracy,3,Good
FLAT_PROMPTING,ALPHA-AUTOML,TIME_SERIES_FORECAST,57_sunspot,llama4,zeroshot_instruction,llama4,zeroshot_judging,Clarity,3,Good
FLAT_PROMPTING,ALPHA-AUTOML,TIME_SERIES_FORECAST,57_sunspot,llama4,zeroshot_instruction,llama4,zeroshot_judging,Completeness,2,Average
FLAT_PROMPTING,ALPHA-AUTOML,TIME_SERIES_FORECAST,57_sunspot,llama4,zeroshot_instruction,llama4,zeroshot_judging,Relevance,3,Good
FLAT_PROMPTING,ALPHA-AUTOML,TIME_SERIES_FORECAST,57_sunspot,llama4,zeroshot_instruction,deepseek-r1:14b,zeroshot_judging,Accuracy,2,Average
FLAT_PROMPTING,ALPHA-AUTOML,TIME_SERIES_FORECAST,57_sunspot,llama4,zeroshot_instruction,deepseek-r1:14b,zeroshot_judging,Clarity,4,Excellent
FLAT_PROMPTING,ALPHA-AUTOML,TIME_SERIES_FORECAST,57_sunspot,llama4,zeroshot_instruction,deepseek-r1:14b,zeroshot_judging,Completeness,3,Good
FLAT_PROMPTING,ALPHA-AUTOML,TIME_SERIES_FORECAST,57_sunspot,llama4,zeroshot_instruction,deepseek-r1:14b,zeroshot_judging,Relevance,4,Excellent
FLAT_PROMPTING,ALPHA-AUTOML,TIME_SERIES_FORECAST,57_sunspot,llama4,fewshot,llama4,zeroshot_judging,Accuracy,4,Excellent
FLAT_PROMPTING,ALPHA-AUTOML,TIME_SERIES_FORECAST,57_sunspot,llama4,fewshot,llama4,zeroshot_judging,Clarity,4,Excellent
FLAT_PROMPTING,ALPHA-AUTOML,TIME_SERIES_FORECAST,57_sunspot,llama4,fewshot,llama4,zeroshot_judging,Completeness,4,Excellent
FLAT_PROMPTING,ALPHA-AUTOML,TIME_SERIES_FORECAST,57_sunspot,llama4,fewshot,llama4,zeroshot_judging,Relevance,4,Excellent
FLAT_PROMPTING,ALPHA-AUTOML,TIME_SERIES_FORECAST,57_sunspot,llama4,fewshot,deepseek-r1:14b,zeroshot_judging,Accuracy,4,Excellent
FLAT_PROMPTING,ALPHA-AUTOML,TIME_SERIES_FORECAST,57_sunspot,llama4,fewshot,deepseek-r1:14b,zeroshot_judging,Clarity,4,Excellent
FLAT_PROMPTING,ALPHA-AUTOML,TIME_SERIES_FORECAST,57_sunspot,llama4,fewshot,deepseek-r1:14b,zeroshot_judging,Completeness,3,Good
FLAT_PROMPTING,ALPHA-AUTOML,TIME_SERIES_FORECAST,57_sunspot,llama4,fewshot,deepseek-r1:14b,zeroshot_judging,Relevance,4,Excellent
FLAT_PROMPTING,ALPHA-AUTOML,TIME_SERIES_FORECAST,57_sunspot,llama4,chain_of_thought,llama4,zeroshot_judging,Accuracy,4,Excellent
FLAT_PROMPTING,ALPHA-AUTOML,TIME_SERIES_FORECAST,57_sunspot,llama4,chain_of_thought,llama4,zeroshot_judging,Clarity,4,Excellent
FLAT_PROMPTING,ALPHA-AUTOML,TIME_SERIES_FORECAST,57_sunspot,llama4,chain_of_thought,llama4,zeroshot_judging,Completeness,4,Excellent
FLAT_PROMPTING,ALPHA-AUTOML,TIME_SERIES_FORECAST,57_sunspot,llama4,chain_of_thought,llama4,zeroshot_judging,Relevance,4,Excellent
FLAT_PROMPTING,ALPHA-AUTOML,TIME_SERIES_FORECAST,57_sunspot,llama4,chain_of_thought,deepseek-r1:14b,zeroshot_judging,Accuracy,3,Good
FLAT_PROMPTING,ALPHA-AUTOML,TIME_SERIES_FORECAST,57_sunspot,llama4,chain_of_thought,deepseek-r1:14b,zeroshot_judging,Clarity,4,Excellent
FLAT_PROMPTING,ALPHA-AUTOML,TIME_SERIES_FORECAST,57_sunspot,llama4,chain_of_thought,deepseek-r1:14b,zeroshot_judging,Completeness,3,Good
FLAT_PROMPTING,ALPHA-AUTOML,TIME_SERIES_FORECAST,57_sunspot,llama4,chain_of_thought,deepseek-r1:14b,zeroshot_judging,Relevance,4,Excellent
FLAT_PROMPTING,ALPHA-AUTOML,TIME_SERIES_FORECAST,57_sunspot,llama4,zeroshot_CoT,llama4,zeroshot_judging,Accuracy,4,Excellent
FLAT_PROMPTING,ALPHA-AUTOML,TIME_SERIES_FORECAST,57_sunspot,llama4,zeroshot_CoT,llama4,zeroshot_judging,Clarity,4,Excellent
FLAT_PROMPTING,ALPHA-AUTOML,TIME_SERIES_FORECAST,57_sunspot,llama4,zeroshot_CoT,llama4,zeroshot_judging,Completeness,3,Good
FLAT_PROMPTING,ALPHA-AUTOML,TIME_SERIES_FORECAST,57_sunspot,llama4,zeroshot_CoT,llama4,zeroshot_judging,Relevance,4,Excellent
FLAT_PROMPTING,ALPHA-AUTOML,TIME_SERIES_FORECAST,57_sunspot,llama4,zeroshot_CoT,deepseek-r1:14b,zeroshot_judging,Accuracy,4,Excellent
FLAT_PROMPTING,ALPHA-AUTOML,TIME_SERIES_FORECAST,57_sunspot,llama4,zeroshot_CoT,deepseek-r1:14b,zeroshot_judging,Clarity,3,Good
FLAT_PROMPTING,ALPHA-AUTOML,TIME_SERIES_FORECAST,57_sunspot,llama4,zeroshot_CoT,deepseek-r1:14b,zeroshot_judging,Completeness,2,Average
FLAT_PROMPTING,ALPHA-AUTOML,TIME_SERIES_FORECAST,57_sunspot,llama4,zeroshot_CoT,deepseek-r1:14b,zeroshot_judging,Relevance,4,Excellent
FLAT_PROMPTING,ALPHA-AUTOML,TIME_SERIES_FORECAST,57_sunspot,llama4,fewshot+instruction,llama4,zeroshot_judging,Accuracy,4,Excellent
FLAT_PROMPTING,ALPHA-AUTOML,TIME_SERIES_FORECAST,57_sunspot,llama4,fewshot+instruction,llama4,zeroshot_judging,Clarity,4,Excellent
FLAT_PROMPTING,ALPHA-AUTOML,TIME_SERIES_FORECAST,57_sunspot,llama4,fewshot+instruction,llama4,zeroshot_judging,Completeness,4,Excellent
FLAT_PROMPTING,ALPHA-AUTOML,TIME_SERIES_FORECAST,57_sunspot,llama4,fewshot+instruction,llama4,zeroshot_judging,Relevance,4,Excellent
FLAT_PROMPTING,ALPHA-AUTOML,TIME_SERIES_FORECAST,57_sunspot,llama4,fewshot+instruction,deepseek-r1:14b,zeroshot_judging,Accuracy,3,Fair
FLAT_PROMPTING,ALPHA-AUTOML,TIME_SERIES_FORECAST,57_sunspot,llama4,fewshot+instruction,deepseek-r1:14b,zeroshot_judging,Clarity,3,Fair
FLAT_PROMPTING,ALPHA-AUTOML,TIME_SERIES_FORECAST,57_sunspot,llama4,fewshot+instruction,deepseek-r1:14b,zeroshot_judging,Completeness,3,Fair
FLAT_PROMPTING,ALPHA-AUTOML,TIME_SERIES_FORECAST,57_sunspot,llama4,fewshot+instruction,deepseek-r1:14b,zeroshot_judging,Relevance,3,Fair
FLAT_PROMPTING,ALPHA-AUTOML,TIME_SERIES_FORECAST,57_sunspot,deepseek-r1:14b,zeroshot,llama4,zeroshot_judging,Accuracy,4,Excellent
FLAT_PROMPTING,ALPHA-AUTOML,TIME_SERIES_FORECAST,57_sunspot,deepseek-r1:14b,zeroshot,llama4,zeroshot_judging,Clarity,4,Excellent
FLAT_PROMPTING,ALPHA-AUTOML,TIME_SERIES_FORECAST,57_sunspot,deepseek-r1:14b,zeroshot,llama4,zeroshot_judging,Completeness,3,Good
FLAT_PROMPTING,ALPHA-AUTOML,TIME_SERIES_FORECAST,57_sunspot,deepseek-r1:14b,zeroshot,llama4,zeroshot_judging,Relevance,4,Excellent
FLAT_PROMPTING,ALPHA-AUTOML,TIME_SERIES_FORECAST,57_sunspot,deepseek-r1:14b,zeroshot,deepseek-r1:14b,zeroshot_judging,Accuracy,4,Excellent
FLAT_PROMPTING,ALPHA-AUTOML,TIME_SERIES_FORECAST,57_sunspot,deepseek-r1:14b,zeroshot,deepseek-r1:14b,zeroshot_judging,Clarity,3,Good
FLAT_PROMPTING,ALPHA-AUTOML,TIME_SERIES_FORECAST,57_sunspot,deepseek-r1:14b,zeroshot,deepseek-r1:14b,zeroshot_judging,Completeness,3,Good
FLAT_PROMPTING,ALPHA-AUTOML,TIME_SERIES_FORECAST,57_sunspot,deepseek-r1:14b,zeroshot,deepseek-r1:14b,zeroshot_judging,Relevance,4,Excellent
FLAT_PROMPTING,ALPHA-AUTOML,TIME_SERIES_FORECAST,57_sunspot,deepseek-r1:14b,zeroshot_instruction,llama4,zeroshot_judging,Accuracy,4,Excellent
FLAT_PROMPTING,ALPHA-AUTOML,TIME_SERIES_FORECAST,57_sunspot,deepseek-r1:14b,zeroshot_instruction,llama4,zeroshot_judging,Clarity,4,Excellent
FLAT_PROMPTING,ALPHA-AUTOML,TIME_SERIES_FORECAST,57_sunspot,deepseek-r1:14b,zeroshot_instruction,llama4,zeroshot_judging,Completeness,3,Good
FLAT_PROMPTING,ALPHA-AUTOML,TIME_SERIES_FORECAST,57_sunspot,deepseek-r1:14b,zeroshot_instruction,llama4,zeroshot_judging,Relevance,4,Excellent
FLAT_PROMPTING,ALPHA-AUTOML,TIME_SERIES_FORECAST,57_sunspot,deepseek-r1:14b,zeroshot_instruction,deepseek-r1:14b,zeroshot_judging,Accuracy,4,Excellent
FLAT_PROMPTING,ALPHA-AUTOML,TIME_SERIES_FORECAST,57_sunspot,deepseek-r1:14b,zeroshot_instruction,deepseek-r1:14b,zeroshot_judging,Clarity,4,Excellent
FLAT_PROMPTING,ALPHA-AUTOML,TIME_SERIES_FORECAST,57_sunspot,deepseek-r1:14b,zeroshot_instruction,deepseek-r1:14b,zeroshot_judging,Completeness,4,Excellent
FLAT_PROMPTING,ALPHA-AUTOML,TIME_SERIES_FORECAST,57_sunspot,deepseek-r1:14b,zeroshot_instruction,deepseek-r1:14b,zeroshot_judging,Relevance,4,Excellent
FLAT_PROMPTING,ALPHA-AUTOML,TIME_SERIES_FORECAST,57_sunspot,deepseek-r1:14b,fewshot,llama4,zeroshot_judging,Accuracy,4,Excellent
FLAT_PROMPTING,ALPHA-AUTOML,TIME_SERIES_FORECAST,57_sunspot,deepseek-r1:14b,fewshot,llama4,zeroshot_judging,Clarity,4,Excellent
FLAT_PROMPTING,ALPHA-AUTOML,TIME_SERIES_FORECAST,57_sunspot,deepseek-r1:14b,fewshot,llama4,zeroshot_judging,Completeness,3,Good
FLAT_PROMPTING,ALPHA-AUTOML,TIME_SERIES_FORECAST,57_sunspot,deepseek-r1:14b,fewshot,llama4,zeroshot_judging,Relevance,4,Excellent
FLAT_PROMPTING,ALPHA-AUTOML,TIME_SERIES_FORECAST,57_sunspot,deepseek-r1:14b,fewshot,deepseek-r1:14b,zeroshot_judging,Accuracy,4,Excellent
FLAT_PROMPTING,ALPHA-AUTOML,TIME_SERIES_FORECAST,57_sunspot,deepseek-r1:14b,fewshot,deepseek-r1:14b,zeroshot_judging,Clarity,3,Good
FLAT_PROMPTING,ALPHA-AUTOML,TIME_SERIES_FORECAST,57_sunspot,deepseek-r1:14b,fewshot,deepseek-r1:14b,zeroshot_judging,Completeness,2,Average
FLAT_PROMPTING,ALPHA-AUTOML,TIME_SERIES_FORECAST,57_sunspot,deepseek-r1:14b,fewshot,deepseek-r1:14b,zeroshot_judging,Relevance,4,Excellent
FLAT_PROMPTING,ALPHA-AUTOML,TIME_SERIES_FORECAST,57_sunspot,deepseek-r1:14b,chain_of_thought,llama4,zeroshot_judging,Accuracy,4,Excellent
FLAT_PROMPTING,ALPHA-AUTOML,TIME_SERIES_FORECAST,57_sunspot,deepseek-r1:14b,chain_of_thought,llama4,zeroshot_judging,Clarity,4,Excellent
FLAT_PROMPTING,ALPHA-AUTOML,TIME_SERIES_FORECAST,57_sunspot,deepseek-r1:14b,chain_of_thought,llama4,zeroshot_judging,Completeness,3,Good
FLAT_PROMPTING,ALPHA-AUTOML,TIME_SERIES_FORECAST,57_sunspot,deepseek-r1:14b,chain_of_thought,llama4,zeroshot_judging,Relevance,4,Excellent
FLAT_PROMPTING,ALPHA-AUTOML,TIME_SERIES_FORECAST,57_sunspot,deepseek-r1:14b,chain_of_thought,deepseek-r1:14b,zeroshot_judging,Accuracy,3,Good
FLAT_PROMPTING,ALPHA-AUTOML,TIME_SERIES_FORECAST,57_sunspot,deepseek-r1:14b,chain_of_thought,deepseek-r1:14b,zeroshot_judging,Clarity,4,Excellent
FLAT_PROMPTING,ALPHA-AUTOML,TIME_SERIES_FORECAST,57_sunspot,deepseek-r1:14b,chain_of_thought,deepseek-r1:14b,zeroshot_judging,Completeness,4,Excellent
FLAT_PROMPTING,ALPHA-AUTOML,TIME_SERIES_FORECAST,57_sunspot,deepseek-r1:14b,chain_of_thought,deepseek-r1:14b,zeroshot_judging,Relevance,4,Excellent
FLAT_PROMPTING,ALPHA-AUTOML,TIME_SERIES_FORECAST,57_sunspot,deepseek-r1:14b,zeroshot_CoT,llama4,zeroshot_judging,Accuracy,4,Excellent
FLAT_PROMPTING,ALPHA-AUTOML,TIME_SERIES_FORECAST,57_sunspot,deepseek-r1:14b,zeroshot_CoT,llama4,zeroshot_judging,Clarity,4,Excellent
FLAT_PROMPTING,ALPHA-AUTOML,TIME_SERIES_FORECAST,57_sunspot,deepseek-r1:14b,zeroshot_CoT,llama4,zeroshot_judging,Completeness,4,Excellent
FLAT_PROMPTING,ALPHA-AUTOML,TIME_SERIES_FORECAST,57_sunspot,deepseek-r1:14b,zeroshot_CoT,llama4,zeroshot_judging,Relevance,4,Excellent
FLAT_PROMPTING,ALPHA-AUTOML,TIME_SERIES_FORECAST,57_sunspot,deepseek-r1:14b,zeroshot_CoT,deepseek-r1:14b,zeroshot_judging,Accuracy,4,Excellent
FLAT_PROMPTING,ALPHA-AUTOML,TIME_SERIES_FORECAST,57_sunspot,deepseek-r1:14b,zeroshot_CoT,deepseek-r1:14b,zeroshot_judging,Clarity,4,Excellent
FLAT_PROMPTING,ALPHA-AUTOML,TIME_SERIES_FORECAST,57_sunspot,deepseek-r1:14b,zeroshot_CoT,deepseek-r1:14b,zeroshot_judging,Completeness,4,Excellent
FLAT_PROMPTING,ALPHA-AUTOML,TIME_SERIES_FORECAST,57_sunspot,deepseek-r1:14b,zeroshot_CoT,deepseek-r1:14b,zeroshot_judging,Relevance,4,Excellent
FLAT_PROMPTING,ALPHA-AUTOML,TIME_SERIES_FORECAST,57_sunspot,deepseek-r1:14b,fewshot+instruction,llama4,zeroshot_judging,Accuracy,3,Good
FLAT_PROMPTING,ALPHA-AUTOML,TIME_SERIES_FORECAST,57_sunspot,deepseek-r1:14b,fewshot+instruction,llama4,zeroshot_judging,Clarity,3,Good
FLAT_PROMPTING,ALPHA-AUTOML,TIME_SERIES_FORECAST,57_sunspot,deepseek-r1:14b,fewshot+instruction,llama4,zeroshot_judging,Completeness,2,Average
FLAT_PROMPTING,ALPHA-AUTOML,TIME_SERIES_FORECAST,57_sunspot,deepseek-r1:14b,fewshot+instruction,llama4,zeroshot_judging,Relevance,3,Good
FLAT_PROMPTING,ALPHA-AUTOML,TIME_SERIES_FORECAST,57_sunspot,deepseek-r1:14b,fewshot+instruction,deepseek-r1:14b,zeroshot_judging,Accuracy,3,Good
FLAT_PROMPTING,ALPHA-AUTOML,TIME_SERIES_FORECAST,57_sunspot,deepseek-r1:14b,fewshot+instruction,deepseek-r1:14b,zeroshot_judging,Clarity,4,Excellent
FLAT_PROMPTING,ALPHA-AUTOML,TIME_SERIES_FORECAST,57_sunspot,deepseek-r1:14b,fewshot+instruction,deepseek-r1:14b,zeroshot_judging,Completeness,2,Average
FLAT_PROMPTING,ALPHA-AUTOML,TIME_SERIES_FORECAST,57_sunspot,deepseek-r1:14b,fewshot+instruction,deepseek-r1:14b,zeroshot_judging,Relevance,3,Good
